{"type":"FeatureCollection","crs":{"type":"name","properties":{"name":"EPSG:4326"}},"features":[{"type":"Feature","geometry":{"type":"MultiPolygon","coordinates":[[[[-0.104150925679572,51.5085440183301],[-0.104684269537331,51.5084052681602],[-0.104675765428944,51.5086146083979],[-0.104150925679572,51.5085440183301]]],[[[-0.0967586335163996,51.5233140396699],[-0.096415369872962,51.5228316719216],[-0.0950902105204137,51.5231090786548],[-0.0943185680833211,51.521484893874],[-0.0924983781743811,51.5214729038188],[-0.0923602467795468,51.5210356121512],[-0.0896733279549815,51.5207189769826],[-0.0899830674427748,51.5199733252714],[-0.0861997313420188,51.5188121095501],[-0.0852326450965759,51.5203483971845],[-0.0831233098925708,51.5198516137617],[-0.0817731359017545,51.5207454022021],[-0.0810408173535679,51.5219730581335],[-0.0785291057043016,51.5215119188801],[-0.0794129529519501,51.5188853309855],[-0.0780990540114851,51.5189786225766],[-0.078173494433389,51.5184712049869],[-0.0768720421523466,51.5166250772225],[-0.0740032846027966,51.514478466161],[-0.0730520769526355,51.511808326193],[-0.0728126744795471,51.5102370525595],[-0.0745446293087759,51.5099541991881],[-0.0755174020911968,51.5097363917387],[-0.0762122515601643,51.5105603869296],[-0.0778556775247856,51.5100854325172],[-0.078814775941371,51.5094607328421],[-0.0790716949456976,51.5090640962812],[-0.0787048497474394,51.5088349379199],[-0.079465009142246,51.5078255959325],[-0.0803128238351506,51.5080751770619],[-0.0803169246446301,51.508075600352],[-0.0854644008761142,51.5086063514349],[-0.087089442933025,51.5089859873021],[-0.0885155900645939,51.5089726240315],[-0.0886428099117543,51.5089714313473],[-0.0918660074240278,51.5094076558705],[-0.0919203141094347,51.5094150052456],[-0.0952308089349295,51.5101799973153],[-0.0951751441562631,51.5106166891027],[-0.0961366136369101,51.5102658470926],[-0.0998065762613371,51.5108169753612],[-0.0998734402015337,51.5108270155986],[-0.108459061987331,51.5108726328147],[-0.108466161985496,51.5108725422668],[-0.111502690035089,51.5108337090581],[-0.111555901893517,51.5117999989423],[-0.112508903162863,51.5127275172068],[-0.111704400673957,51.5131901318496],[-0.111935793019154,51.5136881041189],[-0.111057012329661,51.5138292236145],[-0.111567824442113,51.5153350300017],[-0.113803703413632,51.5182579366281],[-0.10781920575416,51.517766038508],[-0.105290341558648,51.5185548587508],[-0.101749478414867,51.519682908409],[-0.100252195422361,51.5201290469721],[-0.0976628509490756,51.5207125103212],[-0.0975725268688324,51.5211747565752],[-0.0973850105007348,51.5215920929934],[-0.097945359231051,51.5228744259938],[-0.0967586335163996,51.5233140396699]]]]},"properties":{"LAD23CD":"E09000001","LAD23NM":"City of London"}},{"type":"Feature","geometry":{"type":"MultiPolygon","coordinates":[[[[0.0710251793487194,51.5371430398037],[0.0729405284220002,51.5345127298168],[0.072902077702987,51.5337491937771],[0.072889083503736,51.5334911559478],[0.0753416868306916,51.5312037306656],[0.0756531722123066,51.529822114281],[0.0754272444422522,51.5298745544932],[0.0745945833930577,51.529688632089],[0.0745441339401927,51.5296963299147],[0.0744640630874035,51.5296882555705],[0.0742868039097618,51.529634712335],[0.0733256854399541,51.5294056544261],[0.0727454762217297,51.5292747377932],[0.0725769776729165,51.5307512394937],[0.0717562377648518,51.5328974474057],[0.0695253610875015,51.5362621989481],[0.0687713626833771,51.5362069931536],[0.0679550919908522,51.5361961219796],[0.0682729396756217,51.5369897603415],[0.0689061135111038,51.5371930279682],[0.0670843495553701,51.5394660603337],[0.0666844103037253,51.5406482439554],[0.0668927285629328,51.5418656587291],[0.0683036990858661,51.5442534226641],[0.0683616946338665,51.5443903901028],[0.069343822787697,51.5441544095444],[0.069339863477126,51.5440447943873],[0.0685898650864195,51.5420913104727],[0.0690088407512398,51.5414049669589],[0.0684508048403483,51.5407448423615],[0.0693989630492284,51.5402798324711],[0.0690581644172639,51.5388384513974],[0.0704945324432279,51.5384587969254],[0.0710031603174861,51.5371976379901],[0.0710251793487194,51.5371430398037]]],[[[0.148153093952352,51.5967765492749],[0.148066115493633,51.5963564140715],[0.149879933900273,51.5970116765394],[0.151137669958092,51.5954512863256],[0.150619253152612,51.5913744340506],[0.151276598075538,51.5898836755789],[0.150973634032508,51.5838286639678],[0.14856379433479,51.5807750120061],[0.147452002377933,51.5808125583951],[0.147012279510983,51.5757076230252],[0.148039018161371,51.575792138115],[0.147944569813229,51.5731242584531],[0.148988109531544,51.5731491306588],[0.149736009898797,51.5697102828221],[0.146674855399834,51.5694310062223],[0.146703647684621,51.5687966342285],[0.148736447411088,51.56863767512],[0.150414733712369,51.5678417592707],[0.151310465967264,51.5680842977862],[0.154363765796302,51.5661131544118],[0.161893735700278,51.5616168738061],[0.16636792610052,51.5632718234786],[0.168540865226235,51.5635988839765],[0.173401352116817,51.5650930691571],[0.176117781458231,51.5647219914355],[0.178743970957364,51.564940834258],[0.183481321442701,51.5646328263537],[0.185180463309676,51.565513082632],[0.185179273154283,51.5647514922526],[0.183994548015001,51.5638519337577],[0.182665768712343,51.5612427077743],[0.184791816200115,51.5598755262193],[0.184413098077479,51.5576532839405],[0.185039737914464,51.5567915814967],[0.184758725100155,51.5564089261411],[0.185865487146026,51.5563432160949],[0.186936385277378,51.5557831656751],[0.187881083994856,51.5540940021187],[0.190169028841709,51.5527208617518],[0.189598191738071,51.5514570732023],[0.187493161398344,51.5501981414559],[0.18601364212704,51.5475359222481],[0.1826044479021,51.5458344898708],[0.180377631779663,51.5440966510801],[0.179232426985772,51.54029083869],[0.178075658693201,51.5395414196392],[0.17657089623205,51.5392453454728],[0.175073248709193,51.5385129425635],[0.173882834430427,51.5373884279331],[0.17249553690431,51.5357773235924],[0.170789863690154,51.5326341019891],[0.168696354883914,51.5311908404838],[0.165962965775036,51.5287933748298],[0.16444905840584,51.527014304003],[0.162329976802079,51.5223362712806],[0.162282351387461,51.5213710904617],[0.15961339949936,51.5157710832545],[0.158756508323291,51.5122652093097],[0.158749517370411,51.5122639403455],[0.158080106685406,51.5120053649925],[0.151713405958068,51.5127485062604],[0.146565250750366,51.5140990863979],[0.146485130465016,51.5144184564474],[0.145847080846138,51.5143238240991],[0.145074962590463,51.5146245456198],[0.145767557547341,51.5144841853594],[0.145506534900899,51.5151409541874],[0.144264373105692,51.515499992948],[0.143744882208809,51.5150571299394],[0.143257066420894,51.5153624623721],[0.143243098814399,51.5153704001924],[0.139287102995301,51.5176182974687],[0.136279477465461,51.5185566406758],[0.133204285226863,51.5190847102134],[0.132432819757291,51.5188316362735],[0.126741719891295,51.5195712845875],[0.122647714879558,51.5190870311486],[0.118992496740762,51.5181472972177],[0.11428763492506,51.5159830759547],[0.114463881127291,51.5157424758503],[0.108826011133137,51.514166366473],[0.106635394286029,51.5139517033398],[0.101794181634119,51.5145818041799],[0.10106115183637,51.5144508765231],[0.0990551970554438,51.5149483451874],[0.09757208902359,51.5158589119432],[0.0973368970679756,51.5157386518605],[0.0971846416573514,51.5156607982294],[0.0973927683635473,51.515807192789],[0.097513808092779,51.5158923295512],[0.0974787230838042,51.5159126384865],[0.0956204500191587,51.5169882622312],[0.0953139017490465,51.5189141831138],[0.095742550454244,51.5201066317042],[0.0928288618295512,51.5226272095835],[0.0932831949216706,51.5246883726998],[0.0921699617829949,51.5267262319839],[0.0905435382673388,51.52609200285],[0.0898001310128426,51.5266695487597],[0.0888594336957352,51.5268585147256],[0.0857822992966799,51.5259937449308],[0.0833458861586331,51.5271148281086],[0.0810898933245169,51.5277192060927],[0.081002221559416,51.5277762271938],[0.0780897654524107,51.5296703730693],[0.0764018780725976,51.5298159948344],[0.075479046127894,51.5319129928753],[0.0739622012726095,51.5331974613037],[0.0743514355046847,51.5337827574568],[0.0734990312696982,51.5341929139478],[0.07336581379091,51.5342570136866],[0.071305154928711,51.5372281614258],[0.0712820138178278,51.5372788091501],[0.0704513727327909,51.5390966985921],[0.0696764362447619,51.5387825830099],[0.069467397011134,51.5389746693693],[0.0699257804833076,51.540846078976],[0.0689281631463523,51.5420619645158],[0.0693378076637098,51.5425246138177],[0.0692442742290443,51.5435626819057],[0.069713462113998,51.5439615250949],[0.069711435332933,51.5440660785749],[0.0718098413476553,51.5435618414325],[0.0719570902737821,51.5438108763677],[0.0755489080110188,51.544011219226],[0.0768099712896189,51.5445849142884],[0.0770330614517716,51.5443795028853],[0.0774939842211705,51.5445735144884],[0.0779600410347074,51.5440520016689],[0.0800638961227347,51.5447723558444],[0.0815125276472448,51.5451697083331],[0.0816600297632333,51.5455846309554],[0.0858920099981717,51.5473443940811],[0.0885001748522584,51.5477416502803],[0.0915367626289642,51.5483027906754],[0.091704325393476,51.5491096242984],[0.0926082637843222,51.5496497004866],[0.0922677123785687,51.5486370513734],[0.0935197644735265,51.5458578943684],[0.0997685923827312,51.5484266631992],[0.104316248210586,51.5498418773243],[0.106131546667101,51.5509449133598],[0.107456041875476,51.5520023136201],[0.108318691080143,51.5521568495689],[0.108418923121705,51.5526962585527],[0.111139441785709,51.5524845723146],[0.111946500144236,51.5526689571028],[0.112354343080321,51.5535016446564],[0.114742939156256,51.555318017369],[0.112737337980796,51.5565250340471],[0.11327287260786,51.5572667549531],[0.117084962182422,51.5569118791328],[0.117085043058467,51.5574176508584],[0.118901016628217,51.5573709910212],[0.120491599554835,51.5585734675048],[0.117486903589319,51.5591803095652],[0.119745551654053,51.5625073450707],[0.118877678684053,51.5627327337217],[0.119051087716779,51.5630518219428],[0.12502855734482,51.5643409793247],[0.127680076814031,51.5661611824731],[0.129324285273829,51.5665254447057],[0.129659209964429,51.5681112019125],[0.130459106946623,51.5702817515393],[0.130423208865367,51.5706700559797],[0.130026134177711,51.5707301505592],[0.129906952553102,51.5715383936018],[0.131578541181193,51.5718243720301],[0.130909699401323,51.5733421692673],[0.13009987732425,51.5730644332487],[0.129443523032527,51.5739444429828],[0.129191022343564,51.5763123388046],[0.131643362720049,51.5770853049748],[0.130823841436869,51.5793654562338],[0.133567347777831,51.5799536509515],[0.132555277913465,51.5813066138983],[0.127759038931832,51.5816363840294],[0.128092527625584,51.5828333606666],[0.127662365447979,51.5838785192447],[0.127258715353732,51.5839258515414],[0.126386612488677,51.5867252210564],[0.13102192079694,51.587524239795],[0.129573872052847,51.5900455794785],[0.137595192673804,51.5938940604831],[0.14193543321104,51.5965591748624],[0.146599887190742,51.5994359408699],[0.14820590165784,51.5989684651636],[0.147649118923652,51.5967943298447],[0.148153093952352,51.5967765492749]]]]},"properties":{"LAD23CD":"E09000002","LAD23NM":"Barking and Dagenham"}},{"type":"Feature","geometry":{"type":"Polygon","coordinates":[[[-0.199005120863848,51.6682065551987],[-0.196614117048089,51.668146485054],[-0.1961592905036,51.6685297470848],[-0.194852198944838,51.6683055014376],[-0.196664873412981,51.6654818711398],[-0.192530834671873,51.6647492841243],[-0.191066699360921,51.6638967053238],[-0.187790359008672,51.6678792949985],[-0.185804286829366,51.6685095580877],[-0.181960815257973,51.6686831956154],[-0.185418360023203,51.6635363051872],[-0.185865830553031,51.6628363033917],[-0.175562038131118,51.6605995788209],[-0.165094435804148,51.6582599977634],[-0.163545248331555,51.6582069769806],[-0.160438298208452,51.6567640005151],[-0.154731838818758,51.6555451451849],[-0.154617002987458,51.654978969983],[-0.153597680161817,51.6545400228959],[-0.153394151370422,51.6533054976148],[-0.154194094765218,51.6529661058031],[-0.154003874045977,51.6525899233207],[-0.153528050372264,51.6527061337735],[-0.152559219537259,51.6514582906188],[-0.152255166652095,51.6498246225148],[-0.150945059827264,51.6500865323182],[-0.149867893303145,51.6488102893654],[-0.152227734646964,51.6479665390071],[-0.152305333335256,51.6476366610228],[-0.151073662911712,51.6472437422223],[-0.152121725260164,51.6458006769613],[-0.151553768084585,51.645631576356],[-0.151633768800624,51.6453236123378],[-0.149177112640303,51.6453146088525],[-0.147828669765554,51.6420665149674],[-0.145018211811139,51.6426319343911],[-0.142287195835033,51.6393104428116],[-0.140218565378925,51.637491197161],[-0.138390317321999,51.6365264465125],[-0.134519087894358,51.6346943462426],[-0.134419873045012,51.633968768835],[-0.133973004242258,51.6340395731024],[-0.133268988148714,51.6332675843205],[-0.131151513163669,51.6325555124102],[-0.129093931888576,51.6322654489497],[-0.129777355277638,51.6309630313126],[-0.130164336884496,51.6310211074658],[-0.131140467535019,51.6296862524073],[-0.130433723336039,51.6293160590113],[-0.132382695136261,51.6271929271566],[-0.133367605018605,51.6263829987356],[-0.135038624367985,51.6223521411966],[-0.13550408904142,51.6223998269884],[-0.135414260825638,51.6217731822635],[-0.140510959970912,51.6178124974202],[-0.141280141848118,51.6175363087451],[-0.142033436761903,51.6162803131503],[-0.144495116086128,51.61550901254],[-0.13870599645949,51.6101857871696],[-0.143425303305972,51.6088310612988],[-0.143146734454601,51.6067182345436],[-0.141972983318121,51.603708787002],[-0.144171947680585,51.6010961153395],[-0.144470072322305,51.6001217846644],[-0.151330701481231,51.5974710999655],[-0.15294554604048,51.5991881427202],[-0.15340602278781,51.6028464369709],[-0.154673213688396,51.6042305826302],[-0.156082676176402,51.6051160768243],[-0.155863177309527,51.6054654953953],[-0.156340779674966,51.6053689288469],[-0.161761100843511,51.597478859747],[-0.159691068413208,51.5922272410468],[-0.158864204228314,51.592318982632],[-0.158685868117782,51.5919984468094],[-0.159431936973187,51.5915739294485],[-0.159755919169429,51.5897209438603],[-0.160161454713532,51.5896976205151],[-0.160234507311411,51.5879892193767],[-0.158630009713532,51.5880015589068],[-0.158679520180216,51.5866333502575],[-0.157400641593501,51.5865584842242],[-0.157130981863992,51.586191395252],[-0.157896820195769,51.5862099214159],[-0.157940622793892,51.585735985534],[-0.159617383637859,51.5844628864479],[-0.161339671284794,51.5852841266657],[-0.163070347355115,51.5843696587714],[-0.164580203367314,51.5839581716374],[-0.165721240568509,51.5832239576748],[-0.166190268347306,51.5820442621964],[-0.167036148691484,51.5817553222667],[-0.166812967212486,51.5786566223343],[-0.168063030081805,51.5769289526099],[-0.16931434680921,51.5774161935901],[-0.169705073518353,51.5763694982365],[-0.169444153912888,51.5739659882075],[-0.171199017776056,51.5735737886713],[-0.17123183297214,51.5724182514717],[-0.173376244818278,51.5710873097618],[-0.17371380158551,51.5699027892435],[-0.174381521111108,51.5692561545066],[-0.178121993180716,51.5705126685087],[-0.178303613645725,51.5700169149324],[-0.180986768865558,51.5696729196897],[-0.180817586719776,51.5694045045672],[-0.182112167413734,51.568726020876],[-0.183672475063841,51.5679568470063],[-0.183387915108403,51.5677676200469],[-0.183760636968241,51.5674682849277],[-0.18614246183503,51.566923401369],[-0.187142764903119,51.5661555989774],[-0.189645232895486,51.5652165185238],[-0.190346428902951,51.5628715401687],[-0.19112299287364,51.5616561060988],[-0.192289418180666,51.5615566878419],[-0.194826941676313,51.5604838797695],[-0.196725787066427,51.5606974779185],[-0.196774850407015,51.5591546255971],[-0.197499322530845,51.5588659138918],[-0.197910579489715,51.5591298807068],[-0.198306945833702,51.5588578871156],[-0.199511261882767,51.5570754663274],[-0.199371628065116,51.556190033075],[-0.205779562107332,51.5553185786636],[-0.205967497609692,51.556430322673],[-0.208837483626681,51.5557255348436],[-0.210010591854248,51.5567513775583],[-0.213486677002519,51.5551909329255],[-0.218498233039517,51.5593360561203],[-0.220660399305213,51.5616640869188],[-0.225464942627918,51.5658676183187],[-0.228794004019311,51.5679708764417],[-0.232249098463514,51.5709594372168],[-0.233417227576263,51.571982958421],[-0.234560992285474,51.5717735323391],[-0.235668614335251,51.5723099774697],[-0.235479758486623,51.5725473971119],[-0.235858759997574,51.5722978233791],[-0.23761156579389,51.5724660653035],[-0.238159982366927,51.5720711831644],[-0.237990483250151,51.571777289288],[-0.238849228716783,51.5722376346032],[-0.240010090011367,51.5720945108057],[-0.240049870738549,51.572382170391],[-0.241131123645669,51.5721297974652],[-0.241374431492776,51.5727190307247],[-0.242452565757022,51.5728158290585],[-0.242428363346831,51.5725004699145],[-0.243895903081476,51.5723063575725],[-0.244199171346343,51.572584495848],[-0.245216880099671,51.5719169548744],[-0.245962667620594,51.5722162839245],[-0.246733635777421,51.5715883446451],[-0.245966343869141,51.5710081908228],[-0.2465495696977,51.5700241373046],[-0.246071573779433,51.5698077434983],[-0.246541017432054,51.5690348808411],[-0.247361599809296,51.5689572579325],[-0.247001614371345,51.5686189216125],[-0.248565277964657,51.5685111936212],[-0.249330575691951,51.5688702101476],[-0.252514167958524,51.5715182829323],[-0.253052793820057,51.5723953046759],[-0.251265214614301,51.5731536153072],[-0.252679244398851,51.5751435324359],[-0.254544563548069,51.5797719808722],[-0.254264459518889,51.5816690137828],[-0.25172870822786,51.5833759029127],[-0.248234179694855,51.5843137322831],[-0.249504913988761,51.585566089919],[-0.252944572702507,51.5889007427636],[-0.257547662243722,51.5921754388961],[-0.259777012154832,51.5941939133028],[-0.262333745701053,51.5963478459201],[-0.267113115479641,51.6003719685842],[-0.278348902999475,51.6097853642648],[-0.281030197237065,51.612272394832],[-0.287385119527708,51.6170159016668],[-0.292643324982894,51.6217429466468],[-0.304460793558934,51.6320336651085],[-0.305573663802058,51.6341206603239],[-0.304449971011893,51.6363487201659],[-0.303784689045184,51.6364850558667],[-0.302620968997866,51.6362076906198],[-0.296127205630224,51.6354469653632],[-0.294382597543803,51.635650047203],[-0.291867558485993,51.6364784662884],[-0.287786832650225,51.6365125632587],[-0.285500176721203,51.6369485325338],[-0.28387424646369,51.6377952526172],[-0.281390928969936,51.6383461146964],[-0.278612807381389,51.6383233536339],[-0.276475033650898,51.6388683962763],[-0.273713530385737,51.6386739655432],[-0.274176434703741,51.6393075587936],[-0.27312203907596,51.6411939601688],[-0.272866445154397,51.6420993529716],[-0.270037138905131,51.6420873258208],[-0.268246627280267,51.6423864314828],[-0.268345972231187,51.643833937248],[-0.266767227976553,51.6441109757846],[-0.265211082204105,51.6440205479919],[-0.264358899528236,51.6436274858195],[-0.263272164999239,51.6448334996265],[-0.261604602792804,51.6439923285729],[-0.2604490343255,51.6425390473674],[-0.257354301440047,51.641839642219],[-0.256171858914578,51.643491678556],[-0.255487528073978,51.6432450673061],[-0.254489449259822,51.643679809185],[-0.251557001565979,51.6479525884127],[-0.249856145675694,51.6546148880355],[-0.250791240021856,51.6548096203918],[-0.251250273793045,51.6555394257913],[-0.250582589477333,51.6560573522745],[-0.249348030054731,51.6560578127185],[-0.247865582018048,51.6552479019306],[-0.243624611973949,51.6566889241278],[-0.241365239399911,51.6572045298421],[-0.240993549202101,51.656835589146],[-0.239199189671191,51.657399478331],[-0.237971197199423,51.6577893556457],[-0.238275671849752,51.6582498017596],[-0.236677988392643,51.6587752522398],[-0.234707346012114,51.659001014554],[-0.234227502797294,51.6582527699324],[-0.228919311402986,51.659975810306],[-0.228488873656063,51.6599657203754],[-0.2280579578421,51.6585915099389],[-0.226462691430813,51.6571618666928],[-0.226044059825656,51.6576258884097],[-0.219800914371436,51.6606607431215],[-0.219247443194306,51.6607997825538],[-0.218894639893316,51.6600615826246],[-0.213393268921577,51.6623780111558],[-0.212135030723747,51.6613535283696],[-0.207863695984533,51.6628611807608],[-0.211133866333014,51.6669549343179],[-0.209838804027539,51.6675628658617],[-0.207959490147344,51.6665944951527],[-0.205634457200867,51.6686012041245],[-0.202229936070325,51.6678054034182],[-0.202608428278622,51.6693147430748],[-0.203352928676407,51.6701264989751],[-0.199871677333062,51.6701702737025],[-0.199005120863848,51.6682065551987]]]},"properties":{"LAD23CD":"E09000003","LAD23NM":"Barnet"}},{"type":"Feature","geometry":{"type":"MultiPolygon","coordinates":[[[[0.199285347505183,51.4584238521042],[0.199002217304782,51.4581188964058],[0.198563202771134,51.4582998012337],[0.199285347505183,51.4584238521042]]],[[[0.201803030884304,51.48002686526],[0.202053018022505,51.4790166334893],[0.201038183114076,51.4788337914494],[0.200102010585482,51.4784151906221],[0.198687291828232,51.4783320134414],[0.2001293579888,51.4789079571909],[0.200519936973716,51.4797502194991],[0.20111593050303,51.4795203160072],[0.200628211074068,51.4798092514829],[0.201301089976841,51.4801642643491],[0.201803030884304,51.48002686526]]],[[[0.132223291811855,51.5122718250121],[0.137262637530488,51.5100074495135],[0.137458566540524,51.5102062272067],[0.146860333965117,51.5066708306166],[0.147923719651649,51.506821344103],[0.14799544257594,51.5064468220958],[0.148538190350211,51.5064508281277],[0.149453089675089,51.5058657220916],[0.149786613957745,51.5058641113812],[0.149913934523662,51.5063950654385],[0.151316313155611,51.5063141656535],[0.151366651207864,51.5063160750782],[0.152841070572804,51.5063719992555],[0.153945575817153,51.506050022941],[0.160339028947168,51.5054770423231],[0.164485707189892,51.5045377715808],[0.1665770316036,51.5034546315396],[0.170022250890149,51.5000594512407],[0.17087165611174,51.498834398492],[0.171646211680811,51.4977172364771],[0.171979875202169,51.4947327459326],[0.17198024481089,51.49472852665],[0.171983720444417,51.4946887840701],[0.172496430962687,51.4888260767397],[0.173525734437001,51.4873608954139],[0.174134939402031,51.4867843774476],[0.174537109515027,51.4869266560984],[0.175290726889736,51.4861014879488],[0.174894939365419,51.4859721338854],[0.175177863895034,51.4852595681993],[0.176065315078163,51.4852484948358],[0.178087645332059,51.4835444981278],[0.177631115225784,51.4831829175509],[0.177871976205974,51.4830237633188],[0.178343971539201,51.4833774115332],[0.183319585920666,51.4811545869343],[0.18660674280718,51.4804322990636],[0.190311123730561,51.4797294361998],[0.19045351180747,51.479034754365],[0.190847989675224,51.4797522287887],[0.192723230679277,51.4797679783903],[0.193016906895343,51.4793753290776],[0.19380723216261,51.4793227694384],[0.195511420908914,51.4796753220162],[0.195956081999442,51.4794579010617],[0.197280193517514,51.4796484761412],[0.197510035947757,51.4794714977693],[0.197078378659678,51.4792556579571],[0.198566378327607,51.4796792196563],[0.198940360928118,51.4794298383469],[0.198276366506372,51.4793244789397],[0.197857583794202,51.4787927380618],[0.197800488575066,51.478798110079],[0.197441093597526,51.4784430661172],[0.198920669717167,51.4792602354304],[0.199293948668483,51.4800905946443],[0.200582093141549,51.4800656153795],[0.200115456379696,51.4789482380296],[0.199166701059073,51.4786151220543],[0.19936845371727,51.4789195358711],[0.198585836285015,51.4783037887649],[0.199646688169237,51.4783212113973],[0.200090141115903,51.4783780913776],[0.200644229371538,51.4785340671738],[0.201037429761193,51.4788032285177],[0.202149696683739,51.4789905357772],[0.201858780930437,51.4801853587712],[0.203216069166807,51.4803455725546],[0.202087792680435,51.4802750373923],[0.20226465086475,51.4805972717859],[0.204786934387325,51.4808421508356],[0.202860236065569,51.4795977231245],[0.205067050150853,51.4808863462481],[0.205551305438134,51.4804455601351],[0.206309161983215,51.4807190871411],[0.20634502437491,51.4812822920286],[0.209216964815308,51.481816378322],[0.209605961975445,51.4816399740661],[0.210346792245951,51.48248307518],[0.211681560041074,51.4827115190209],[0.217665422548806,51.4804113160003],[0.2167205942898,51.4801737695053],[0.215988645990343,51.4794852222104],[0.216418949825956,51.4774668928984],[0.216244927669669,51.4780890153638],[0.216274007540862,51.4774716107945],[0.215661047859748,51.4768599530274],[0.211902626923108,51.4758292397934],[0.211266671151005,51.4752764671524],[0.21135614048268,51.4732279856904],[0.208856481808598,51.4717454268886],[0.208160312797764,51.4708385722376],[0.211014625901593,51.4684339960463],[0.210950847274005,51.467354247585],[0.209979085597891,51.4655704903455],[0.21023964061532,51.4625018557128],[0.207503722914299,51.461597523586],[0.204436935833428,51.4599790452329],[0.202613449259571,51.4583451787075],[0.200853029240754,51.4584329911022],[0.200834231456411,51.4584345509062],[0.199071910696301,51.4585807415126],[0.198376731334124,51.4583887341991],[0.197252196423701,51.4575891546509],[0.197562593227861,51.4575028538361],[0.198373142123813,51.4582390633705],[0.198894517887269,51.4579896149769],[0.198016793007495,51.4570087122859],[0.19958332788718,51.4583786910282],[0.203048888119508,51.4579521330211],[0.203235718959409,51.4576050265124],[0.20260814849742,51.4562301154661],[0.20387377151109,51.4558034314602],[0.203235722037299,51.4549286986517],[0.203385207576653,51.4543260518327],[0.202486426218535,51.4538653914453],[0.201971660664481,51.4541012298226],[0.201337468621385,51.4538442335502],[0.201261783111479,51.4533478811244],[0.200635196123158,51.4531739227219],[0.200237813875979,51.452557693902],[0.1997484454986,51.4527228986466],[0.199107017348611,51.4521197794258],[0.197409787918807,51.4517707094181],[0.196289589365142,51.4524769283934],[0.194192540851224,51.4516456703854],[0.19385517836432,51.4519195282054],[0.193053839014512,51.4517024870602],[0.192083488328661,51.4508420336828],[0.191012191202743,51.4487877160226],[0.188830163584462,51.4491032338921],[0.188460007046674,51.4485862979989],[0.187641723429873,51.4487207219924],[0.187390196804823,51.4468764512133],[0.184150370525654,51.4446431856444],[0.183567621087751,51.4447812909032],[0.182685284892229,51.4443714548299],[0.181019633009689,51.4441785299793],[0.180844628632623,51.4435262008298],[0.179579740300988,51.4430897361308],[0.17871582408613,51.443518121132],[0.176037885170179,51.4419945436792],[0.172844869107023,51.4432871518183],[0.170902760779634,51.4412075238402],[0.170894950733084,51.4411972608124],[0.168714311257189,51.4374799358302],[0.166689981205234,51.4350514482154],[0.166851115352684,51.4320720363205],[0.166095598445861,51.4314301379655],[0.166693507747771,51.4312958298756],[0.166209621321269,51.4302822625524],[0.165589765298988,51.4303485545848],[0.164216990841068,51.4285464658246],[0.163831624947885,51.428609414324],[0.163923036810235,51.4289323785055],[0.160695336663737,51.4296745013695],[0.159837203058819,51.4292028460378],[0.15908557108841,51.4302248169483],[0.158632115920113,51.4301270805001],[0.155875040956964,51.430876583241],[0.155300627712562,51.4289751975687],[0.153763537931545,51.4275232357254],[0.153134959839768,51.4223222793791],[0.15285124322791,51.42170336132],[0.151158883829316,51.4204304354257],[0.154636645664461,51.4184698766412],[0.154094273164666,51.4177621233273],[0.151055532853955,51.4176156524687],[0.151154246429671,51.4150633714682],[0.149159930322975,51.4124352235141],[0.149751903084588,51.4116581810167],[0.153770119500224,51.4112651359723],[0.152932433172376,51.4087084822957],[0.15159501461189,51.4086772162936],[0.149311804229133,51.4091409564132],[0.148989832047652,51.4086234299371],[0.148869410494427,51.4084291289347],[0.139180024281577,51.4115968422211],[0.132844787675707,51.4142468805549],[0.128270322936996,51.4149590724343],[0.126514242957538,51.4146755195094],[0.125434543800877,51.4147788323734],[0.119920305924758,51.4133997338683],[0.11312430922989,51.4129061187317],[0.107598215900694,51.4140935225177],[0.104482870249408,51.4152247334234],[0.0951282889558978,51.4200833602833],[0.0892238063735615,51.423993878504],[0.0832131044388571,51.4298686449399],[0.081162044772531,51.4306455140635],[0.0753602122612816,51.4319866522164],[0.0746680798001108,51.4321472415761],[0.0761056388234885,51.4332835477066],[0.0756920313870994,51.4336248969515],[0.0764001647655487,51.4340056833915],[0.0759019857483747,51.4344583088098],[0.076530870048154,51.434855679417],[0.0749732031952865,51.4358667177193],[0.0765691086539887,51.4368717100339],[0.0778399150207355,51.4364424259624],[0.0784385265923668,51.4370931735567],[0.0784572557022594,51.4371129342938],[0.0784667595926343,51.4371232371067],[0.0788244236346721,51.4381392117447],[0.0808830128369601,51.4404039497795],[0.0818128139045854,51.4399683707908],[0.0844606568880198,51.4419767634739],[0.0829935572615223,51.442733600757],[0.0830184540572312,51.4434199937318],[0.0847342237039473,51.4426034772458],[0.0863062917504783,51.4432424835477],[0.0874267537477507,51.4432843433436],[0.0863698648845979,51.4453071879978],[0.0874145751085642,51.4457471011067],[0.0880752763348888,51.4474957747111],[0.0878718648863857,51.4487035556909],[0.0868550715744836,51.450434622738],[0.0857321771216053,51.4564503101946],[0.0815043620614526,51.4577527987835],[0.0788814406827624,51.4591287222242],[0.0786718506013547,51.4592901245561],[0.0829421262209515,51.4598295045795],[0.0822559652975657,51.4611312736842],[0.0826285401433043,51.4635844348975],[0.0821338303912459,51.4647607134243],[0.0823130742087601,51.4666413154462],[0.0832384141381482,51.4664770012885],[0.0848085180654865,51.4687299520871],[0.0870533330425957,51.4699702382851],[0.0891258111653671,51.4704543046796],[0.0913142137341769,51.4720709527456],[0.0931999206249991,51.4729540369185],[0.094484336193004,51.4732681451158],[0.0965751296281432,51.4732538433863],[0.098244270803385,51.4754524212105],[0.100257019805275,51.4752278852917],[0.102005022359293,51.4744637994557],[0.102507532877671,51.474916516205],[0.103352122161261,51.4745859424581],[0.104903742646543,51.475527679272],[0.105202815614107,51.4752376957443],[0.105654772306221,51.4754573525991],[0.106176221247785,51.4750163106561],[0.108189975969121,51.4761168068197],[0.111985588823406,51.4730724339197],[0.112477040296167,51.4734210177073],[0.114011353800994,51.4751703365493],[0.115509656416705,51.4761681515638],[0.118471348826992,51.4789031354896],[0.120899831917502,51.4784543008303],[0.124191087369442,51.4768490194697],[0.122030983008983,51.482872684418],[0.122044684713817,51.482994744788],[0.122056599256171,51.4832113630807],[0.121297276515248,51.4910313054907],[0.121296819006836,51.4911032190166],[0.120975422868598,51.5008002965361],[0.120527379275315,51.5110987137327],[0.120216178431184,51.5114473807054],[0.120222238402063,51.5114485517335],[0.125051166702628,51.51299199986],[0.128940175238202,51.5132173078737],[0.132223291811855,51.5122718250121]]]]},"properties":{"LAD23CD":"E09000004","LAD23NM":"Bexley"}},{"type":"Feature","geometry":{"type":"Polygon","coordinates":[[[-0.262333745701053,51.5963478459201],[-0.259777012154832,51.5941939133028],[-0.257547662243722,51.5921754388961],[-0.252944572702507,51.5889007427636],[-0.249504913988761,51.585566089919],[-0.248234179694855,51.5843137322831],[-0.25172870822786,51.5833759029127],[-0.254264459518889,51.5816690137828],[-0.254544563548069,51.5797719808722],[-0.252679244398851,51.5751435324359],[-0.251265214614301,51.5731536153072],[-0.253052793820057,51.5723953046759],[-0.252514167958524,51.5715182829323],[-0.249330575691951,51.5688702101476],[-0.248565277964657,51.5685111936212],[-0.247001614371345,51.5686189216125],[-0.247361599809296,51.5689572579325],[-0.246541017432054,51.5690348808411],[-0.246071573779433,51.5698077434983],[-0.2465495696977,51.5700241373046],[-0.245966343869141,51.5710081908228],[-0.246733635777421,51.5715883446451],[-0.245962667620594,51.5722162839245],[-0.245216880099671,51.5719169548744],[-0.244199171346343,51.572584495848],[-0.243895903081476,51.5723063575725],[-0.242428363346831,51.5725004699145],[-0.242452565757022,51.5728158290585],[-0.241374431492776,51.5727190307247],[-0.241131123645669,51.5721297974652],[-0.240049870738549,51.572382170391],[-0.240010090011367,51.5720945108057],[-0.238849228716783,51.5722376346032],[-0.237990483250151,51.571777289288],[-0.238159982366927,51.5720711831644],[-0.23761156579389,51.5724660653035],[-0.235858759997574,51.5722978233791],[-0.235479758486623,51.5725473971119],[-0.235668614335251,51.5723099774697],[-0.234560992285474,51.5717735323391],[-0.233417227576263,51.571982958421],[-0.232249098463514,51.5709594372168],[-0.228794004019311,51.5679708764417],[-0.225464942627918,51.5658676183187],[-0.220660399305213,51.5616640869188],[-0.218498233039517,51.5593360561203],[-0.213486677002519,51.5551909329255],[-0.203700949695321,51.5469623947474],[-0.203502884364712,51.5467760318189],[-0.203432400717816,51.5467093074744],[-0.201918606288312,51.5452841753812],[-0.191467608561554,51.53629235907],[-0.193016132577393,51.5339498432686],[-0.192347014575535,51.5332608571993],[-0.192997934912252,51.5319835615669],[-0.196479321959949,51.5276386365623],[-0.197339740607098,51.5278926221336],[-0.197801829405802,51.5278996101356],[-0.198174940299363,51.5304179671362],[-0.201079967472329,51.5319058561466],[-0.20167541569191,51.5325599962437],[-0.203013026994402,51.5328955550504],[-0.203061890380871,51.5328950508312],[-0.207814035554874,51.5327920078569],[-0.211186423402787,51.5319254424504],[-0.215266647764194,51.5313605605102],[-0.21510696879434,51.530170176938],[-0.215855751894516,51.5297523904298],[-0.216020723983129,51.5279203611675],[-0.217791000545462,51.52860042532],[-0.223728265491944,51.5299467919724],[-0.225433971441795,51.5301603022891],[-0.227659506765089,51.5299143230107],[-0.22756201378156,51.5301546001396],[-0.228440758153743,51.5303191572033],[-0.230717348005316,51.5308699841631],[-0.233821247474086,51.5323311159152],[-0.234409495958749,51.5326382757451],[-0.237528634817977,51.5320050201377],[-0.243236010560196,51.5317648416297],[-0.246281570983423,51.5327375103472],[-0.247265526070007,51.5334898613325],[-0.250752237107332,51.5341474336698],[-0.250877874536536,51.533879504732],[-0.255644957835788,51.5339789827437],[-0.255985074110447,51.5339498856611],[-0.256545918476375,51.5349662940534],[-0.257740996366156,51.5353673139132],[-0.260353373764622,51.5344927692733],[-0.263318394674117,51.5326684633044],[-0.264760943844658,51.5321584420273],[-0.264866861432509,51.5315716357175],[-0.266251288494755,51.5306872004339],[-0.26857417728811,51.5298226833431],[-0.269680388783758,51.5300016104971],[-0.270271216631839,51.5297667070564],[-0.27044563007722,51.5300465959661],[-0.274570643111017,51.5295586321472],[-0.279224530348024,51.5287808167568],[-0.280371852466567,51.5283467935411],[-0.282957482400945,51.5288459065133],[-0.285725746983936,51.5291719736569],[-0.289382581578878,51.5316828401759],[-0.284012385062602,51.5335316189504],[-0.283479177993753,51.5328079581905],[-0.281484072796813,51.5332309755074],[-0.280959450006156,51.5325881441905],[-0.278964094642898,51.5332275033455],[-0.278485381698495,51.5345832595112],[-0.278116622846963,51.5345507299256],[-0.277769393804216,51.5350715124672],[-0.281817393753696,51.5381067352923],[-0.282457376588103,51.5386486768895],[-0.28662990656124,51.536784036138],[-0.293396270410537,51.5349280503785],[-0.295165606298529,51.5348771550293],[-0.295755469146931,51.535291191592],[-0.29644758037209,51.5352586931369],[-0.299852310864077,51.5330823616372],[-0.302704988863715,51.5319865313193],[-0.307453582279767,51.5330870588732],[-0.306264604133883,51.5341769908979],[-0.305948608561015,51.5393669347181],[-0.30471803763841,51.5398588726963],[-0.308517711348242,51.5431986997051],[-0.30798663079506,51.5444140818519],[-0.308875232096934,51.5452073388928],[-0.30711297450527,51.5453298315754],[-0.308646363923526,51.5464674091861],[-0.311479130831358,51.5475661852234],[-0.312526297881848,51.5490280869369],[-0.317660624976379,51.5515685234667],[-0.327006121250583,51.5550308130558],[-0.335555531666752,51.556556900043],[-0.334857082126507,51.5578663745838],[-0.333930197310544,51.5576981992684],[-0.334034842324087,51.5587546624295],[-0.331264837354128,51.5614142892766],[-0.330042382729354,51.5622313972783],[-0.328237078551993,51.5625405953484],[-0.328672097370254,51.5659749842054],[-0.329689402526453,51.5661927211031],[-0.329849338123979,51.5671282189233],[-0.325051402557729,51.5682592373927],[-0.325216392497237,51.5684573243128],[-0.322148244821014,51.5696770571547],[-0.324804688150537,51.5733143219007],[-0.325352451810086,51.5759356326891],[-0.326587520367022,51.5782900170907],[-0.326634185132864,51.5786006739146],[-0.320199754188027,51.5803748930591],[-0.317025089189847,51.5820750923817],[-0.31253249193528,51.5844525810145],[-0.30678464014985,51.586515437538],[-0.304696795432772,51.5870525533089],[-0.301447504787293,51.5872714893535],[-0.28245801200774,51.5850516648197],[-0.282333959135817,51.5858399140231],[-0.284197440660582,51.590495538519],[-0.28563943939032,51.5918967304744],[-0.288934236464643,51.59282119651],[-0.290405901610672,51.5935438017632],[-0.287051822242211,51.5945628328865],[-0.286248533176676,51.5949363421391],[-0.285774999335346,51.594728703035],[-0.285568620796434,51.5952106868201],[-0.283353330016794,51.5957428264558],[-0.276510294245565,51.5965099196607],[-0.276964355852371,51.5969372666886],[-0.273067314998928,51.5983867005815],[-0.270988838732912,51.598384005437],[-0.267113115479641,51.6003719685842],[-0.262333745701053,51.5963478459201]]]},"properties":{"LAD23CD":"E09000005","LAD23NM":"Brent"}},{"type":"Feature","geometry":{"type":"Polygon","coordinates":[[[0.0451373738549074,51.4362381428824],[0.0479982652794131,51.4336000151943],[0.0510577569492854,51.4315251363519],[0.0544324453067392,51.4279331027267],[0.058207379616515,51.4248715080052],[0.0585990620550009,51.4245946518356],[0.0610068482120784,51.4250818947805],[0.061705411141948,51.4237003708481],[0.063138160633435,51.4241350479918],[0.0644616964566987,51.4250338746644],[0.0641569329319799,51.4253335751294],[0.0665810085079252,51.4260085028313],[0.066619033298759,51.4265034960436],[0.0717008090370033,51.4294426384235],[0.0734763749362372,51.4312492369885],[0.0730791287240753,51.4313550454033],[0.0733554844347398,51.4317607505638],[0.0743742677066567,51.4314615786149],[0.0748608669272029,51.4308144156442],[0.0753602122612816,51.4319866522164],[0.081162044772531,51.4306455140635],[0.0832131044388571,51.4298686449399],[0.0892238063735615,51.423993878504],[0.0951282889558978,51.4200833602833],[0.104482870249408,51.4152247334234],[0.107598215900694,51.4140935225177],[0.11312430922989,51.4129061187317],[0.119920305924758,51.4133997338683],[0.125434543800877,51.4147788323734],[0.126514242957538,51.4146755195094],[0.128270322936996,51.4149590724343],[0.132844787675707,51.4142468805549],[0.139180024281577,51.4115968422211],[0.148869410494427,51.4084291289347],[0.148692037924609,51.4081307270094],[0.151099873547956,51.4066422218383],[0.152822362211358,51.4062733505864],[0.155249223060631,51.4039714722875],[0.154967101370069,51.4036592056607],[0.155513813492239,51.4035753351912],[0.156434915160349,51.4024936285155],[0.157360886960557,51.4007832019148],[0.157728504821358,51.3981469418188],[0.15898031715939,51.3958209230929],[0.162384150043184,51.3924903029428],[0.161313218509312,51.3923697298841],[0.158274087234553,51.3922395722775],[0.147741030714359,51.3928010027283],[0.147725411546702,51.3926115078302],[0.147534011759946,51.3921564380212],[0.149835516801163,51.3908723401327],[0.148654257106024,51.3886683456462],[0.149416668543724,51.3878548707339],[0.148901776858004,51.3875720521522],[0.150458880089113,51.3860183060189],[0.149992073003474,51.3858407826408],[0.149800010647929,51.3848704144476],[0.14978694337582,51.3836710149656],[0.1504662276734,51.3834471780721],[0.150373220455583,51.3810928005915],[0.149608570969833,51.3810896753033],[0.149613395331933,51.3800895975293],[0.151133428458859,51.3798962459868],[0.150974687631566,51.3790852720694],[0.152353002831715,51.3786903355326],[0.152189840663178,51.3783363309282],[0.153236329516732,51.3780364888138],[0.152537091460999,51.3752300683291],[0.151736259913966,51.3754363910715],[0.149600418363283,51.3735826174689],[0.150833863953741,51.3729205361226],[0.151206211688976,51.3721869833313],[0.150126949996477,51.370157348992],[0.152057738933261,51.3696937056142],[0.151619790687987,51.368378896254],[0.15102520620421,51.3683224054087],[0.14943809752995,51.369162803923],[0.148876541579436,51.3681235706844],[0.147280235929356,51.3670144137815],[0.148347764670005,51.3663715863865],[0.145048581649698,51.3628510029606],[0.145391447302289,51.3625029815639],[0.144501081888825,51.3610614891315],[0.144562772120168,51.360690755656],[0.145389434623396,51.3603374576136],[0.144848184887938,51.3584354477862],[0.145895465831357,51.3582246432263],[0.145653989302214,51.3572056741517],[0.145114129801566,51.3557641359685],[0.144046448987299,51.3548619114192],[0.143631409872123,51.3530178165691],[0.143140256627824,51.3530492959728],[0.14287646719203,51.3526593536329],[0.142620096764069,51.3507349374734],[0.140984260727744,51.3501461691963],[0.141287335694189,51.3497791055324],[0.138713674263771,51.3475248782085],[0.139493083928417,51.3473001479081],[0.139441007864851,51.346982741918],[0.138268142466788,51.3470852025564],[0.137196519337772,51.3458718187941],[0.136200008773888,51.3459367805853],[0.137109322020355,51.3448013676273],[0.136958108456318,51.3441746058011],[0.131777238907734,51.3455066516929],[0.13166943231213,51.3451938541767],[0.125212858821697,51.3458680001942],[0.122239054316718,51.3446575220533],[0.119184939635519,51.3442568797725],[0.118456303441167,51.3441477832474],[0.117586555709123,51.3431293219765],[0.117232135018048,51.3431636061498],[0.116681193882858,51.3413029578144],[0.117283071789783,51.3397811707041],[0.118471159205407,51.3399818324077],[0.119014273423943,51.3386841629773],[0.118299419628428,51.338404814231],[0.120011217788937,51.334739571747],[0.121684470163769,51.3336363850004],[0.120245865693021,51.3321371683391],[0.117892043251494,51.3306212305708],[0.117900333226097,51.329647100945],[0.117335519577023,51.3294991385797],[0.116642051900668,51.3300035175229],[0.115743623115838,51.3295071055287],[0.114211168787908,51.3273980433724],[0.110153852634024,51.3280359629594],[0.109758939055737,51.3266842133949],[0.107238030363858,51.327523776993],[0.104901955924784,51.3274128723317],[0.103240995455827,51.325995661815],[0.10079217321131,51.3255855106431],[0.100176329752613,51.3240721729173],[0.0961800798539354,51.3212929100155],[0.0927773433699254,51.3198114212469],[0.0877852644920879,51.3183123362159],[0.0868217080648942,51.3171927199706],[0.085029299988601,51.3160232052895],[0.0856418374148572,51.314784674574],[0.0850705741203279,51.3125986412783],[0.0835718633697792,51.3105280137997],[0.0847484731492694,51.3083459197135],[0.0840864874549745,51.3080492263635],[0.084877966544679,51.3060448988937],[0.0828162412050831,51.305633668067],[0.0854325099179728,51.3025194719206],[0.0863388594400855,51.3001721496418],[0.0911847888458517,51.2968273669714],[0.0892618349718778,51.2960864125184],[0.085693083414603,51.2930842274768],[0.0815802563673946,51.2918353226713],[0.0733684837982877,51.2916051457905],[0.0675634597094704,51.2903831132759],[0.0585102283767922,51.2893537136896],[0.0560503275414129,51.2923953765799],[0.0543899860219841,51.2920890770672],[0.0507898934821101,51.2939868835381],[0.0484960700012348,51.2937221635757],[0.045731670558208,51.2940042662438],[0.0447671025569696,51.2930866943879],[0.042396497430127,51.2926730476417],[0.043313107400155,51.2965817577937],[0.0442984953391162,51.2985809419761],[0.0430931266591081,51.2990543152949],[0.0426202011598456,51.3013288993907],[0.0415431058799972,51.3029800740831],[0.0409175801095702,51.3027211637237],[0.036336788657453,51.3058632222617],[0.0329094179322316,51.3075209115003],[0.0302816512139515,51.3055582190281],[0.0279778082496254,51.3046853047028],[0.0248391363668915,51.3021549350723],[0.0235992555137935,51.299704063154],[0.0209530803467686,51.2967783797675],[0.0208741483369875,51.2955719092941],[0.0191012463355629,51.2916841011151],[0.0150093784679093,51.2917860700628],[0.012142972058002,51.2996161814059],[0.00839110014790236,51.3103614373034],[0.0103485951389195,51.3161403329036],[0.00658059306889128,51.3156563456252],[0.00554559304013832,51.3184440622991],[0.00487026651167884,51.3220763220109],[0.00225531192400326,51.3291348350343],[0.00217310622527444,51.3297782744878],[0.00293990700112435,51.3304089068102],[0.00331330491656985,51.3321550420773],[0.000863843200219271,51.333602271016],[-0.00296005106078021,51.3455193480663],[-0.0046168763978654,51.3495931010495],[-0.00530868641023257,51.3525751840339],[-0.00856060861777685,51.3557578826876],[-0.0117681703701659,51.3572474098616],[-0.0131459417229478,51.357230639431],[-0.0155583144538713,51.3588127483407],[-0.018288914449901,51.3612363861665],[-0.0188765779467458,51.3627413842898],[-0.0197802788663454,51.3636334962193],[-0.0222717369657295,51.3658834750306],[-0.0235677322157281,51.3652909210399],[-0.0244605034214293,51.3667679483531],[-0.0231037269043025,51.3670170245939],[-0.0235916990756528,51.3722274230765],[-0.0261138156196328,51.3764892928786],[-0.026766677936386,51.3793759345329],[-0.027973693923831,51.3793630827835],[-0.0283467282721993,51.378102715586],[-0.029815870667155,51.3773380444149],[-0.0367788113098979,51.3769964373424],[-0.0363596966887441,51.3790103854722],[-0.0369576751059886,51.3789624944621],[-0.0378415930353166,51.3832670377719],[-0.0365234986870309,51.3884315374295],[-0.042816349478764,51.3894626057963],[-0.0449204838563677,51.3906984114752],[-0.0461682620355159,51.3920174803899],[-0.0468157320844139,51.3918389707595],[-0.048056018265539,51.3931427362912],[-0.051247886020554,51.3934711586992],[-0.0517023865236692,51.3939958649901],[-0.0524254790889279,51.3941540309376],[-0.0525889976409181,51.3946175225127],[-0.0534729714457052,51.3949150726769],[-0.0510185624639481,51.3969865020647],[-0.0504187676092557,51.3980130829704],[-0.0508163831964328,51.3976521188886],[-0.0521074396135546,51.3982590132212],[-0.0506084251844932,51.399524183034],[-0.0529307195909509,51.4014365320053],[-0.0567866848897775,51.4005301062293],[-0.0594150665453461,51.399230614398],[-0.0605296513058756,51.3991385075224],[-0.0601404315942438,51.3995651932927],[-0.062219878291123,51.4015482696267],[-0.0637582605341894,51.4015688545014],[-0.0646174184148432,51.4017218886633],[-0.0644795420598056,51.402036835422],[-0.0665026050480732,51.4026322523418],[-0.0685708572128457,51.4038405831106],[-0.0699610872622177,51.4060024002709],[-0.0728350019814338,51.4084856969986],[-0.0735223498643713,51.4105622804872],[-0.0727426549819491,51.4126894340874],[-0.0751490282839191,51.4135416240238],[-0.0764832606384632,51.4144269268938],[-0.0803676225392939,51.4155410867722],[-0.0807601504632539,51.4160442323248],[-0.0810832477315995,51.4173050782002],[-0.0785573671724678,51.4198742122297],[-0.0782876818800692,51.4206047143525],[-0.075041494918316,51.4256269561895],[-0.0739072700998477,51.4262129239712],[-0.0718419228589011,51.426294898306],[-0.0709305620821908,51.4262389457788],[-0.0702788142958537,51.4261094491769],[-0.0689016985921757,51.4256300372981],[-0.068657750218593,51.4259934138697],[-0.0678855135102045,51.4259251188585],[-0.0660220345129476,51.42507490241],[-0.065808619537808,51.4253309202312],[-0.0645526015024275,51.4250575825607],[-0.064408355402573,51.4253194474701],[-0.0624044250231535,51.4251548729302],[-0.0614261433966676,51.4247982739717],[-0.06140523705687,51.4244708977015],[-0.0580990350983122,51.4231724265582],[-0.056754945213068,51.422964976449],[-0.0551364357776999,51.4229427361461],[-0.0547373590163699,51.423725827142],[-0.0518015270069943,51.4235698915767],[-0.0517477652428016,51.4225165849468],[-0.0459922871092901,51.4227953676156],[-0.0462509650910986,51.422374928692],[-0.043675612608226,51.4228926953132],[-0.0438103700415862,51.4231537422416],[-0.0415717291874904,51.4236522678824],[-0.0409974185545062,51.4242626766476],[-0.0398933345657801,51.4242587426001],[-0.0384532218047878,51.4239568038498],[-0.0374699176018423,51.4249815788551],[-0.0341952212379078,51.4251103177854],[-0.0342129166246291,51.4247543696046],[-0.0333491094397238,51.4246347099699],[-0.0317939374540938,51.424710195879],[-0.0319713560401927,51.425536056317],[-0.0300807513677304,51.425645457945],[-0.0259632583885065,51.4236116280889],[-0.0257692413675084,51.4237528224302],[-0.0243399322743142,51.4231168053976],[-0.0225743200292635,51.4215570617346],[-0.0222423203464996,51.4217756793772],[-0.0209977986254506,51.4209758453932],[-0.0216490690366511,51.4204423106439],[-0.0207589451257421,51.4199461846109],[-0.0213961759115285,51.4183422436928],[-0.0225581773888126,51.4175643513934],[-0.0216973959807324,51.4172786975846],[-0.0221735607977741,51.4167415246047],[-0.0209993354329241,51.4160242465379],[-0.0177978306390434,51.4157441619058],[-0.017966540008741,51.4150561597744],[-0.0142744975798534,51.4151606121048],[-0.014537950086498,51.4139308863763],[-0.0142395133496907,51.4136495846636],[-0.0103120802634173,51.4135777940386],[-0.00766377534118279,51.4144768024278],[-0.00659141680301312,51.4146634799063],[-0.00655318395763969,51.4159786239509],[-0.00558318053051008,51.4158200464267],[-0.00496686130772624,51.4145997388706],[-0.00328031514424544,51.4150356409045],[-0.00339120527429833,51.4156507885866],[-0.000728858659658685,51.415907104925],[-0.00011878381467096,51.4175752443895],[0.00174313595146555,51.4185857390327],[0.00353378449123313,51.4174274006398],[0.00567116966968201,51.4185263257048],[0.00521636463190118,51.4193557777068],[0.00630888368293852,51.4210304557328],[0.00672887722036617,51.4209448143905],[0.00686339962431191,51.4215033125226],[0.00738872244680153,51.4214024552611],[0.00810602289257671,51.4230395344894],[0.00998225862597015,51.4224818409227],[0.0118829756780977,51.4240857571726],[0.0133655552795217,51.424681883348],[0.0135386525294386,51.4251015173652],[0.0144184086624775,51.4252154319005],[0.0141201354193554,51.4261747037555],[0.0159812105535719,51.4261895240085],[0.0187479586474092,51.4270578113315],[0.0204048414372096,51.426874834184],[0.0212186600978964,51.426862526037],[0.0254589773282689,51.4289732426829],[0.0346044857188036,51.4234046254099],[0.0362309484282266,51.4223885150001],[0.0390555787500603,51.4246879413255],[0.0384741382163893,51.4275840086432],[0.0378445350719437,51.4278007746032],[0.0383647624848872,51.4282811424631],[0.0375398608009512,51.4313675903219],[0.0377087774085951,51.4333410396674],[0.0337366350997447,51.4316951676289],[0.0332558143211568,51.4322311912088],[0.0324942985930411,51.4318905421711],[0.0316072410423553,51.4325553167062],[0.0311591636397298,51.4320942002785],[0.031405191625893,51.432583462277],[0.0285927612732282,51.4340338038755],[0.0290867149931715,51.4346743990961],[0.0286870134965295,51.4364096934802],[0.0271814832674273,51.4365271665866],[0.0254358311388247,51.4356667270033],[0.0247822362079625,51.4382077640535],[0.0288159175701294,51.4387721976198],[0.0285929620355544,51.4404038427335],[0.0293788155005801,51.4417054197492],[0.0305494500791162,51.4443279483964],[0.0335031134603594,51.4435819490545],[0.0355264586755549,51.4424691050471],[0.0397548572287247,51.4409808597478],[0.0421706062993695,51.4394898205292],[0.0433359828661426,51.4377490211952],[0.0451907420308381,51.4366014031142],[0.0451373738549074,51.4362381428824]]]},"properties":{"LAD23CD":"E09000006","LAD23NM":"Bromley"}},{"type":"Feature","geometry":{"type":"Polygon","coordinates":[[[-0.167287288028304,51.5729628336939],[-0.164539988212205,51.5725005392505],[-0.160476747192304,51.5727793597742],[-0.157735978505448,51.5720509807405],[-0.150146318151361,51.5715539259287],[-0.148682546469594,51.5709359176065],[-0.144381825926643,51.5700843791929],[-0.14239561120072,51.569106002885],[-0.140627152838409,51.5644594277888],[-0.141034701474325,51.5605000351475],[-0.139426987011815,51.558242224803],[-0.138419158853717,51.5568681626732],[-0.136987309045876,51.5552616241289],[-0.135303748671231,51.5546384459637],[-0.134082277774744,51.5533898225563],[-0.130991514299285,51.5514832607681],[-0.13072064597366,51.5506724845275],[-0.130127780258333,51.5496117319152],[-0.12910281703075,51.548836603071],[-0.127079037829745,51.5475301980994],[-0.126357378664673,51.5450585972471],[-0.125064221994798,51.5411429780289],[-0.122399839076584,51.5370495800572],[-0.122563726204788,51.5307531143397],[-0.119838911111641,51.5309471844574],[-0.115925682086207,51.5298315606709],[-0.115451101817419,51.5277578613115],[-0.11291918547122,51.5264088159869],[-0.114229005936754,51.5254825593747],[-0.113627431450158,51.5245663906138],[-0.11236382231395,51.5237161197241],[-0.10896954375494,51.5230198938549],[-0.108238180531229,51.5220870246399],[-0.10700150504442,51.5221837522612],[-0.105290341558648,51.5185548587508],[-0.10781920575416,51.517766038508],[-0.113803703413632,51.5182579366281],[-0.111567824442113,51.5153350300017],[-0.113825664039223,51.5148236736772],[-0.114694811598885,51.5160264756043],[-0.119451253170614,51.5145022562048],[-0.121796317287431,51.5148688995444],[-0.12206608989202,51.5146152078736],[-0.122853761042668,51.515140199764],[-0.127169746226546,51.5127051033736],[-0.127646380675082,51.5126789302018],[-0.128949099459364,51.5134147762524],[-0.129610815866559,51.5139988096545],[-0.130326509997426,51.516419591541],[-0.130782502682123,51.5170819814907],[-0.132516418534426,51.5166730895021],[-0.132406111775616,51.5171171644165],[-0.133531598252919,51.5176972867462],[-0.134006210429943,51.517547252126],[-0.13520781378243,51.5189297162416],[-0.135797668689083,51.518685355919],[-0.136278097237986,51.5191571743051],[-0.136961309094795,51.5188866198978],[-0.142844961598762,51.5238676806252],[-0.143544818600121,51.5239659663249],[-0.143384543178008,51.5245483939533],[-0.143986909810925,51.5246782225714],[-0.14408751434632,51.5239975303766],[-0.145205616696418,51.5239889711711],[-0.145764043772245,51.5252668141369],[-0.147123640879697,51.5250347430907],[-0.152701824938766,51.537509541292],[-0.159351924771759,51.5363396432923],[-0.160396596135671,51.5372985110561],[-0.164898867211156,51.5357846404492],[-0.169447390913976,51.5385935584316],[-0.170876388503664,51.5377782489761],[-0.171934140702352,51.5384038521391],[-0.173476990559195,51.5376463912362],[-0.174128478544183,51.5382616895126],[-0.173911770601983,51.5394732201992],[-0.175765524440825,51.5396167241406],[-0.178343045457858,51.5398080696569],[-0.180114010393227,51.5395649967119],[-0.184160670423868,51.538228574294],[-0.187821656046345,51.5349639444192],[-0.188722649361543,51.5345305092881],[-0.191467608561554,51.53629235907],[-0.201918606288312,51.5452841753812],[-0.203432400717816,51.5467093074744],[-0.203502884364712,51.5467760318189],[-0.203700949695321,51.5469623947474],[-0.213486677002519,51.5551909329255],[-0.210010591854248,51.5567513775583],[-0.208837483626681,51.5557255348436],[-0.205967497609692,51.556430322673],[-0.205779562107332,51.5553185786636],[-0.199371628065116,51.556190033075],[-0.199511261882767,51.5570754663274],[-0.198306945833702,51.5588578871156],[-0.197910579489715,51.5591298807068],[-0.197499322530845,51.5588659138918],[-0.196774850407015,51.5591546255971],[-0.196725787066427,51.5606974779185],[-0.194826941676313,51.5604838797695],[-0.192289418180666,51.5615566878419],[-0.19112299287364,51.5616561060988],[-0.190346428902951,51.5628715401687],[-0.189645232895486,51.5652165185238],[-0.187142764903119,51.5661555989774],[-0.18614246183503,51.566923401369],[-0.183760636968241,51.5674682849277],[-0.183387915108403,51.5677676200469],[-0.183672475063841,51.5679568470063],[-0.182112167413734,51.568726020876],[-0.180817586719776,51.5694045045672],[-0.180986768865558,51.5696729196897],[-0.178303613645725,51.5700169149324],[-0.178121993180716,51.5705126685087],[-0.174381521111108,51.5692561545066],[-0.17371380158551,51.5699027892435],[-0.173376244818278,51.5710873097618],[-0.17123183297214,51.5724182514717],[-0.167287288028304,51.5729628336939]]]},"properties":{"LAD23CD":"E09000007","LAD23NM":"Camden"}},{"type":"Feature","geometry":{"type":"Polygon","coordinates":[[[-0.109259088108701,51.4231778564614],[-0.105962230700077,51.4225943322432],[-0.0968830730116808,51.4226700817903],[-0.0948627058798435,51.422820208903],[-0.0927019705679706,51.4225538147623],[-0.0883375023055021,51.4200054973447],[-0.0862834570475534,51.419283730949],[-0.0832183317756419,51.4197398405724],[-0.0785573671724678,51.4198742122297],[-0.0810832477315995,51.4173050782002],[-0.0807601504632539,51.4160442323248],[-0.0803676225392939,51.4155410867722],[-0.0764832606384632,51.4144269268938],[-0.0751490282839191,51.4135416240238],[-0.0727426549819491,51.4126894340874],[-0.0735223498643713,51.4105622804872],[-0.0728350019814338,51.4084856969986],[-0.0699610872622177,51.4060024002709],[-0.0685708572128457,51.4038405831106],[-0.0665026050480732,51.4026322523418],[-0.0644795420598056,51.402036835422],[-0.0646174184148432,51.4017218886633],[-0.0637582605341894,51.4015688545014],[-0.062219878291123,51.4015482696267],[-0.0601404315942438,51.3995651932927],[-0.0605296513058756,51.3991385075224],[-0.0594150665453461,51.399230614398],[-0.0567866848897775,51.4005301062293],[-0.0529307195909509,51.4014365320053],[-0.0506084251844932,51.399524183034],[-0.0521074396135546,51.3982590132212],[-0.0508163831964328,51.3976521188886],[-0.0504187676092557,51.3980130829704],[-0.0510185624639481,51.3969865020647],[-0.0534729714457052,51.3949150726769],[-0.0525889976409181,51.3946175225127],[-0.0524254790889279,51.3941540309376],[-0.0517023865236692,51.3939958649901],[-0.051247886020554,51.3934711586992],[-0.048056018265539,51.3931427362912],[-0.0468157320844139,51.3918389707595],[-0.0461682620355159,51.3920174803899],[-0.0449204838563677,51.3906984114752],[-0.042816349478764,51.3894626057963],[-0.0365234986870309,51.3884315374295],[-0.0378415930353166,51.3832670377719],[-0.0369576751059886,51.3789624944621],[-0.0363596966887441,51.3790103854722],[-0.0367788113098979,51.3769964373424],[-0.029815870667155,51.3773380444149],[-0.0283467282721993,51.378102715586],[-0.027973693923831,51.3793630827835],[-0.026766677936386,51.3793759345329],[-0.0261138156196328,51.3764892928786],[-0.0235916990756528,51.3722274230765],[-0.0231037269043025,51.3670170245939],[-0.0244605034214293,51.3667679483531],[-0.0235677322157281,51.3652909210399],[-0.0222717369657295,51.3658834750306],[-0.0197802788663454,51.3636334962193],[-0.0188765779467458,51.3627413842898],[-0.018288914449901,51.3612363861665],[-0.0155583144538713,51.3588127483407],[-0.0131459417229478,51.357230639431],[-0.0117681703701659,51.3572474098616],[-0.00856060861777685,51.3557578826876],[-0.00530868641023257,51.3525751840339],[-0.0046168763978654,51.3495931010495],[-0.00296005106078021,51.3455193480663],[0.000863843200219271,51.333602271016],[0.00331330491656985,51.3321550420773],[0.00293990700112435,51.3304089068102],[0.00217310622527444,51.3297782744878],[0.00225531192400326,51.3291348350343],[-0.000502893170893699,51.3287783761472],[-0.0016766119106944,51.3303074006088],[-0.00720909941461687,51.3333872780209],[-0.00712773690809125,51.3337397578086],[-0.00966068479460691,51.3339284232779],[-0.0109465685443747,51.3336758698303],[-0.0107257592320447,51.3330832457633],[-0.011902236908005,51.3329542591303],[-0.0136397836490252,51.3315313325695],[-0.0143165119704134,51.3297720946976],[-0.0160370020222855,51.3320516612411],[-0.0172384451662422,51.3329878828794],[-0.0178602411855992,51.3330172712878],[-0.0205876779541893,51.337202565986],[-0.0221501774469841,51.3381308562625],[-0.0261297138796831,51.3385458527861],[-0.0307789356958282,51.3374719589225],[-0.0328216320984631,51.3374153749097],[-0.0345088897744457,51.3380830277732],[-0.0379200854497904,51.3387247442131],[-0.0396451976470365,51.3374766362562],[-0.0419864586902761,51.3338601728549],[-0.0466062190774591,51.3335384650432],[-0.0484893587285508,51.3328018471639],[-0.0502771342165054,51.3326378108592],[-0.0500722010137758,51.3320525235876],[-0.0510419576777548,51.3315938669958],[-0.0510808812069827,51.3308453340014],[-0.0487492772356188,51.3287184163922],[-0.0490698612265602,51.3286076837104],[-0.0478280290375267,51.3265096858846],[-0.0478687395913028,51.325245056529],[-0.0497654319543468,51.3252667063242],[-0.0512667375285135,51.3234382201673],[-0.0513070785090949,51.322447895544],[-0.0524810547255886,51.3223819176078],[-0.0548823609242368,51.3212573124454],[-0.0562516031974104,51.321664021092],[-0.0583924286801603,51.320382980264],[-0.060657578918395,51.3200643947212],[-0.0620788830381925,51.3192002884383],[-0.0639861428900236,51.3186400218584],[-0.0700673510740452,51.3189000403763],[-0.0710197825080979,51.3212238313655],[-0.0749396545329708,51.3202370598018],[-0.0789130205771895,51.3197699396499],[-0.0788349893385552,51.3180977312935],[-0.0801788646251962,51.3178418904134],[-0.0815041851506127,51.3167223883091],[-0.0822366281125533,51.3169465377556],[-0.0836619006075646,51.3166506673607],[-0.0835913056187428,51.3163824914992],[-0.0848023381014901,51.3158671898425],[-0.0818930192421521,51.3126090278052],[-0.0819316756913801,51.3106472894563],[-0.0865775090676907,51.3088590909276],[-0.0884031945010175,51.3076010374796],[-0.0888250653614742,51.3072185506651],[-0.0887319787741326,51.3051045617358],[-0.0897056350054357,51.3039748073889],[-0.0907164784731002,51.3039535356348],[-0.0911716230400733,51.3033916859837],[-0.090876382702567,51.3031773069325],[-0.0911679398530003,51.3014725405068],[-0.0943868203128043,51.3006130826675],[-0.0960306797160774,51.3015184559933],[-0.0973772265478581,51.3011140225462],[-0.0972447167534066,51.3002953676387],[-0.0957756303983618,51.2996015293267],[-0.0943241985377067,51.2993539651557],[-0.101139812864712,51.2962866561727],[-0.103002061304601,51.2958590495877],[-0.111052160513274,51.292252625084],[-0.114822643097836,51.292433928151],[-0.11459423934746,51.2915327656934],[-0.115116335573028,51.2914638531011],[-0.115805363546077,51.2906448866215],[-0.116939969218837,51.2894877906814],[-0.117787425992582,51.2871820232123],[-0.124301850029936,51.2867904040814],[-0.126049064187005,51.2884031229767],[-0.126334941616266,51.2896642345678],[-0.130288175940541,51.292888834767],[-0.131330311011781,51.2946245936583],[-0.131041131226239,51.2954758168168],[-0.134356098974276,51.2983755458171],[-0.136167490809852,51.2982789244497],[-0.137213219898507,51.3007415611845],[-0.140864570872737,51.2995755551651],[-0.142838994720194,51.3000250204835],[-0.143577997575923,51.3012445584241],[-0.144422911498295,51.3005411892163],[-0.144852109926054,51.3007125945727],[-0.145625132209915,51.299828251987],[-0.148451766086654,51.3007038065684],[-0.149496204705973,51.3007005263384],[-0.149814608176425,51.3002038185486],[-0.151023184109817,51.3007219321699],[-0.1533605098568,51.3016778666693],[-0.155317700345265,51.3012743946668],[-0.156684009548237,51.3035890125338],[-0.157735020247375,51.3044275103801],[-0.15502334068093,51.3057912519011],[-0.154509145189696,51.3064486030738],[-0.156415768237732,51.3064525461932],[-0.157163054818694,51.3067089217561],[-0.154315337506222,51.3103178965138],[-0.156228082869366,51.3104208260445],[-0.158330470681896,51.3109853914119],[-0.157169626485771,51.3133897603251],[-0.159314119284191,51.3159558552736],[-0.159581019661147,51.3171048736637],[-0.160481487671816,51.3168725888906],[-0.161177375768629,51.3175229038065],[-0.161879752207213,51.3196257050228],[-0.156523624561657,51.3214852871721],[-0.152720892895178,51.3230003432999],[-0.152070678446811,51.3222713363673],[-0.150677617675547,51.3221683825127],[-0.149003761414741,51.3228015600536],[-0.147930696732596,51.3226830427383],[-0.14557670392873,51.3234929549983],[-0.144232252932735,51.3259290331566],[-0.144411359169946,51.3264647681389],[-0.149188030596626,51.3288459113755],[-0.144071412377831,51.3306907697949],[-0.145594430642885,51.3324549605229],[-0.147483922501982,51.3387980172821],[-0.144463895734416,51.3395113934205],[-0.144280389204621,51.3402189453542],[-0.143458983799658,51.3405390189919],[-0.144576133845834,51.342087666098],[-0.14418241887013,51.3422910549303],[-0.141531530744641,51.3434131883624],[-0.136869320555868,51.3447201194165],[-0.136340896567951,51.3447912605037],[-0.136253021585845,51.3444076893119],[-0.132484895636453,51.3442724862206],[-0.132864027644778,51.3454342463321],[-0.131092308834141,51.345470849385],[-0.131418656486028,51.3460246479909],[-0.128964281487169,51.3465823338186],[-0.128851811718693,51.3472706216072],[-0.128347393422096,51.3474505700445],[-0.127513725712915,51.3474467194089],[-0.127279014929812,51.3470911399078],[-0.126854880054177,51.3448644255506],[-0.125875453491107,51.3452327712711],[-0.118898161446538,51.3455771509518],[-0.118678553663495,51.345847704506],[-0.117284836311771,51.345666615087],[-0.116842029977448,51.3457628600102],[-0.116934258986665,51.3466804787422],[-0.117378055521415,51.3466490361726],[-0.118624594642974,51.3518424511534],[-0.11909473537565,51.3531379834666],[-0.12014903106093,51.3530276144345],[-0.121373975745096,51.3577401898069],[-0.124188829561267,51.3574142933754],[-0.124554967689601,51.3583633060558],[-0.124591346813467,51.3588729543868],[-0.123470691200314,51.3591541322263],[-0.123318616959913,51.358903957417],[-0.121894540634818,51.3590717234243],[-0.12288486825092,51.3599240273472],[-0.121816937190466,51.3599770815529],[-0.122014136100827,51.3609639772532],[-0.121366806670331,51.3610399989481],[-0.12140265279712,51.3623437640268],[-0.120903500493868,51.3633077753605],[-0.12130137633784,51.3647268946971],[-0.122336988661194,51.3645213117233],[-0.124116081766397,51.3653501523664],[-0.122078281656429,51.3657541785593],[-0.123326780930294,51.3711984415533],[-0.124745912217793,51.3729365043011],[-0.124762057193566,51.3736863422459],[-0.127842352848183,51.3747410278708],[-0.126674514578055,51.3749152731261],[-0.126834723541615,51.3754664204198],[-0.125840985080286,51.3755992820221],[-0.126732898500071,51.3770681457732],[-0.128049150500356,51.380475150353],[-0.130261888492008,51.3822140386334],[-0.128648796741574,51.3824934552766],[-0.129514898946542,51.3853006812294],[-0.128760011133675,51.3856431188812],[-0.130632294439637,51.3862681992378],[-0.129566505009285,51.3872309828103],[-0.133234752312872,51.3895521150186],[-0.13261288844745,51.3901249348319],[-0.134321993903791,51.3908470670978],[-0.134257564459517,51.3909191651123],[-0.128727428770065,51.3935021015864],[-0.129652233327207,51.3936521632092],[-0.124139637510634,51.3976095688766],[-0.12465030667513,51.3980973854592],[-0.125681408571826,51.3983241125145],[-0.125398398024585,51.3988263326311],[-0.127712992732134,51.4014686380963],[-0.130445542440792,51.4032741423229],[-0.131456540014508,51.4049347869848],[-0.132302969076169,51.4068084017692],[-0.132077065227153,51.4092026588899],[-0.129456084681713,51.4095744814061],[-0.128485181981585,51.4109914867897],[-0.128172719102879,51.4109379450802],[-0.127724902236922,51.412316331521],[-0.126832475641387,51.4126989254628],[-0.126236483923793,51.41292956787],[-0.12576501462844,51.4126313033409],[-0.124452089727923,51.4133654161347],[-0.124080514586188,51.4145969172575],[-0.122491042995267,51.415026994964],[-0.119813449955782,51.4188016665763],[-0.115592254616413,51.4206314250056],[-0.112632832695885,51.4232423756228],[-0.109259088108701,51.4231778564614]]]},"properties":{"LAD23CD":"E09000008","LAD23NM":"Croydon"}},{"type":"Feature","geometry":{"type":"Polygon","coordinates":[[[-0.327006121250583,51.5550308130558],[-0.317660624976379,51.5515685234667],[-0.312526297881848,51.5490280869369],[-0.311479130831358,51.5475661852234],[-0.308646363923526,51.5464674091861],[-0.30711297450527,51.5453298315754],[-0.308875232096934,51.5452073388928],[-0.30798663079506,51.5444140818519],[-0.308517711348242,51.5431986997051],[-0.30471803763841,51.5398588726963],[-0.305948608561015,51.5393669347181],[-0.306264604133883,51.5341769908979],[-0.307453582279767,51.5330870588732],[-0.302704988863715,51.5319865313193],[-0.299852310864077,51.5330823616372],[-0.29644758037209,51.5352586931369],[-0.295755469146931,51.535291191592],[-0.295165606298529,51.5348771550293],[-0.293396270410537,51.5349280503785],[-0.28662990656124,51.536784036138],[-0.282457376588103,51.5386486768895],[-0.281817393753696,51.5381067352923],[-0.277769393804216,51.5350715124672],[-0.278116622846963,51.5345507299256],[-0.278485381698495,51.5345832595112],[-0.278964094642898,51.5332275033455],[-0.280959450006156,51.5325881441905],[-0.281484072796813,51.5332309755074],[-0.283479177993753,51.5328079581905],[-0.284012385062602,51.5335316189504],[-0.289382581578878,51.5316828401759],[-0.285725746983936,51.5291719736569],[-0.282957482400945,51.5288459065133],[-0.280371852466567,51.5283467935411],[-0.279224530348024,51.5287808167568],[-0.274570643111017,51.5295586321472],[-0.27044563007722,51.5300465959661],[-0.270271216631839,51.5297667070564],[-0.269680388783758,51.5300016104971],[-0.26857417728811,51.5298226833431],[-0.266251288494755,51.5306872004339],[-0.264866861432509,51.5315716357175],[-0.264760943844658,51.5321584420273],[-0.263318394674117,51.5326684633044],[-0.260353373764622,51.5344927692733],[-0.257740996366156,51.5353673139132],[-0.256545918476375,51.5349662940534],[-0.255985074110447,51.5339498856611],[-0.255644957835788,51.5339789827437],[-0.250877874536536,51.533879504732],[-0.250752237107332,51.5341474336698],[-0.247265526070007,51.5334898613325],[-0.246281570983423,51.5327375103472],[-0.246975847906357,51.5317775892594],[-0.245256656076301,51.5312182271938],[-0.245390921561337,51.531042059796],[-0.246999780702846,51.5306888763478],[-0.249870747418338,51.5288700590043],[-0.250555873501414,51.5278115488252],[-0.250331435289123,51.5270599051558],[-0.252538390202769,51.5249868220605],[-0.251768043195903,51.5221170865436],[-0.250319092816483,51.5201852380572],[-0.250690282885466,51.5192006048532],[-0.2489713522111,51.5138906015186],[-0.246435348971348,51.5108223015602],[-0.245134655699555,51.5067695967454],[-0.246466730937967,51.5067430774356],[-0.245673763200907,51.5046286106463],[-0.247972376286306,51.5043611670499],[-0.248089807238703,51.504609087097],[-0.249256438152769,51.5044422153971],[-0.249421747147641,51.5046771365047],[-0.249917977859926,51.5044346069281],[-0.251079138134178,51.5046508778778],[-0.252483672614707,51.504496673414],[-0.252525892049911,51.5047136133471],[-0.253751509949108,51.5045512897628],[-0.253670894390568,51.5042845012974],[-0.255064221072407,51.5043292502531],[-0.25336434429858,51.5028933110964],[-0.253040909966186,51.5014223351426],[-0.252771583657548,51.4998884980966],[-0.255606406879975,51.4960333579437],[-0.255422123395226,51.4949783448165],[-0.261483309223535,51.4946413215647],[-0.267676633366511,51.4939192521225],[-0.269061038858674,51.4940263218445],[-0.271303045031441,51.4948013573035],[-0.272401695976202,51.4961562091872],[-0.274176319018755,51.497292792913],[-0.277402382334547,51.4990864628416],[-0.280772402092,51.502847528294],[-0.285711510361579,51.5007837304237],[-0.288668716199761,51.5008324179024],[-0.293897823008893,51.5015775561395],[-0.300669386722828,51.4993292256333],[-0.299946959438523,51.4978560135922],[-0.297537161815247,51.4948847152732],[-0.301132918675038,51.4944055632629],[-0.301377122233943,51.4951942148367],[-0.305851829897637,51.4961828834241],[-0.305431203745424,51.4945373630636],[-0.308405375534104,51.4935741232454],[-0.311911168808834,51.491971458578],[-0.313884658435713,51.4936080926205],[-0.314388695555614,51.4934571225546],[-0.315085314491169,51.4939643857658],[-0.31446791118935,51.4943572981897],[-0.315712070935597,51.4953482483598],[-0.31528026854231,51.4955548548541],[-0.315794343146763,51.4959073472136],[-0.31918147076384,51.4942173010637],[-0.323414300516202,51.4958965887952],[-0.323898551965763,51.4957165623946],[-0.324675743393902,51.495993760158],[-0.326127384627688,51.4950036565768],[-0.327341220314482,51.496002413991],[-0.329945002137216,51.4950205324504],[-0.331231243629166,51.4955095586731],[-0.335117279502069,51.4961474437551],[-0.335264555913964,51.4961579136347],[-0.335375051379258,51.496165767813],[-0.342278725726975,51.4959877956272],[-0.349708960195708,51.4989814559695],[-0.350619148399036,51.4991066579968],[-0.358052570966066,51.4977679753258],[-0.36187789583015,51.4960874192359],[-0.363117893266542,51.4958757786446],[-0.363734025283402,51.4946959793673],[-0.365363324880322,51.4933136777424],[-0.365794059745001,51.4936539075321],[-0.366986978925952,51.4928033794531],[-0.368354836430718,51.4922989015897],[-0.367912694991677,51.4917891600338],[-0.371851047191365,51.4904761558315],[-0.371919091997922,51.4909905563045],[-0.37249726445803,51.4910277050709],[-0.373809044711411,51.4919601501619],[-0.375012564856431,51.4939960261633],[-0.375823922335663,51.495391611764],[-0.377903011367198,51.4954693012435],[-0.377876677159829,51.4966066463979],[-0.381841111112896,51.4952240008907],[-0.384546938967056,51.4946830561118],[-0.386575408414563,51.4946852999661],[-0.389375031127265,51.4951579359404],[-0.406918399587474,51.4996663980547],[-0.403833880792223,51.5029193923033],[-0.403819232556505,51.5029338451576],[-0.402859076450413,51.5035818373252],[-0.40023371074684,51.5042927092881],[-0.393513489171671,51.5070117298059],[-0.390422060131917,51.5132045626442],[-0.38911607191857,51.5146651699244],[-0.384947709027511,51.516373685094],[-0.383430006100638,51.5174885792511],[-0.381788639446717,51.5186204248873],[-0.376145316078738,51.524945206298],[-0.376371680549652,51.5288849029048],[-0.380996722618005,51.5294116951348],[-0.386642781660345,51.5303991552898],[-0.387115192662479,51.5295742122761],[-0.389276233506824,51.5308027103279],[-0.392648908258066,51.5314488421947],[-0.405321733528102,51.5332205909574],[-0.411049520079079,51.5342901858878],[-0.411845422020107,51.5340728137409],[-0.41222056534672,51.5344946860054],[-0.413487345767395,51.5347120234404],[-0.413819749243935,51.5357438408003],[-0.414763950786028,51.5359758704464],[-0.415306149337927,51.5365565827529],[-0.417431210773785,51.5366461553583],[-0.417489782128102,51.5378387039973],[-0.41937990160405,51.5382619085038],[-0.419548090734817,51.5387062299293],[-0.418159934292837,51.5391540391128],[-0.41938850960014,51.5399090590127],[-0.419461122189951,51.540314912172],[-0.418586413502544,51.5402219666296],[-0.4162187707012,51.5402102437118],[-0.405008718566556,51.5424900668379],[-0.397831391499307,51.5423299653373],[-0.395285532006663,51.5425516337396],[-0.39634437286305,51.5457040616067],[-0.396540579884704,51.5459670738746],[-0.397890417634814,51.5456669279536],[-0.398706173814887,51.5478973606328],[-0.394879242969686,51.5476465822277],[-0.394986043334604,51.5480387095923],[-0.394946979967999,51.5487312786007],[-0.394210632799448,51.5486144959215],[-0.392796401622069,51.5489689422884],[-0.385035861073689,51.5512586051218],[-0.377656412711582,51.5546995666517],[-0.377843376019978,51.5549770644285],[-0.375881513503431,51.553084604915],[-0.373342930044203,51.5540964093984],[-0.372863810973885,51.5537488216973],[-0.362519599314103,51.5560431748247],[-0.362674841911475,51.5563288329561],[-0.362125241303673,51.5566107554022],[-0.362300315676161,51.5572483602334],[-0.347548976989506,51.5596573963232],[-0.345611192404932,51.5584501524292],[-0.343605546201471,51.5577170267268],[-0.338302842811169,51.5572258470797],[-0.335555531666752,51.556556900043],[-0.327006121250583,51.5550308130558]]]},"properties":{"LAD23CD":"E09000009","LAD23NM":"Ealing"}},{"type":"Feature","geometry":{"type":"Polygon","coordinates":[[[-0.0789586058234731,51.6888434942339],[-0.067149500841317,51.684055533611],[-0.0620889586137036,51.6829766804451],[-0.057013288148894,51.6829732903734],[-0.0517043842473092,51.6835370040412],[-0.0493085112925493,51.6842438759124],[-0.0489357742453957,51.684017010228],[-0.0483192935896779,51.6840770084582],[-0.0470591627800528,51.6834391798638],[-0.0436576609921237,51.6833520062896],[-0.0436715204665422,51.683096836236],[-0.0333920793634692,51.6824944730566],[-0.0283765584947189,51.6823321333287],[-0.0197716448864783,51.6811515009456],[-0.011918675972722,51.6808778155788],[-0.0110655316635855,51.6808696803679],[-0.0103284006308653,51.6766646703804],[-0.0113506261562681,51.6719184723619],[-0.0113706338663151,51.6707020693938],[-0.0105584700166787,51.6691370613039],[-0.01121851043339,51.6676059488577],[-0.0114939719035368,51.6638912476716],[-0.0098314230565542,51.6617704509582],[-0.00908534892429476,51.6610087486724],[-0.00894084594478858,51.6602175846459],[-0.0117797485430516,51.6530353762362],[-0.0118372625696545,51.6488475109075],[-0.0122596870547121,51.6462286971895],[-0.0133086728040582,51.639694939183],[-0.0147800744979147,51.6367387871935],[-0.0168090819163363,51.633528898308],[-0.0233926028915014,51.6252784389761],[-0.0240246173705617,51.6246439654582],[-0.0259377705220752,51.6217428227565],[-0.0320990606863433,51.6168647498989],[-0.0353224501907725,51.6129842506862],[-0.0354937606356267,51.6119639315093],[-0.0340560973716441,51.6102154104496],[-0.0339466520484612,51.6095038607908],[-0.0352240727946998,51.6082682084669],[-0.041390716789704,51.6056467853338],[-0.0497389591616748,51.6072416623368],[-0.0528706736436861,51.6081106230429],[-0.0528770955128297,51.6085172335077],[-0.0545104924800384,51.6088873240967],[-0.0652270672977286,51.6085869007896],[-0.0670999268972526,51.6089491292129],[-0.0674769277034504,51.60863989207],[-0.0680129825970826,51.608816883421],[-0.0764556552835799,51.6084141668222],[-0.0855999001635884,51.6084732953088],[-0.0914205241932251,51.6087961355418],[-0.0924663129438352,51.6090909194562],[-0.0924534532593197,51.6088502779835],[-0.0935310051834223,51.6089908820825],[-0.0951588675735644,51.6086580716951],[-0.0957647533663085,51.6092991531386],[-0.09766249221828,51.6089185569621],[-0.0974662374519385,51.6085174711272],[-0.101758394146256,51.6084924954352],[-0.10251433515093,51.6080441662509],[-0.103909387864823,51.6084404687776],[-0.109874618404933,51.6082556142574],[-0.110810160840815,51.6086146828211],[-0.114451348824525,51.6084025458124],[-0.115623936822363,51.6084221378447],[-0.117261438661317,51.6084373243632],[-0.117473531407303,51.608206085834],[-0.118730148124378,51.6086541312863],[-0.119177944677202,51.6083666215992],[-0.123486921645039,51.6086758460423],[-0.124952382805924,51.6099483040685],[-0.125367280948487,51.6100205568162],[-0.126319947661221,51.6093069411083],[-0.127655039084833,51.6094114536588],[-0.135201500406691,51.6112183462889],[-0.13870599645949,51.6101857871696],[-0.144495116086128,51.61550901254],[-0.142033436761903,51.6162803131503],[-0.141280141848118,51.6175363087451],[-0.140510959970912,51.6178124974202],[-0.135414260825638,51.6217731822635],[-0.13550408904142,51.6223998269884],[-0.135038624367985,51.6223521411966],[-0.133367605018605,51.6263829987356],[-0.132382695136261,51.6271929271566],[-0.130433723336039,51.6293160590113],[-0.131140467535019,51.6296862524073],[-0.130164336884496,51.6310211074658],[-0.129777355277638,51.6309630313126],[-0.129093931888576,51.6322654489497],[-0.131151513163669,51.6325555124102],[-0.133268988148714,51.6332675843205],[-0.133973004242258,51.6340395731024],[-0.134419873045012,51.633968768835],[-0.134519087894358,51.6346943462426],[-0.138390317321999,51.6365264465125],[-0.140218565378925,51.637491197161],[-0.142287195835033,51.6393104428116],[-0.145018211811139,51.6426319343911],[-0.147828669765554,51.6420665149674],[-0.149177112640303,51.6453146088525],[-0.151633768800624,51.6453236123378],[-0.151553768084585,51.645631576356],[-0.152121725260164,51.6458006769613],[-0.151073662911712,51.6472437422223],[-0.152305333335256,51.6476366610228],[-0.152227734646964,51.6479665390071],[-0.149867893303145,51.6488102893654],[-0.150945059827264,51.6500865323182],[-0.152255166652095,51.6498246225148],[-0.152559219537259,51.6514582906188],[-0.153528050372264,51.6527061337735],[-0.154003874045977,51.6525899233207],[-0.154194094765218,51.6529661058031],[-0.153394151370422,51.6533054976148],[-0.153597680161817,51.6545400228959],[-0.154617002987458,51.654978969983],[-0.154731838818758,51.6555451451849],[-0.160438298208452,51.6567640005151],[-0.163545248331555,51.6582069769806],[-0.165094435804148,51.6582599977634],[-0.175562038131118,51.6605995788209],[-0.185865830553031,51.6628363033917],[-0.185418360023203,51.6635363051872],[-0.181960815257973,51.6686831956154],[-0.176711532649631,51.6720996808767],[-0.177006406653406,51.6726797877236],[-0.176385934213631,51.6726449816829],[-0.17544074776966,51.6725925415002],[-0.175657873385423,51.6731633540932],[-0.175329656841394,51.673449614664],[-0.174958661652237,51.6732154176228],[-0.172473163038003,51.6730913570255],[-0.163607105701444,51.6824031365942],[-0.163503792160564,51.6859229098349],[-0.163493271974568,51.6881150796651],[-0.158620017540002,51.6873975703095],[-0.152879933233878,51.6857993782406],[-0.149431383149735,51.6855093693943],[-0.14550724181459,51.6861359713611],[-0.139113366868024,51.687999318745],[-0.134649024825922,51.6887853268589],[-0.128764138745384,51.6888559366051],[-0.12206916750972,51.6885205967015],[-0.118204562432587,51.6890661306384],[-0.10976351970916,51.6916325020785],[-0.105779139838692,51.6918756451179],[-0.098400973597601,51.6909110321703],[-0.0948294473847209,51.6900978490428],[-0.0838890947992951,51.6899133877224],[-0.0789586058234731,51.6888434942339]]]},"properties":{"LAD23CD":"E09000010","LAD23NM":"Enfield"}},{"type":"Feature","geometry":{"type":"MultiPolygon","coordinates":[[[[-0.020594270939253,51.4766962067684],[-0.0205970640501084,51.4766939283829],[-0.0205946281596729,51.4767087686863],[-0.020556103841502,51.4767227431226],[-0.020594270939253,51.4766962067684]]],[[[-0.0163906749291002,51.4814645406567],[-0.017090035373682,51.48041209694],[-0.0178011379693778,51.4808732471319],[-0.0204008564119948,51.4802189694041],[-0.0203081845361445,51.4799137992933],[-0.0230401565984229,51.4796651938726],[-0.0232814386578737,51.4807808267161],[-0.0263652982651962,51.4815068260849],[-0.0257621435476702,51.4821507968479],[-0.0251671125824954,51.4850232752365],[-0.0247131894855059,51.4854828075412],[-0.0227010951035044,51.4845572591317],[-0.0188258054896725,51.4834796541317],[-0.0181342734665657,51.481963811581],[-0.0163906749291002,51.4814645406567]]],[[[0.120527379275315,51.5110987137327],[0.120975422868598,51.5008002965361],[0.121296819006836,51.4911032190166],[0.121297276515248,51.4910313054907],[0.122056599256171,51.4832113630807],[0.122044684713817,51.482994744788],[0.122030983008983,51.482872684418],[0.124191087369442,51.4768490194697],[0.120899831917502,51.4784543008303],[0.118471348826992,51.4789031354896],[0.115509656416705,51.4761681515638],[0.114011353800994,51.4751703365493],[0.112477040296167,51.4734210177073],[0.111985588823406,51.4730724339197],[0.108189975969121,51.4761168068197],[0.106176221247785,51.4750163106561],[0.105654772306221,51.4754573525991],[0.105202815614107,51.4752376957443],[0.104903742646543,51.475527679272],[0.103352122161261,51.4745859424581],[0.102507532877671,51.474916516205],[0.102005022359293,51.4744637994557],[0.100257019805275,51.4752278852917],[0.098244270803385,51.4754524212105],[0.0965751296281432,51.4732538433863],[0.094484336193004,51.4732681451158],[0.0931999206249991,51.4729540369185],[0.0913142137341769,51.4720709527456],[0.0891258111653671,51.4704543046796],[0.0870533330425957,51.4699702382851],[0.0848085180654865,51.4687299520871],[0.0832384141381482,51.4664770012885],[0.0823130742087601,51.4666413154462],[0.0821338303912459,51.4647607134243],[0.0826285401433043,51.4635844348975],[0.0822559652975657,51.4611312736842],[0.0829421262209515,51.4598295045795],[0.0786718506013547,51.4592901245561],[0.0788814406827624,51.4591287222242],[0.0815043620614526,51.4577527987835],[0.0857321771216053,51.4564503101946],[0.0868550715744836,51.450434622738],[0.0878718648863857,51.4487035556909],[0.0880752763348888,51.4474957747111],[0.0874145751085642,51.4457471011067],[0.0863698648845979,51.4453071879978],[0.0874267537477507,51.4432843433436],[0.0863062917504783,51.4432424835477],[0.0847342237039473,51.4426034772458],[0.0830184540572312,51.4434199937318],[0.0829935572615223,51.442733600757],[0.0844606568880198,51.4419767634739],[0.0818128139045854,51.4399683707908],[0.0808830128369601,51.4404039497795],[0.0788244236346721,51.4381392117447],[0.0784667595926343,51.4371232371067],[0.0784572557022594,51.4371129342938],[0.0784385265923668,51.4370931735567],[0.0778399150207355,51.4364424259624],[0.0765691086539887,51.4368717100339],[0.0749732031952865,51.4358667177193],[0.076530870048154,51.434855679417],[0.0759019857483747,51.4344583088098],[0.0764001647655487,51.4340056833915],[0.0756920313870994,51.4336248969515],[0.0761056388234885,51.4332835477066],[0.0746680798001108,51.4321472415761],[0.0753602122612816,51.4319866522164],[0.0748608669272029,51.4308144156442],[0.0743742677066567,51.4314615786149],[0.0733554844347398,51.4317607505638],[0.0730791287240753,51.4313550454033],[0.0734763749362372,51.4312492369885],[0.0717008090370033,51.4294426384235],[0.066619033298759,51.4265034960436],[0.0665810085079252,51.4260085028313],[0.0641569329319799,51.4253335751294],[0.0644616964566987,51.4250338746644],[0.063138160633435,51.4241350479918],[0.061705411141948,51.4237003708481],[0.0610068482120784,51.4250818947805],[0.0585990620550009,51.4245946518356],[0.058207379616515,51.4248715080052],[0.0544324453067392,51.4279331027267],[0.0510577569492854,51.4315251363519],[0.0479982652794131,51.4336000151943],[0.0451373738549074,51.4362381428824],[0.0451907420308381,51.4366014031142],[0.0433359828661426,51.4377490211952],[0.0421706062993695,51.4394898205292],[0.0397548572287247,51.4409808597478],[0.0355264586755549,51.4424691050471],[0.0335031134603594,51.4435819490545],[0.0305494500791162,51.4443279483964],[0.0293788155005801,51.4417054197492],[0.0278867121438732,51.4415153912046],[0.025580070341721,51.4417164245316],[0.021505758619613,51.4427282627419],[0.0206220874869961,51.4442061671297],[0.0215210119686158,51.4444392432706],[0.0212429880288523,51.4466977237971],[0.0229540613875004,51.4472025824213],[0.0224182608857309,51.448123786712],[0.0219797685295549,51.4489426428235],[0.0151001851389243,51.4500067870503],[0.0149327788100465,51.4506112426434],[0.0151310021648473,51.4502082050414],[0.0198853048979047,51.450729717387],[0.0195596232293446,51.4517097514371],[0.0183501447853286,51.4515752412233],[0.0175487288105646,51.4550319316992],[0.0140356670573875,51.4557281501213],[0.0115105248627742,51.4566852048072],[0.0104387335293893,51.4584821522883],[0.00990330994722935,51.459631403765],[0.00909476022384968,51.4658729989979],[0.011536900815007,51.466236010593],[0.0132655049756981,51.4668390710127],[0.0127008227739535,51.4673972765527],[0.013088248700867,51.4681466769757],[0.0126101832818701,51.469808513071],[0.0143642866942293,51.4697465827158],[0.0163578260778665,51.4689746210195],[0.0165435988886042,51.4691289962971],[0.0167032285878957,51.4695044600948],[0.0155297471559116,51.4713161435416],[0.015001240868124,51.4730809441929],[0.017962965802973,51.4738300342707],[0.0121135248044991,51.4731691581103],[-0.000897906415909124,51.471803079291],[-0.0082294829233204,51.4727600605965],[-0.0125633127150113,51.4723431838944],[-0.0140453906725634,51.4726709199942],[-0.0145276067741026,51.4719030849851],[-0.0151466238967958,51.4717494688728],[-0.0131059506503463,51.4689394344102],[-0.0150615449572877,51.4680444328338],[-0.0165617094590095,51.4692602717163],[-0.0168906302458386,51.4690723404649],[-0.0171612997784176,51.4693276651406],[-0.0191137823791942,51.4700086940717],[-0.0192445833885237,51.4705065806888],[-0.0186586805168702,51.4706862820725],[-0.0193013665761883,51.4720361257289],[-0.0203118546386845,51.4723054926127],[-0.0199729649126539,51.4730017797807],[-0.0212747207722632,51.4737756677006],[-0.0225821749666007,51.4741120063767],[-0.0227919559767653,51.4744663030671],[-0.0228608010860869,51.4753120252553],[-0.0225620987249526,51.4753580668408],[-0.0225114753848678,51.4753546109775],[-0.0211672332447822,51.4752628404201],[-0.0205589520838375,51.4756585967891],[-0.0204754211537821,51.4765827349662],[-0.0190008699189004,51.4770489198684],[-0.0190403526017673,51.4776598703179],[-0.0190688249003538,51.4781004161939],[-0.0190759358862127,51.4782104520425],[-0.0189312278453323,51.4784478076014],[-0.0183712573281695,51.4793662650368],[-0.0168316852582202,51.4800974372354],[-0.0157142930211392,51.4816379994718],[-0.0149878990240913,51.4817465604139],[-0.0179092722762506,51.4825478285307],[-0.0178988635745449,51.4831952392928],[-0.0163292353539419,51.4832274557588],[-0.0163448057232328,51.4829647852115],[-0.015685219327671,51.4829281573217],[-0.0152663180567782,51.4831314112327],[-0.0135406079075238,51.4828960720173],[-0.0111338253292471,51.4830211929556],[-0.0110389897989793,51.4833156155886],[-0.011036564969555,51.4833231428656],[-0.00993406113725374,51.4836036297747],[-0.00725618436409394,51.4837746095588],[-0.0046696377272037,51.4845745875888],[-0.00456084156803151,51.4846082346405],[-0.00452834658000945,51.4846146664101],[-0.00326793565661814,51.4848641454216],[-0.00118027605592998,51.4863201357572],[-2.25647046549003E-05,51.4867301700677],[0.00137603528881682,51.4878146834767],[0.00240257273955881,51.4895282867259],[0.00268731688451045,51.4918656124342],[0.00236993449316023,51.4929879387648],[0.00195395194530916,51.4929136554562],[0.00195201161478856,51.4929195698679],[0.00158608455141638,51.494035041503],[0.000991058142618036,51.4944116521071],[0.00102683146649942,51.4951546294051],[0.000748932646590267,51.4950702072381],[0.000720387373358711,51.4954424026677],[-0.000214224397669919,51.4952289734199],[-0.00097794200594361,51.4962775159378],[-0.00218624871107061,51.4998417267975],[-0.00222887876623375,51.501270531806],[-0.00188856171611438,51.5012662957984],[-0.00158279256328577,51.5019003164543],[-0.00152013685701323,51.5020302340741],[-0.00205296723281494,51.5021159379669],[-0.00174190871901165,51.5028424900063],[-0.000738490796792195,51.5037989695555],[0.000821016780406676,51.5045315554876],[0.00325826259684049,51.5049389533112],[0.00514672333477784,51.5043964041922],[0.0082921551109671,51.5017315407501],[0.0138816706136247,51.4969951184138],[0.0154239937179714,51.4962591364724],[0.0179606700462535,51.4950485648702],[0.0214974397321313,51.4944722670651],[0.0215723354829263,51.4939516444631],[0.0220053608758845,51.4938893218483],[0.0221568100861627,51.4942828945945],[0.0242928549197411,51.4938197253409],[0.0290437816193529,51.4938474867758],[0.0402981852915764,51.4954280546989],[0.0447857933987769,51.4951720428478],[0.0575688229220394,51.4944418522446],[0.0577815840585418,51.4940384759588],[0.0580177319407685,51.4944225519252],[0.0588908438444678,51.4944303334495],[0.059155178518339,51.4941293765547],[0.0593113493226954,51.4944584696542],[0.0611863326950022,51.4945485854395],[0.0639286601172879,51.4946803337236],[0.0641653271823492,51.494449996379],[0.0641042431862595,51.4946763432266],[0.0703323236870881,51.4951279575112],[0.0757452281586483,51.4960454749175],[0.0760063526238535,51.4959414187223],[0.0762452590486965,51.4958462149739],[0.0823150428814321,51.4989412125569],[0.0837067285429202,51.5004152492298],[0.0866635665009232,51.5035468949805],[0.0868624816858324,51.5033904719281],[0.0876452915359463,51.503918816453],[0.0880194772240215,51.5054479816612],[0.0880324498322693,51.5055009967629],[0.0919847169887287,51.508983692695],[0.0945674880814375,51.5089543898329],[0.0994590834076674,51.509639209428],[0.106885907869927,51.5094132903338],[0.11348803527867,51.5101474117867],[0.120216178431184,51.5114473807054],[0.120527379275315,51.5110987137327]]]]},"properties":{"LAD23CD":"E09000011","LAD23NM":"Greenwich"}},{"type":"Feature","geometry":{"type":"Polygon","coordinates":[[[-0.0611585720665009,51.5777860371156],[-0.0584321090167435,51.5725649137114],[-0.0563161668169224,51.5707112743492],[-0.0543552806678895,51.570285160689],[-0.053287507628187,51.5686590131245],[-0.0511460134699294,51.5677298012507],[-0.0466562946415431,51.5643767502014],[-0.0472480949832943,51.562706112965],[-0.0451297085977058,51.5617899462196],[-0.0423626660088638,51.5613681759064],[-0.0401758622424248,51.5617829861863],[-0.0388197211113053,51.5611586942282],[-0.0362865933146907,51.5614752946025],[-0.033285271928068,51.5606199934083],[-0.0300395889044704,51.5613589116176],[-0.0283905349440393,51.5610202509554],[-0.0257782249314975,51.5598757357119],[-0.0243386915739582,51.5586389806455],[-0.0239407737144592,51.5573697785111],[-0.0230062818046805,51.5572723922984],[-0.0184641541397368,51.5551846253007],[-0.0174811722760853,51.5533409051991],[-0.0171740512189124,51.5516758953576],[-0.0171743352515583,51.5515772846382],[-0.0189832068446934,51.5515962333332],[-0.0189355938865919,51.5505349132673],[-0.0174631458837187,51.547598273603],[-0.016549676137034,51.5433298677014],[-0.0198528971615672,51.5435828520754],[-0.0255845560641751,51.5433389614952],[-0.0289910688237788,51.5422729765039],[-0.0295535275710296,51.5430909976839],[-0.0331911146315964,51.5446857172867],[-0.0377336189286635,51.5417985087309],[-0.0371437136784512,51.5414166117959],[-0.0374213185800631,51.5412814857388],[-0.0407379137152159,51.5381186571442],[-0.0414935933938469,51.537442562388],[-0.0449632628777945,51.5357814771707],[-0.0471597768522713,51.5354487761701],[-0.0497007576085603,51.5363466101453],[-0.05091293600747,51.536461705782],[-0.0523769045393786,51.5359310327482],[-0.0528564510841317,51.5349387167854],[-0.0546741067102239,51.5351554701213],[-0.0573019079744903,51.5344144413034],[-0.0587579357467385,51.5341047644065],[-0.0600733464191528,51.5341960237949],[-0.0624344459546157,51.5355324984557],[-0.0628602310278854,51.5349187225139],[-0.0621901686195596,51.5332591776617],[-0.0650086094858108,51.5329044581541],[-0.065162284380672,51.5331551668408],[-0.0662534489513387,51.5312200729425],[-0.0728284472465958,51.5306570096585],[-0.0745753884604118,51.5298521067808],[-0.0757153095558964,51.5283581951982],[-0.0772734871357757,51.5273053544582],[-0.0762971095866288,51.5271422093172],[-0.0766410444439245,51.5263467530268],[-0.076459965151695,51.5243182950022],[-0.0759273904518611,51.5243390730985],[-0.0757417110885002,51.5236813593366],[-0.076119965722006,51.5223689791196],[-0.0764583205438268,51.5220464721232],[-0.0782521040744254,51.5219025828099],[-0.0785291057043016,51.5215119188801],[-0.0810408173535679,51.5219730581335],[-0.0817731359017545,51.5207454022021],[-0.0831233098925708,51.5198516137617],[-0.0852326450965759,51.5203483971845],[-0.0842141608271471,51.5239300164822],[-0.0852014968581625,51.5239445197736],[-0.0851190407648479,51.5244573088906],[-0.0854635958760204,51.5245386668176],[-0.0847453063163075,51.5254292221793],[-0.0850097924274718,51.5262376362156],[-0.0869767742512281,51.5257677636135],[-0.0878320627243553,51.5262417900056],[-0.0887313776452328,51.5274525137699],[-0.091481256765629,51.5282085162214],[-0.095373128319278,51.5292060099427],[-0.0951040536203394,51.530084105667],[-0.0970323369192638,51.5330033403366],[-0.0931472868596807,51.5343988071829],[-0.0896889912178029,51.5360432282644],[-0.0865633983715774,51.5373022725571],[-0.0865615248399922,51.5373671664085],[-0.0835763215344581,51.5451729854708],[-0.0837895244222328,51.5465852356171],[-0.0766852527790431,51.5460865955026],[-0.0763260847021879,51.5472035739788],[-0.0776773911258274,51.549483010101],[-0.0793990012001615,51.5516726920387],[-0.0819426570954354,51.5520633110132],[-0.0853985195898088,51.5521342032641],[-0.0875649412474154,51.5528447195131],[-0.0885541811426647,51.5539405285157],[-0.0892863311338298,51.5537408711557],[-0.0903561415772903,51.554151426579],[-0.090396922359362,51.5575741751171],[-0.0917168676312077,51.5602014868106],[-0.0960169171182377,51.5612154570592],[-0.0985857950207302,51.5608139339952],[-0.0995655128000316,51.5615627987829],[-0.104373934561655,51.5647666585031],[-0.104032178579348,51.5649662463288],[-0.0980757578828272,51.5691117389273],[-0.096023376744274,51.570655344984],[-0.0976349831401733,51.5736455917374],[-0.0966009832537768,51.5738289657232],[-0.0946948311947085,51.5735893465898],[-0.0934811739312744,51.5739846893889],[-0.0914414525828898,51.573991785483],[-0.0898107494380284,51.5743959741299],[-0.0868585169768278,51.5743001613813],[-0.0872433567598026,51.5746975867724],[-0.0856588290596378,51.5750401019964],[-0.0808384261736449,51.5756394671424],[-0.0762426745972946,51.5749351965913],[-0.0757836860662353,51.5754933994577],[-0.0751824535311234,51.5753300944271],[-0.0744260966437104,51.5756774812291],[-0.0723920692476494,51.5756334618689],[-0.0667295655800099,51.5763428111203],[-0.066748822722587,51.5766432924546],[-0.0611585720665009,51.5777860371156]]]},"properties":{"LAD23CD":"E09000012","LAD23NM":"Hackney"}},{"type":"Feature","geometry":{"type":"Polygon","coordinates":[[[-0.233821247474086,51.5323311159152],[-0.230717348005316,51.5308699841631],[-0.228440758153743,51.5303191572033],[-0.228730175524929,51.5299056460842],[-0.227429972121213,51.5279963607892],[-0.227229453930617,51.5247772399887],[-0.22656793126906,51.5246259095213],[-0.226696960668858,51.5219392485144],[-0.228276943623204,51.5210951821809],[-0.22654329333555,51.5195770788459],[-0.222464368050734,51.5154070132861],[-0.220235964075799,51.5117327985062],[-0.219315925780897,51.5095542984828],[-0.217847732543837,51.5097527001205],[-0.218043289167948,51.5102242398798],[-0.217190220202911,51.5103992447955],[-0.216452382074861,51.5091126508188],[-0.215813858155986,51.5091534535686],[-0.215541653076812,51.5083920454068],[-0.215197890345675,51.5076513530123],[-0.21611922117336,51.5075212031114],[-0.215938670705129,51.5064003368576],[-0.217975379717538,51.5061431114391],[-0.217001985360401,51.5045041724699],[-0.216976653096357,51.5044661505247],[-0.215028905986165,51.5021853023547],[-0.213440028889613,51.5001774675102],[-0.210504590283717,51.4983468520202],[-0.207951410590124,51.4960315677401],[-0.20733489853243,51.496152795137],[-0.203085508305625,51.4933714679989],[-0.201833011307257,51.4918452962659],[-0.202364641392252,51.4916615395443],[-0.197966108552929,51.4879071851015],[-0.196405191810415,51.4871869027552],[-0.195906065404788,51.4873707114334],[-0.193630274569299,51.4858905028336],[-0.19077081676291,51.4831656874248],[-0.188262412705968,51.4809666771842],[-0.186521019063067,51.4798688460668],[-0.183876303255074,51.477443132667],[-0.183805527855666,51.4774336069098],[-0.183866769488335,51.4774354132485],[-0.184170020760942,51.4771789208178],[-0.182467545555604,51.4771138789367],[-0.180414164393764,51.477707022588],[-0.179362623599558,51.477623257493],[-0.18098872191042,51.4726000374413],[-0.183063337415531,51.4692172515278],[-0.184471881774165,51.4676828936983],[-0.186285001094092,51.4665279554508],[-0.188552082511586,51.4658368771362],[-0.190436201318301,51.4652624888556],[-0.194158689488193,51.4648405393077],[-0.197143620812638,51.4649759296552],[-0.197375571482652,51.4652109495967],[-0.197547491532176,51.4649933768637],[-0.197617393494121,51.4649937845415],[-0.199528076954256,51.465004907547],[-0.202757174305121,51.4653390442003],[-0.210531863519603,51.4671372885623],[-0.210505558181644,51.4677362517247],[-0.210985780371417,51.4673114760042],[-0.211307445646197,51.4674067575678],[-0.216783617128213,51.46960566159],[-0.221501731748251,51.4734821060526],[-0.222554214129561,51.474745346333],[-0.223286048456569,51.476695588804],[-0.223547941429191,51.477393454022],[-0.224024493505577,51.481699161579],[-0.223616529824783,51.4818944198542],[-0.224077293967389,51.4824337591475],[-0.225005632658715,51.4843061451728],[-0.226447731233805,51.4860470895897],[-0.227573960690401,51.4874066055162],[-0.227605756822565,51.4874449863529],[-0.228668819635466,51.4888268172304],[-0.232784836460965,51.4901874378799],[-0.234368475894577,51.4904110916443],[-0.234462639775293,51.4904063067629],[-0.234590814138328,51.4903997927153],[-0.240493936129523,51.4900996284221],[-0.243059991888701,51.4894330597748],[-0.244511877048261,51.4887045005761],[-0.24451713921975,51.4887022061498],[-0.244942229294421,51.4890016994666],[-0.245565857109029,51.4900526470131],[-0.244419991253253,51.4979389133674],[-0.24498272220723,51.4978967469421],[-0.245238856675817,51.4983063562906],[-0.245259712183608,51.4983397087986],[-0.245929225229688,51.4981413317811],[-0.249203165323049,51.4969499002884],[-0.251290048414711,51.4998583610812],[-0.253040909966186,51.5014223351426],[-0.25336434429858,51.5028933110964],[-0.255064221072407,51.5043292502531],[-0.253670894390568,51.5042845012974],[-0.253751509949108,51.5045512897628],[-0.252525892049911,51.5047136133471],[-0.252483672614707,51.504496673414],[-0.251079138134178,51.5046508778778],[-0.249917977859926,51.5044346069281],[-0.249421747147641,51.5046771365047],[-0.249256438152769,51.5044422153971],[-0.248089807238703,51.504609087097],[-0.247972376286306,51.5043611670499],[-0.245673763200907,51.5046286106463],[-0.246466730937967,51.5067430774356],[-0.245134655699555,51.5067695967454],[-0.246435348971348,51.5108223015602],[-0.2489713522111,51.5138906015186],[-0.250690282885466,51.5192006048532],[-0.250319092816483,51.5201852380572],[-0.251768043195903,51.5221170865436],[-0.252538390202769,51.5249868220605],[-0.250331435289123,51.5270599051558],[-0.250555873501414,51.5278115488252],[-0.249870747418338,51.5288700590043],[-0.246999780702846,51.5306888763478],[-0.245390921561337,51.531042059796],[-0.245256656076301,51.5312182271938],[-0.246975847906357,51.5317775892594],[-0.246281570983423,51.5327375103472],[-0.243236010560196,51.5317648416297],[-0.237528634817977,51.5320050201377],[-0.234409495958749,51.5326382757451],[-0.233821247474086,51.5323311159152]]]},"properties":{"LAD23CD":"E09000013","LAD23NM":"Hammersmith and Fulham"}},{"type":"Feature","geometry":{"type":"Polygon","coordinates":[[[-0.127655039084833,51.6094114536588],[-0.126319947661221,51.6093069411083],[-0.125367280948487,51.6100205568162],[-0.124952382805924,51.6099483040685],[-0.123486921645039,51.6086758460423],[-0.119177944677202,51.6083666215992],[-0.118730148124378,51.6086541312863],[-0.117473531407303,51.608206085834],[-0.117261438661317,51.6084373243632],[-0.115623936822363,51.6084221378447],[-0.114451348824525,51.6084025458124],[-0.110810160840815,51.6086146828211],[-0.109874618404933,51.6082556142574],[-0.103909387864823,51.6084404687776],[-0.10251433515093,51.6080441662509],[-0.101758394146256,51.6084924954352],[-0.0974662374519385,51.6085174711272],[-0.09766249221828,51.6089185569621],[-0.0957647533663085,51.6092991531386],[-0.0951588675735644,51.6086580716951],[-0.0935310051834223,51.6089908820825],[-0.0924534532593197,51.6088502779835],[-0.0924663129438352,51.6090909194562],[-0.0914205241932251,51.6087961355418],[-0.0855999001635884,51.6084732953088],[-0.0764556552835799,51.6084141668222],[-0.0680129825970826,51.608816883421],[-0.0674769277034504,51.60863989207],[-0.0670999268972526,51.6089491292129],[-0.0652270672977286,51.6085869007896],[-0.0545104924800384,51.6088873240967],[-0.0528770955128297,51.6085172335077],[-0.0528706736436861,51.6081106230429],[-0.0497389591616748,51.6072416623368],[-0.041390716789704,51.6056467853338],[-0.0435186348223699,51.6027101548176],[-0.0460324064712639,51.6001218410128],[-0.0504028618917922,51.5966640710556],[-0.0522889320835113,51.5935410377867],[-0.0535326863084434,51.5900059310483],[-0.0521573976884849,51.5876616512239],[-0.0532005923039354,51.5869327259975],[-0.0548398372104154,51.5857806006979],[-0.0557363367241384,51.584255158123],[-0.0578323463955487,51.582514606721],[-0.061000701093672,51.5808502208784],[-0.0619435035509746,51.5800296106398],[-0.062184586349229,51.5791920649462],[-0.0611585720665009,51.5777860371156],[-0.066748822722587,51.5766432924546],[-0.0667295655800099,51.5763428111203],[-0.0723920692476494,51.5756334618689],[-0.0744260966437104,51.5756774812291],[-0.0751824535311234,51.5753300944271],[-0.0757836860662353,51.5754933994577],[-0.0762426745972946,51.5749351965913],[-0.0808384261736449,51.5756394671424],[-0.0856588290596378,51.5750401019964],[-0.0872433567598026,51.5746975867724],[-0.0868585169768278,51.5743001613813],[-0.0898107494380284,51.5743959741299],[-0.0914414525828898,51.573991785483],[-0.0934811739312744,51.5739846893889],[-0.0946948311947085,51.5735893465898],[-0.0966009832537768,51.5738289657232],[-0.0976349831401733,51.5736455917374],[-0.096023376744274,51.570655344984],[-0.0980757578828272,51.5691117389273],[-0.104032178579348,51.5649662463288],[-0.104373934561655,51.5647666585031],[-0.104884456446495,51.5646713068331],[-0.110690523650188,51.5686128689472],[-0.115019872269648,51.5705899262584],[-0.115701333599976,51.5720164892168],[-0.116080307943225,51.5721843594858],[-0.115550981531812,51.5725812552891],[-0.117551176826914,51.5741419845593],[-0.119554521778125,51.5743804508141],[-0.118876825460692,51.5747308229343],[-0.119534587269282,51.5755067662442],[-0.119873002807983,51.5754705239496],[-0.123784663310148,51.5746469413595],[-0.124861081757225,51.5740921513654],[-0.127566925850632,51.5741469420636],[-0.131138788998908,51.5735929939261],[-0.133385080843479,51.5728751854436],[-0.138308605690534,51.5705940145198],[-0.140631972825196,51.5694284062351],[-0.14239561120072,51.569106002885],[-0.144381825926643,51.5700843791929],[-0.148682546469594,51.5709359176065],[-0.150146318151361,51.5715539259287],[-0.157735978505448,51.5720509807405],[-0.160476747192304,51.5727793597742],[-0.164539988212205,51.5725005392505],[-0.167287288028304,51.5729628336939],[-0.17123183297214,51.5724182514717],[-0.171199017776056,51.5735737886713],[-0.169444153912888,51.5739659882075],[-0.169705073518353,51.5763694982365],[-0.16931434680921,51.5774161935901],[-0.168063030081805,51.5769289526099],[-0.166812967212486,51.5786566223343],[-0.167036148691484,51.5817553222667],[-0.166190268347306,51.5820442621964],[-0.165721240568509,51.5832239576748],[-0.164580203367314,51.5839581716374],[-0.163070347355115,51.5843696587714],[-0.161339671284794,51.5852841266657],[-0.159617383637859,51.5844628864479],[-0.157940622793892,51.585735985534],[-0.157896820195769,51.5862099214159],[-0.157130981863992,51.586191395252],[-0.157400641593501,51.5865584842242],[-0.158679520180216,51.5866333502575],[-0.158630009713532,51.5880015589068],[-0.160234507311411,51.5879892193767],[-0.160161454713532,51.5896976205151],[-0.159755919169429,51.5897209438603],[-0.159431936973187,51.5915739294485],[-0.158685868117782,51.5919984468094],[-0.158864204228314,51.592318982632],[-0.159691068413208,51.5922272410468],[-0.161761100843511,51.597478859747],[-0.156340779674966,51.6053689288469],[-0.155863177309527,51.6054654953953],[-0.156082676176402,51.6051160768243],[-0.154673213688396,51.6042305826302],[-0.15340602278781,51.6028464369709],[-0.15294554604048,51.5991881427202],[-0.151330701481231,51.5974710999655],[-0.144470072322305,51.6001217846644],[-0.144171947680585,51.6010961153395],[-0.141972983318121,51.603708787002],[-0.143146734454601,51.6067182345436],[-0.143425303305972,51.6088310612988],[-0.13870599645949,51.6101857871696],[-0.135201500406691,51.6112183462889],[-0.127655039084833,51.6094114536588]]]},"properties":{"LAD23CD":"E09000014","LAD23NM":"Haringey"}},{"type":"Feature","geometry":{"type":"Polygon","coordinates":[[[-0.305573663802058,51.6341206603239],[-0.304460793558934,51.6320336651085],[-0.292643324982894,51.6217429466468],[-0.287385119527708,51.6170159016668],[-0.281030197237065,51.612272394832],[-0.278348902999475,51.6097853642648],[-0.267113115479641,51.6003719685842],[-0.270988838732912,51.598384005437],[-0.273067314998928,51.5983867005815],[-0.276964355852371,51.5969372666886],[-0.276510294245565,51.5965099196607],[-0.283353330016794,51.5957428264558],[-0.285568620796434,51.5952106868201],[-0.285774999335346,51.594728703035],[-0.286248533176676,51.5949363421391],[-0.287051822242211,51.5945628328865],[-0.290405901610672,51.5935438017632],[-0.288934236464643,51.59282119651],[-0.28563943939032,51.5918967304744],[-0.284197440660582,51.590495538519],[-0.282333959135817,51.5858399140231],[-0.28245801200774,51.5850516648197],[-0.301447504787293,51.5872714893535],[-0.304696795432772,51.5870525533089],[-0.30678464014985,51.586515437538],[-0.31253249193528,51.5844525810145],[-0.317025089189847,51.5820750923817],[-0.320199754188027,51.5803748930591],[-0.326634185132864,51.5786006739146],[-0.326587520367022,51.5782900170907],[-0.325352451810086,51.5759356326891],[-0.324804688150537,51.5733143219007],[-0.322148244821014,51.5696770571547],[-0.325216392497237,51.5684573243128],[-0.325051402557729,51.5682592373927],[-0.329849338123979,51.5671282189233],[-0.329689402526453,51.5661927211031],[-0.328672097370254,51.5659749842054],[-0.328237078551993,51.5625405953484],[-0.330042382729354,51.5622313972783],[-0.331264837354128,51.5614142892766],[-0.334034842324087,51.5587546624295],[-0.333930197310544,51.5576981992684],[-0.334857082126507,51.5578663745838],[-0.335555531666752,51.556556900043],[-0.338302842811169,51.5572258470797],[-0.343605546201471,51.5577170267268],[-0.345611192404932,51.5584501524292],[-0.347548976989506,51.5596573963232],[-0.362300315676161,51.5572483602334],[-0.362125241303673,51.5566107554022],[-0.362674841911475,51.5563288329561],[-0.362519599314103,51.5560431748247],[-0.372863810973885,51.5537488216973],[-0.373342930044203,51.5540964093984],[-0.375881513503431,51.553084604915],[-0.377843376019978,51.5549770644285],[-0.380241090382526,51.5590476868415],[-0.380088715629006,51.5595858010856],[-0.380422439051526,51.5608568239079],[-0.38233243396987,51.5628796999816],[-0.381892290346184,51.5630766879853],[-0.382399541453545,51.5636010831541],[-0.382358611270806,51.5648308699995],[-0.383296018626681,51.5672799495728],[-0.385883078066173,51.5708974941056],[-0.386475786941669,51.5715534322214],[-0.385651517379384,51.5721336233011],[-0.388075351840062,51.5749918006307],[-0.387536201348649,51.5752527221685],[-0.388544818560857,51.5776857042838],[-0.391563901542468,51.5815590520231],[-0.390978402327779,51.581697764352],[-0.391044193673723,51.583048318214],[-0.391984929059064,51.5882743644556],[-0.394459472115783,51.590420407502],[-0.395490674494017,51.5901938176749],[-0.395573576806697,51.5905935610788],[-0.395532851232754,51.5918844874556],[-0.396366445066841,51.5936159634187],[-0.396501870140447,51.5950527243487],[-0.39769618244992,51.5968808164439],[-0.400334603316673,51.5974161972124],[-0.39992651454445,51.5981789523138],[-0.401172349725285,51.5995605080189],[-0.402337877317186,51.6019398066615],[-0.402478037533898,51.605190347206],[-0.401760469398902,51.6066197402694],[-0.403215759027032,51.6090989976571],[-0.404003977890064,51.6131839735426],[-0.403988125680466,51.6131839873792],[-0.39946517299048,51.6134074682185],[-0.392678947906903,51.6151824348107],[-0.385871935681355,51.6158200437646],[-0.384571611905012,51.6161697525066],[-0.382026147813928,51.6174226527222],[-0.375839482692173,51.6181878000412],[-0.368174515273729,51.6206523793383],[-0.365536766081543,51.6213342252724],[-0.363431878763862,51.6225377569102],[-0.362621257698241,51.623504817498],[-0.361792560366205,51.6237297734751],[-0.359678561696669,51.6252622293865],[-0.349222330428968,51.6269094995071],[-0.345106261842187,51.6283307971152],[-0.339889641971043,51.6307237439792],[-0.338283831127965,51.6294726351838],[-0.333089080327958,51.633384437609],[-0.332971366752564,51.6338359448912],[-0.332583185685678,51.6337423289337],[-0.329982905777533,51.6353356704964],[-0.326546234454703,51.6367191630272],[-0.319792791191692,51.6382207082867],[-0.317549393191407,51.6402163111358],[-0.316672244970353,51.6405355675681],[-0.312318486481636,51.638961384094],[-0.305377121152003,51.6371078699195],[-0.304449971011893,51.6363487201659],[-0.305573663802058,51.6341206603239]]]},"properties":{"LAD23CD":"E09000015","LAD23NM":"Harrow"}},{"type":"Feature","geometry":{"type":"Polygon","coordinates":[[[0.224087730411796,51.6317377623678],[0.237351087365519,51.6240734063363],[0.252794278466979,51.6174287419575],[0.257692020085517,51.6141825208163],[0.259049364253879,51.6122840147741],[0.263257699303372,51.6091919953636],[0.26456196557058,51.6083206617928],[0.264325351656562,51.6078323709939],[0.263115428229239,51.6073196882458],[0.261676730277116,51.6074607776402],[0.258079242397805,51.6065074444713],[0.25799868440234,51.6049118432195],[0.257155907644333,51.604925349091],[0.256625410169394,51.6036063987863],[0.255165202713557,51.6026695060401],[0.254696024786328,51.6027315588144],[0.253916398804966,51.6019201231066],[0.254008700235285,51.6015982016854],[0.254816062670065,51.6013371731931],[0.257913605156736,51.6012749602742],[0.258251335331151,51.6009204466393],[0.260870024206464,51.6003904704842],[0.26464627109217,51.5997405973941],[0.269866485133475,51.5995544507301],[0.270315447605978,51.5975495915785],[0.26933354467737,51.5952979316459],[0.27025133392523,51.5910857501499],[0.271351573365837,51.5897552556483],[0.271232678370642,51.5889921583848],[0.272135855890178,51.5876141172567],[0.273810691930359,51.5868136711773],[0.281966271452787,51.5788960166873],[0.285025157678298,51.5741837120976],[0.286668922498019,51.5735667744429],[0.287123868086035,51.5727099894677],[0.286687112960368,51.5715533991492],[0.290201523969927,51.5644971991696],[0.290289733913774,51.5642993932384],[0.313035079940716,51.5658181328032],[0.315294829915934,51.5578352948889],[0.31650054707161,51.557685622882],[0.31843531652389,51.5567804348321],[0.318896899598589,51.5551912086879],[0.322053394624536,51.5541988676468],[0.32230582154122,51.552781891104],[0.3251574685972,51.5530582346387],[0.327816067967104,51.5509945694371],[0.327978840374596,51.5485613474987],[0.329467856349486,51.5465640920832],[0.328899973021285,51.5458370560344],[0.331445324595911,51.5459429287809],[0.333902598356895,51.5424937031792],[0.333333266905913,51.5412621597146],[0.333841742552962,51.5411648339583],[0.334024218329939,51.5405038046851],[0.331429400596117,51.5400454610799],[0.331590398372512,51.540796847098],[0.322441491335513,51.5405178533657],[0.310527026405698,51.539651535348],[0.310510176148717,51.5393469948463],[0.310040116575702,51.5392924197176],[0.300722930734955,51.5387560295107],[0.300858888257756,51.5381346280768],[0.297205278558138,51.537662220045],[0.29775498943779,51.5353185669032],[0.290439810515161,51.5346604035022],[0.290524699212002,51.5344851368085],[0.288075396198257,51.5345536215423],[0.2817620835633,51.5339419000178],[0.276340186976989,51.5329284623025],[0.276224401767285,51.5331789402796],[0.274959586472331,51.5329435616337],[0.270706243597923,51.5330935031064],[0.265347272043956,51.5321502659796],[0.265386704436751,51.5249558498383],[0.265670883202163,51.5246104256966],[0.2667515314686,51.5245131238062],[0.266638180028104,51.5229558907199],[0.265009318694286,51.5229010505656],[0.264035473598582,51.5210843287601],[0.263682923643184,51.517869793022],[0.262307889224424,51.5179304906818],[0.260303107596572,51.518371117731],[0.258928148628116,51.5177635915265],[0.253834318187163,51.5178858725017],[0.252332823507909,51.5247900157008],[0.251536193164843,51.5259708528169],[0.250852046826051,51.5288186270972],[0.248964774122808,51.5286740297463],[0.248882245032363,51.5274093793098],[0.248290946236306,51.5275511687393],[0.246324681853086,51.5265320935134],[0.247090030662765,51.5250920643926],[0.245837497776256,51.5235161815143],[0.242855999994698,51.5243924632195],[0.241038342371993,51.5226060804378],[0.240724594603274,51.5212073873731],[0.244299500574831,51.5204717430195],[0.244665674083467,51.5201499735769],[0.244228494460724,51.5197599681822],[0.244905836375926,51.5187594758614],[0.243936552751851,51.5183373988483],[0.240195293721183,51.51935141497],[0.23717600954358,51.5193344344092],[0.241142377348182,51.5137431575513],[0.239974249865455,51.5130532461809],[0.240306918525124,51.5107554634865],[0.240601660610401,51.5105069952477],[0.241502262637164,51.5106210422842],[0.241919319161816,51.507960127814],[0.239998906759376,51.5077072518084],[0.239846708667299,51.5072785224752],[0.233441679621537,51.5066704259294],[0.228956434706699,51.5068043731511],[0.226597286350539,51.5065632436345],[0.226396337183668,51.5059285549973],[0.226020782132384,51.5058799500614],[0.22661442818287,51.5044891625318],[0.229965349544136,51.4993659196352],[0.227907634814815,51.4988600565172],[0.224360731972241,51.4973257735837],[0.223606650551861,51.4979066729059],[0.221654041113826,51.4978105604461],[0.217025915516599,51.496583431119],[0.215487472707436,51.4966197213431],[0.214156929096117,51.4960396107991],[0.213543890555933,51.4950133954013],[0.213074626967269,51.4950222533318],[0.211932601890547,51.4910444781317],[0.210693317337075,51.4901847592534],[0.210575775391054,51.4902477546488],[0.209640744454131,51.4897692808451],[0.208874603367088,51.4898637554218],[0.209313718258614,51.4904238607574],[0.208366747037579,51.4896691723337],[0.201046537249163,51.4891484891709],[0.196314168137655,51.4881580195514],[0.191597288612279,51.4880852864208],[0.189173732149631,51.4877123658127],[0.187657973831843,51.4878854443874],[0.187482151264599,51.4885749128653],[0.184786729408486,51.4907071071096],[0.183866199833321,51.4922423193677],[0.183315760740498,51.4953705437998],[0.182563369244045,51.4959358371919],[0.182491378362689,51.4965239892345],[0.183751235065009,51.4971538999197],[0.182868261001597,51.4979113848352],[0.182920167125339,51.4986108592921],[0.182923043487266,51.4986496135964],[0.182264295911253,51.4990953494645],[0.182515176169593,51.4994000501126],[0.180180335665186,51.5013599349596],[0.180271768321775,51.5021725736094],[0.17853043795575,51.5052744321847],[0.17410354688398,51.5079934783237],[0.172208816779667,51.508330102376],[0.166202205356285,51.5106741794246],[0.165002402903745,51.5116498465941],[0.163862869182584,51.5116447762616],[0.163606385933079,51.5119197439328],[0.162531095473409,51.5116279480369],[0.159938961096818,51.5117633502928],[0.159528546308957,51.5119228829393],[0.15958340640759,51.5124152766855],[0.158756508323291,51.5122652093097],[0.15961339949936,51.5157710832545],[0.162282351387461,51.5213710904617],[0.162329976802079,51.5223362712806],[0.16444905840584,51.527014304003],[0.165962965775036,51.5287933748298],[0.168696354883914,51.5311908404838],[0.170789863690154,51.5326341019891],[0.17249553690431,51.5357773235924],[0.173882834430427,51.5373884279331],[0.175073248709193,51.5385129425635],[0.17657089623205,51.5392453454728],[0.178075658693201,51.5395414196392],[0.179232426985772,51.54029083869],[0.180377631779663,51.5440966510801],[0.1826044479021,51.5458344898708],[0.18601364212704,51.5475359222481],[0.187493161398344,51.5501981414559],[0.189598191738071,51.5514570732023],[0.190169028841709,51.5527208617518],[0.187881083994856,51.5540940021187],[0.186936385277378,51.5557831656751],[0.185865487146026,51.5563432160949],[0.184758725100155,51.5564089261411],[0.185039737914464,51.5567915814967],[0.184413098077479,51.5576532839405],[0.184791816200115,51.5598755262193],[0.182665768712343,51.5612427077743],[0.183994548015001,51.5638519337577],[0.185179273154283,51.5647514922526],[0.185180463309676,51.565513082632],[0.183481321442701,51.5646328263537],[0.178743970957364,51.564940834258],[0.176117781458231,51.5647219914355],[0.173401352116817,51.5650930691571],[0.168540865226235,51.5635988839765],[0.16636792610052,51.5632718234786],[0.161893735700278,51.5616168738061],[0.154363765796302,51.5661131544118],[0.151310465967264,51.5680842977862],[0.150414733712369,51.5678417592707],[0.148736447411088,51.56863767512],[0.146703647684621,51.5687966342285],[0.146674855399834,51.5694310062223],[0.149736009898797,51.5697102828221],[0.148988109531544,51.5731491306588],[0.147944569813229,51.5731242584531],[0.148039018161371,51.575792138115],[0.147012279510983,51.5757076230252],[0.147452002377933,51.5808125583951],[0.14856379433479,51.5807750120061],[0.150973634032508,51.5838286639678],[0.151276598075538,51.5898836755789],[0.150619253152612,51.5913744340506],[0.151137669958092,51.5954512863256],[0.149879933900273,51.5970116765394],[0.148066115493633,51.5963564140715],[0.148153093952352,51.5967765492749],[0.147649118923652,51.5967943298447],[0.14820590165784,51.5989684651636],[0.149510112602879,51.6029042474414],[0.148618257531294,51.6044404201302],[0.148702061675442,51.6086977518275],[0.147540561512271,51.6122233529635],[0.145513450183006,51.6145345425324],[0.144374330471667,51.6168049681542],[0.138184235471144,51.6235453969741],[0.151073417666375,51.6232470437922],[0.155545015252706,51.6233404718765],[0.162530221812874,51.6225771849363],[0.162801932714823,51.6227925345193],[0.165840788023513,51.6223794474696],[0.16890129781848,51.6214201704836],[0.175303885291077,51.6235877406178],[0.180397231258125,51.6244726211463],[0.180612434833379,51.6257357212733],[0.181238047261213,51.6258265951475],[0.182784975586598,51.6257259340545],[0.185931858915748,51.624373338387],[0.186268761256766,51.6245595504157],[0.185997113774138,51.6255223462298],[0.188371546923765,51.6254133065393],[0.18940055171144,51.6244904200979],[0.189814527404496,51.6251041140172],[0.194775111046519,51.6257147420022],[0.200311572516926,51.6249357576146],[0.203614197353024,51.6251732502221],[0.208496660961782,51.62668769614],[0.212251016379556,51.6269792941631],[0.212109364039914,51.6271870385951],[0.217546984560731,51.6290934381537],[0.222076944786036,51.6301264417331],[0.224087730411796,51.6317377623678]]]},"properties":{"LAD23CD":"E09000016","LAD23NM":"Havering"}},{"type":"Feature","geometry":{"type":"Polygon","coordinates":[[[-0.494210180014142,51.6310523143107],[-0.493480882577229,51.6305614349791],[-0.491526450108775,51.6307647518891],[-0.488177909365534,51.6269629976248],[-0.478666488977238,51.6225017178548],[-0.476695138061388,51.6218902245005],[-0.46915075929997,51.6168421606862],[-0.464451355443198,51.6147735494274],[-0.459742898262006,51.6131593478112],[-0.457130755473738,51.6122938899877],[-0.455347724742092,51.6127011329029],[-0.448878700687709,51.6153253077351],[-0.445548334763496,51.6196247246682],[-0.44325573325963,51.6195027182935],[-0.440575301279442,51.6200732393013],[-0.438282252147841,51.6199223618822],[-0.432730160764855,51.6183485466293],[-0.428395647588457,51.6177521102284],[-0.426481434439677,51.6170070468891],[-0.420902666008495,51.6169331697307],[-0.416617279539307,51.6164250288301],[-0.411985221570793,51.6141826865732],[-0.411000788489722,51.6137917019861],[-0.404003977890064,51.6131839735426],[-0.403215759027032,51.6090989976571],[-0.401760469398902,51.6066197402694],[-0.402478037533898,51.605190347206],[-0.402337877317186,51.6019398066615],[-0.401172349725285,51.5995605080189],[-0.39992651454445,51.5981789523138],[-0.400334603316673,51.5974161972124],[-0.39769618244992,51.5968808164439],[-0.396501870140447,51.5950527243487],[-0.396366445066841,51.5936159634187],[-0.395532851232754,51.5918844874556],[-0.395573576806697,51.5905935610788],[-0.395490674494017,51.5901938176749],[-0.394459472115783,51.590420407502],[-0.391984929059064,51.5882743644556],[-0.391044193673723,51.583048318214],[-0.390978402327779,51.581697764352],[-0.391563901542468,51.5815590520231],[-0.388544818560857,51.5776857042838],[-0.387536201348649,51.5752527221685],[-0.388075351840062,51.5749918006307],[-0.385651517379384,51.5721336233011],[-0.386475786941669,51.5715534322214],[-0.385883078066173,51.5708974941056],[-0.383296018626681,51.5672799495728],[-0.382358611270806,51.5648308699995],[-0.382399541453545,51.5636010831541],[-0.381892290346184,51.5630766879853],[-0.38233243396987,51.5628796999816],[-0.380422439051526,51.5608568239079],[-0.380088715629006,51.5595858010856],[-0.380241090382526,51.5590476868415],[-0.377843376019978,51.5549770644285],[-0.377656412711582,51.5546995666517],[-0.385035861073689,51.5512586051218],[-0.392796401622069,51.5489689422884],[-0.394210632799448,51.5486144959215],[-0.394946979967999,51.5487312786007],[-0.394986043334604,51.5480387095923],[-0.394879242969686,51.5476465822277],[-0.398706173814887,51.5478973606328],[-0.397890417634814,51.5456669279536],[-0.396540579884704,51.5459670738746],[-0.39634437286305,51.5457040616067],[-0.395285532006663,51.5425516337396],[-0.397831391499307,51.5423299653373],[-0.405008718566556,51.5424900668379],[-0.4162187707012,51.5402102437118],[-0.418586413502544,51.5402219666296],[-0.419461122189951,51.540314912172],[-0.41938850960014,51.5399090590127],[-0.418159934292837,51.5391540391128],[-0.419548090734817,51.5387062299293],[-0.41937990160405,51.5382619085038],[-0.417489782128102,51.5378387039973],[-0.417431210773785,51.5366461553583],[-0.415306149337927,51.5365565827529],[-0.414763950786028,51.5359758704464],[-0.413819749243935,51.5357438408003],[-0.413487345767395,51.5347120234404],[-0.41222056534672,51.5344946860054],[-0.411845422020107,51.5340728137409],[-0.411049520079079,51.5342901858878],[-0.405321733528102,51.5332205909574],[-0.392648908258066,51.5314488421947],[-0.389276233506824,51.5308027103279],[-0.387115192662479,51.5295742122761],[-0.386642781660345,51.5303991552898],[-0.380996722618005,51.5294116951348],[-0.376371680549652,51.5288849029048],[-0.376145316078738,51.524945206298],[-0.381788639446717,51.5186204248873],[-0.383430006100638,51.5174885792511],[-0.384947709027511,51.516373685094],[-0.38911607191857,51.5146651699244],[-0.390422060131917,51.5132045626442],[-0.393513489171671,51.5070117298059],[-0.40023371074684,51.5042927092881],[-0.402859076450413,51.5035818373252],[-0.403819232556505,51.5029338451576],[-0.403833880792223,51.5029193923033],[-0.406918399587474,51.4996663980547],[-0.40922118558619,51.5003295634308],[-0.40963795368194,51.4999359115784],[-0.410824254026211,51.4977394295366],[-0.41053842709551,51.4962068116996],[-0.411429611768479,51.4948583547734],[-0.411846360332265,51.4924365399429],[-0.412630495035642,51.4885281344413],[-0.413314897699202,51.4872243416013],[-0.413928076156038,51.4872201164333],[-0.414537371041991,51.4864428796534],[-0.414589867349905,51.4861695035473],[-0.413972371112925,51.486077471315],[-0.414732909190859,51.4855691603896],[-0.416207131304551,51.4829604185338],[-0.41692034965768,51.4824628934231],[-0.416402112037153,51.482108699571],[-0.41674675099563,51.4805712376836],[-0.414890863109542,51.4769085929181],[-0.415774884585821,51.4739385123921],[-0.414738221996228,51.4734217010203],[-0.412866178871015,51.4713396060453],[-0.411363360666867,51.4704983173294],[-0.411131663867979,51.4698875147721],[-0.420209163731638,51.4671420700067],[-0.420282077206307,51.4667813063344],[-0.421924734333478,51.4666240541589],[-0.433596848004709,51.4617176956989],[-0.436579316441717,51.4578514012673],[-0.434786162764005,51.4570946422608],[-0.434997243798071,51.4568836646676],[-0.441424059282673,51.4567775476859],[-0.443949638873137,51.4532905922729],[-0.449122696011472,51.4538057072632],[-0.453782881340728,51.4548534688653],[-0.453949876033812,51.455451994774],[-0.455421771421196,51.4556238984369],[-0.455363519486257,51.4552822910012],[-0.455735987025624,51.4552323150212],[-0.458723754309907,51.4563417409398],[-0.461113245329111,51.4571744004474],[-0.468764042358764,51.4578335595637],[-0.473617541485337,51.4585767294631],[-0.476054109765016,51.4600823256527],[-0.476481138422562,51.460595058148],[-0.475912440424056,51.4607922432419],[-0.477154075467776,51.4613753654086],[-0.48619975341885,51.4613666645817],[-0.489617451707073,51.4617956223372],[-0.492154235722143,51.4629883043819],[-0.493866101952904,51.4627634643535],[-0.496941186913499,51.4658495702544],[-0.498097277725186,51.4664408000966],[-0.501015709361946,51.4673144416223],[-0.504252974031127,51.4677662833413],[-0.506380359413811,51.4677518543106],[-0.507295325694769,51.4669435750089],[-0.508788421574085,51.4671033031405],[-0.510241120496709,51.467500348706],[-0.509807321692741,51.4692072646179],[-0.50849877081596,51.469418431044],[-0.505942270589562,51.4724787224197],[-0.503494938672219,51.4805200384421],[-0.501955132674415,51.4828581448776],[-0.498699721684486,51.4860799059876],[-0.498996806746307,51.4867248614088],[-0.499675950001652,51.4868342382461],[-0.499024434028171,51.487858198697],[-0.499169215876422,51.4885812136706],[-0.498307585240541,51.4884551126003],[-0.497978110137032,51.4888824930183],[-0.498629785052795,51.4892613978593],[-0.497382045763709,51.489882971247],[-0.496650754037745,51.4898268510037],[-0.496761568359183,51.4904874026599],[-0.495986207409483,51.4905430852927],[-0.494942278304082,51.4913173749482],[-0.495348927702837,51.4920465413581],[-0.494830416382881,51.4926576575784],[-0.491444676643396,51.4930637199972],[-0.490116783229529,51.4945789160118],[-0.490024731164425,51.4947476352948],[-0.489627338591989,51.4955257847098],[-0.488702732485759,51.4959742734093],[-0.48902468302824,51.4973677223357],[-0.489506678817567,51.4975609708589],[-0.488852671675367,51.4985596737042],[-0.489597588650347,51.4986448063476],[-0.489764829162995,51.4989895644144],[-0.488759525420495,51.5001977562932],[-0.487496398030058,51.5003586164954],[-0.487235553476811,51.500968971377],[-0.4862629163842,51.5008633491926],[-0.486297608734147,51.5017720126901],[-0.485226935454765,51.5025791767119],[-0.484693041916118,51.5036005399682],[-0.48529156049607,51.5040178692956],[-0.484895757342036,51.5043733439779],[-0.485095648943368,51.5051663436324],[-0.483950090929856,51.505687474829],[-0.483266374938188,51.5066408013912],[-0.483268224863511,51.5072136301816],[-0.48402411224431,51.507687853454],[-0.48359100657625,51.5080806089143],[-0.48585399694688,51.5098431075334],[-0.485535852064559,51.5100278081243],[-0.48978652323901,51.5115268286627],[-0.489921430798479,51.5134142435944],[-0.489560812101573,51.5140777114153],[-0.491199327048256,51.5152570406568],[-0.492329767424708,51.5170771633228],[-0.491631096332019,51.5188972062554],[-0.490366717444449,51.52016950523],[-0.491173211463826,51.521279678788],[-0.49052218356144,51.5224825609549],[-0.490256627097217,51.5245850501975],[-0.490819364282009,51.5264437953345],[-0.489455604889582,51.5276195123335],[-0.488973661709899,51.5290887448342],[-0.489886983581709,51.5304369241911],[-0.49012850555366,51.5320711952617],[-0.491188814012385,51.53327272301],[-0.490481810396702,51.5341574626111],[-0.491207260895676,51.534325014175],[-0.491595796808793,51.5349172134605],[-0.493328796553323,51.5358369185137],[-0.49548974434616,51.538429206093],[-0.493584924005186,51.5410053665102],[-0.491806813320703,51.5415732328304],[-0.492098080580767,51.5424483397425],[-0.491074733262535,51.5445312746041],[-0.490782112817112,51.5450419263132],[-0.491564434879796,51.5453288675578],[-0.491392581552945,51.546077563786],[-0.489311370782817,51.5463834984103],[-0.489514221844471,51.5471809744693],[-0.488148901429543,51.5474304774176],[-0.486597107292304,51.5500344697693],[-0.484227716383995,51.5514551788801],[-0.482664861360182,51.5515222535438],[-0.478882100802227,51.554836275641],[-0.477784298092541,51.5548382098656],[-0.477329883021475,51.5552720841866],[-0.476595819817008,51.5580311861359],[-0.476986931705237,51.5596252774706],[-0.477518912026973,51.5602823173721],[-0.480421055378501,51.5608144822593],[-0.481040707828238,51.5607056448794],[-0.480752350677791,51.5617809370364],[-0.482793741222473,51.562821667968],[-0.482245240435,51.5639152612677],[-0.483221553434395,51.5651400567505],[-0.482578819452941,51.5657261360037],[-0.484762571793146,51.5668711546682],[-0.484012855777258,51.5711957231113],[-0.485061222329002,51.5722991683793],[-0.485533844261732,51.5738410513505],[-0.484541753875331,51.5742958858984],[-0.484026266081064,51.575127326873],[-0.488060351626916,51.5764580349425],[-0.488120815477178,51.5769416449734],[-0.488935439625814,51.577271351544],[-0.48946612053725,51.5781549365891],[-0.488553064489496,51.5796188304845],[-0.489602980617373,51.5817724942576],[-0.494825295709162,51.5847772588806],[-0.494941539394957,51.586546640428],[-0.49574126561331,51.5881160407892],[-0.497209494067828,51.5893389032466],[-0.497912383295883,51.5909610747789],[-0.498822083760922,51.5912182122689],[-0.498620530740637,51.5919017202208],[-0.499542328397435,51.5921428252494],[-0.498782490579854,51.5930763901723],[-0.498568487558822,51.5944440252902],[-0.499401600021716,51.5953152450943],[-0.499634636476258,51.5967032391841],[-0.500544826185814,51.5985220429317],[-0.500595886737316,51.5996898995638],[-0.500827277038045,51.6002503767583],[-0.500169839989581,51.6012284195778],[-0.499231467220527,51.6013715466743],[-0.498117513597482,51.6009103979455],[-0.497385262759285,51.6009594805477],[-0.496676942360353,51.6014207045921],[-0.496257603641733,51.6024440361901],[-0.49711034664165,51.6031635311043],[-0.497200381387699,51.6048102426529],[-0.498562120178398,51.6083125557626],[-0.499214909481778,51.608881107723],[-0.498377553874772,51.6094024695634],[-0.498934567264451,51.6101604319308],[-0.498939388796522,51.6110651012692],[-0.497775375185582,51.6144321569546],[-0.497033626983844,51.6148758710047],[-0.495321906681722,51.6189375460202],[-0.4968685670868,51.6205237737269],[-0.499111058443274,51.6210328065187],[-0.500148673577685,51.622071879029],[-0.500047387696966,51.6236540948977],[-0.498370277589076,51.6247440916386],[-0.497635161966895,51.6266176418476],[-0.500147340423195,51.6286397033011],[-0.499965026435791,51.6291733052972],[-0.499261609188921,51.6304798534046],[-0.497127638653444,51.6316791116031],[-0.496147547043516,51.6317362565821],[-0.495524794108788,51.6311685223858],[-0.494210180014142,51.6310523143107]]]},"properties":{"LAD23CD":"E09000017","LAD23NM":"Hillingdon"}},{"type":"Feature","geometry":{"type":"MultiPolygon","coordinates":[[[[-0.326393087573391,51.4608910475987],[-0.326393507395222,51.4608855106008],[-0.326431629146651,51.4609192281734],[-0.326393087573391,51.4608910475987]]],[[[-0.323685889149201,51.4651174734537],[-0.32433963413763,51.4645666344193],[-0.323989114919517,51.4649818131744],[-0.323685889149201,51.4651174734537]]],[[[-0.319775972807439,51.4706804564297],[-0.320907288566913,51.4659823187892],[-0.32129999589734,51.4668746051403],[-0.321219446746203,51.4695613242772],[-0.320469082621924,51.4704696181854],[-0.319775972807439,51.4706804564297]]],[[[-0.297667537218587,51.485223943561],[-0.298568514580154,51.4841123412537],[-0.29903900198016,51.4846672677127],[-0.298651083818592,51.484515260089],[-0.298112306470681,51.4848493300326],[-0.29843689053787,51.4850366794401],[-0.297889193960534,51.4852293707977],[-0.297749237110034,51.4852786102801],[-0.297624608081035,51.4852769063018],[-0.297667537218587,51.485223943561]]],[[[-0.244779454490665,51.4880006370052],[-0.247566423995083,51.4865414221872],[-0.246235610853322,51.4875903150851],[-0.244907411777773,51.4881756598746],[-0.244477991114727,51.4882739997668],[-0.244779454490665,51.4880006370052]]],[[[-0.280772402092,51.502847528294],[-0.277402382334547,51.4990864628416],[-0.274176319018755,51.497292792913],[-0.272401695976202,51.4961562091872],[-0.271303045031441,51.4948013573035],[-0.269061038858674,51.4940263218445],[-0.267676633366511,51.4939192521225],[-0.261483309223535,51.4946413215647],[-0.255422123395226,51.4949783448165],[-0.255606406879975,51.4960333579437],[-0.252771583657548,51.4998884980966],[-0.253040909966186,51.5014223351426],[-0.251290048414711,51.4998583610812],[-0.249203165323049,51.4969499002884],[-0.245929225229688,51.4981413317811],[-0.245259712183608,51.4983397087986],[-0.245238856675817,51.4983063562906],[-0.24498272220723,51.4978967469421],[-0.244419991253253,51.4979389133674],[-0.245565857109029,51.4900526470131],[-0.244942229294421,51.4890016994666],[-0.24451713921975,51.4887022061498],[-0.247638033090757,51.4873410402492],[-0.249713346511328,51.4856935369803],[-0.249430245279678,51.4855638656761],[-0.251401184465005,51.4821782828435],[-0.251528006063237,51.4773344517159],[-0.252697152941449,51.4750582808489],[-0.25465189688673,51.4729080150667],[-0.258065991599084,51.4716593135051],[-0.262135076139299,51.4713572428834],[-0.265678740766768,51.4719240453603],[-0.269125135946822,51.4735505295006],[-0.273062253676309,51.4769681194248],[-0.273419111347364,51.4775902583619],[-0.275271506063785,51.4808193924082],[-0.276716500370242,51.4833380078801],[-0.281565624776101,51.4862871606685],[-0.286444158997584,51.4874956422733],[-0.287249571787035,51.4879314077877],[-0.287419998761071,51.4876560677038],[-0.287446558347857,51.4876131583361],[-0.29246184737579,51.4874637761263],[-0.292666590079345,51.4873943116371],[-0.298851188389534,51.4852957541311],[-0.299015400652907,51.4853063507284],[-0.300401978823454,51.4839770470503],[-0.299966155102813,51.4841357487049],[-0.299717357017977,51.4832580519609],[-0.300506280910718,51.4837938389196],[-0.301419643566376,51.4833768631982],[-0.300362665544346,51.4835079573335],[-0.300182139329026,51.4831685646648],[-0.301018237405761,51.4829931771265],[-0.303394335185601,51.4825936679222],[-0.304205643154527,51.4832222989249],[-0.305088070374836,51.4826707602813],[-0.306273189577842,51.4827926429339],[-0.304863917245117,51.4822963835144],[-0.304022434109202,51.4829584122109],[-0.304384941608407,51.4821736437776],[-0.300090794900859,51.4827005190708],[-0.300928659769566,51.4817018744475],[-0.303537537149551,51.4798974766527],[-0.304118608429246,51.4796068720982],[-0.30466779992558,51.4799237109591],[-0.304277874919713,51.4796033295478],[-0.304648075122245,51.4796010373466],[-0.304463100208062,51.4791325412606],[-0.305213651866614,51.4782706469931],[-0.305750249258055,51.4783440464637],[-0.305357507496577,51.4781387343554],[-0.306175135457294,51.4769617103175],[-0.307066052835895,51.4770446273368],[-0.306264366546903,51.4768658778415],[-0.306930916350892,51.4762095928758],[-0.308073590263858,51.4756447059961],[-0.308041046179009,51.4758627589677],[-0.308748909036499,51.4758797139609],[-0.308233813119794,51.475575975171],[-0.309314150662648,51.4750214261701],[-0.30958681473946,51.4752416275193],[-0.309351238079197,51.4749725018154],[-0.309765992562579,51.4751664245381],[-0.309507088825394,51.4749050562332],[-0.310104001396786,51.474923550943],[-0.309993236694313,51.4746670160314],[-0.310616580929483,51.4749250908289],[-0.31024962371033,51.4745286282072],[-0.310662544855287,51.4746941948272],[-0.310625878190218,51.4743807259368],[-0.311151968172075,51.4747183298106],[-0.310716413385483,51.4743271755469],[-0.311318477587845,51.4745570631949],[-0.311309301329686,51.4741423745715],[-0.311651565959442,51.4744472040247],[-0.311336593435763,51.4740856648775],[-0.311845620076269,51.4743393892462],[-0.311460470930404,51.4740065156265],[-0.312032288119697,51.4742170797605],[-0.31164348759516,51.4739246206517],[-0.312017079611213,51.4737510468419],[-0.312467364494379,51.4739967289677],[-0.312171291136956,51.47370830365],[-0.312711985422259,51.4738842448637],[-0.312469974892922,51.4736721355323],[-0.312959625449747,51.4737484230579],[-0.312903510373546,51.473512910287],[-0.313445725858076,51.4739015437567],[-0.313100772503876,51.4734545986084],[-0.313880791919316,51.4734662657043],[-0.313856170071864,51.4731965848814],[-0.314206493909516,51.4734588081521],[-0.313918302869092,51.4731907337939],[-0.314300078932249,51.473263666223],[-0.314290539586241,51.4730535531072],[-0.3147169413047,51.4734004990769],[-0.31441885917653,51.4729708675789],[-0.316000143964369,51.4724633843347],[-0.316248928493035,51.4726599366032],[-0.316196519334359,51.4724015476408],[-0.319046036700629,51.4715007379838],[-0.319066203178041,51.4714943626732],[-0.320198710395752,51.4713043005281],[-0.321446013955583,51.4704894509002],[-0.322532386022837,51.470685745987],[-0.322486128831666,51.4704746587609],[-0.321497404720767,51.4704034084163],[-0.322233578524099,51.469037184394],[-0.321774169058415,51.4654317960255],[-0.323514029036673,51.4653298892831],[-0.324037805499753,51.4650424218083],[-0.324824785931235,51.464368437097],[-0.325205783547585,51.4638367975743],[-0.325343873296781,51.4637204381772],[-0.325716053946399,51.463124753288],[-0.326777994434598,51.4616428161377],[-0.326861258371947,51.4612917170062],[-0.326886287042126,51.4612516545915],[-0.326877324873667,51.4612451015452],[-0.326892872521222,51.4611584098087],[-0.326437229594522,51.4608636965607],[-0.326739097422449,51.460052725976],[-0.326410054676839,51.4606670441678],[-0.326513406711705,51.4593024661584],[-0.325588217827617,51.4580808630278],[-0.326934014640788,51.457010899904],[-0.328455258887979,51.45799909595],[-0.330373639818618,51.457933567454],[-0.331400259935538,51.4573568798444],[-0.333027908582819,51.4553783484737],[-0.333616069775311,51.4552400735766],[-0.333692637193721,51.4554909246198],[-0.33627331434432,51.4556789092527],[-0.336982324195838,51.4546481894605],[-0.337512639549886,51.4547671989246],[-0.337736793521604,51.455475260631],[-0.338548700277405,51.4560992566819],[-0.338953300500773,51.4558810181131],[-0.340644811569025,51.4572689080592],[-0.340111328286192,51.4592412565413],[-0.341706616118169,51.4590172888699],[-0.342735402175869,51.4580717803339],[-0.345289190489759,51.4578593824199],[-0.346024097188038,51.4572598748538],[-0.348569300602764,51.4567646680306],[-0.352810773187725,51.4568638217928],[-0.353487090513193,51.4581802379637],[-0.355812842546929,51.4583807055032],[-0.359854797465852,51.4582018569009],[-0.362636099233493,51.4576832701235],[-0.364419302861009,51.4575872325095],[-0.36503235055546,51.4578055848978],[-0.367837401588697,51.4574249225411],[-0.368435236749007,51.4568626140752],[-0.369564447011299,51.4569676517807],[-0.369570162557889,51.4569681853762],[-0.372439929994924,51.4572354165028],[-0.372687650270116,51.4569976488411],[-0.373024056271843,51.4574730212235],[-0.375258068480552,51.4562711375519],[-0.383751479151189,51.4495061839098],[-0.384490171047228,51.4498948972723],[-0.387786648191089,51.4493713181395],[-0.386257004588281,51.4481240831366],[-0.386223447876443,51.4467121010232],[-0.382905141601064,51.4450951345671],[-0.379747633102291,51.4443217430622],[-0.379546064371273,51.4431036731666],[-0.378205143117411,51.4424842939115],[-0.377126285412797,51.4424596279486],[-0.375926680168315,51.4430871196178],[-0.373881385979297,51.4430339798821],[-0.37307817455589,51.4436692785413],[-0.367098818227581,51.4417006807183],[-0.366823470215651,51.4416233272208],[-0.377761461379696,51.436819417208],[-0.377871941022836,51.4362797850656],[-0.37609256289144,51.4355062687481],[-0.376157260562842,51.4354671472431],[-0.383150312332945,51.4322384454304],[-0.387726274714751,51.4288877283161],[-0.387934644192034,51.4286236374672],[-0.387103166507676,51.4281760169235],[-0.388057123788859,51.4278496962925],[-0.388387260380427,51.4279972713816],[-0.384081926037091,51.4226923932331],[-0.384951484237788,51.4212588671222],[-0.385430928192615,51.4206290165035],[-0.391019331671074,51.4231458330768],[-0.392754332190993,51.4234436096057],[-0.392912348231466,51.4232769184651],[-0.39131707100993,51.422315412796],[-0.394511657485767,51.4232382792082],[-0.398112219660125,51.4235564511148],[-0.401759735010021,51.4233122020307],[-0.405361519526498,51.4224799828886],[-0.407775633374297,51.4235783905923],[-0.408441393437487,51.4238347487988],[-0.409006533109657,51.4254511810789],[-0.410868379205711,51.4273423264004],[-0.413086017775112,51.4278552918913],[-0.412452594196594,51.4287818985058],[-0.414352303011755,51.42929583262],[-0.413806058184536,51.430075298201],[-0.417900391369536,51.4310280402886],[-0.417294140034465,51.4319181789116],[-0.418356202174201,51.4318667927946],[-0.418583730845841,51.4321099658807],[-0.419078640341703,51.4323594365761],[-0.421153880112781,51.4321715202541],[-0.423579568058236,51.4311610499345],[-0.423498704137031,51.4308776020504],[-0.427485561864324,51.4308195792859],[-0.427831380170741,51.4292523695144],[-0.429424721185525,51.4293950432633],[-0.429534400842161,51.4287976175425],[-0.432639793866264,51.4290180750099],[-0.439983256299083,51.4306264509747],[-0.439752292782007,51.4346195975578],[-0.447716870984933,51.4350029833458],[-0.446288585067704,51.4399964201801],[-0.453660346816655,51.4384940765264],[-0.456475091199213,51.4382245463946],[-0.455391174524668,51.4421192262895],[-0.457443722592711,51.4429987889178],[-0.457461624027761,51.4490906308342],[-0.46148169282775,51.4489923775837],[-0.461319944712023,51.4523912637458],[-0.459838360775427,51.4522395487305],[-0.459294048144444,51.452715335804],[-0.458723754309907,51.4563417409398],[-0.455735987025624,51.4552323150212],[-0.455363519486257,51.4552822910012],[-0.455421771421196,51.4556238984369],[-0.453949876033812,51.455451994774],[-0.453782881340728,51.4548534688653],[-0.449122696011472,51.4538057072632],[-0.443949638873137,51.4532905922729],[-0.441424059282673,51.4567775476859],[-0.434997243798071,51.4568836646676],[-0.434786162764005,51.4570946422608],[-0.436579316441717,51.4578514012673],[-0.433596848004709,51.4617176956989],[-0.421924734333478,51.4666240541589],[-0.420282077206307,51.4667813063344],[-0.420209163731638,51.4671420700067],[-0.411131663867979,51.4698875147721],[-0.411363360666867,51.4704983173294],[-0.412866178871015,51.4713396060453],[-0.414738221996228,51.4734217010203],[-0.415774884585821,51.4739385123921],[-0.414890863109542,51.4769085929181],[-0.41674675099563,51.4805712376836],[-0.416402112037153,51.482108699571],[-0.41692034965768,51.4824628934231],[-0.416207131304551,51.4829604185338],[-0.414732909190859,51.4855691603896],[-0.413972371112925,51.486077471315],[-0.414589867349905,51.4861695035473],[-0.414537371041991,51.4864428796534],[-0.413928076156038,51.4872201164333],[-0.413314897699202,51.4872243416013],[-0.412630495035642,51.4885281344413],[-0.411846360332265,51.4924365399429],[-0.411429611768479,51.4948583547734],[-0.41053842709551,51.4962068116996],[-0.410824254026211,51.4977394295366],[-0.40963795368194,51.4999359115784],[-0.40922118558619,51.5003295634308],[-0.406918399587474,51.4996663980547],[-0.389375031127265,51.4951579359404],[-0.386575408414563,51.4946852999661],[-0.384546938967056,51.4946830561118],[-0.381841111112896,51.4952240008907],[-0.377876677159829,51.4966066463979],[-0.377903011367198,51.4954693012435],[-0.375823922335663,51.495391611764],[-0.375012564856431,51.4939960261633],[-0.373809044711411,51.4919601501619],[-0.37249726445803,51.4910277050709],[-0.371919091997922,51.4909905563045],[-0.371851047191365,51.4904761558315],[-0.367912694991677,51.4917891600338],[-0.368354836430718,51.4922989015897],[-0.366986978925952,51.4928033794531],[-0.365794059745001,51.4936539075321],[-0.365363324880322,51.4933136777424],[-0.363734025283402,51.4946959793673],[-0.363117893266542,51.4958757786446],[-0.36187789583015,51.4960874192359],[-0.358052570966066,51.4977679753258],[-0.350619148399036,51.4991066579968],[-0.349708960195708,51.4989814559695],[-0.342278725726975,51.4959877956272],[-0.335375051379258,51.496165767813],[-0.335264555913964,51.4961579136347],[-0.335117279502069,51.4961474437551],[-0.331231243629166,51.4955095586731],[-0.329945002137216,51.4950205324504],[-0.327341220314482,51.496002413991],[-0.326127384627688,51.4950036565768],[-0.324675743393902,51.495993760158],[-0.323898551965763,51.4957165623946],[-0.323414300516202,51.4958965887952],[-0.31918147076384,51.4942173010637],[-0.315794343146763,51.4959073472136],[-0.31528026854231,51.4955548548541],[-0.315712070935597,51.4953482483598],[-0.31446791118935,51.4943572981897],[-0.315085314491169,51.4939643857658],[-0.314388695555614,51.4934571225546],[-0.313884658435713,51.4936080926205],[-0.311911168808834,51.491971458578],[-0.308405375534104,51.4935741232454],[-0.305431203745424,51.4945373630636],[-0.305851829897637,51.4961828834241],[-0.301377122233943,51.4951942148367],[-0.301132918675038,51.4944055632629],[-0.297537161815247,51.4948847152732],[-0.299946959438523,51.4978560135922],[-0.300669386722828,51.4993292256333],[-0.293897823008893,51.5015775561395],[-0.288668716199761,51.5008324179024],[-0.285711510361579,51.5007837304237],[-0.280772402092,51.502847528294]]]]},"properties":{"LAD23CD":"E09000018","LAD23NM":"Hounslow"}},{"type":"Feature","geometry":{"type":"Polygon","coordinates":[[[-0.117551176826914,51.5741419845593],[-0.115550981531812,51.5725812552891],[-0.116080307943225,51.5721843594858],[-0.115701333599976,51.5720164892168],[-0.115019872269648,51.5705899262584],[-0.110690523650188,51.5686128689472],[-0.104884456446495,51.5646713068331],[-0.104373934561655,51.5647666585031],[-0.0995655128000316,51.5615627987829],[-0.0985857950207302,51.5608139339952],[-0.0960169171182377,51.5612154570592],[-0.0917168676312077,51.5602014868106],[-0.090396922359362,51.5575741751171],[-0.0903561415772903,51.554151426579],[-0.0892863311338298,51.5537408711557],[-0.0885541811426647,51.5539405285157],[-0.0875649412474154,51.5528447195131],[-0.0853985195898088,51.5521342032641],[-0.0819426570954354,51.5520633110132],[-0.0793990012001615,51.5516726920387],[-0.0776773911258274,51.549483010101],[-0.0763260847021879,51.5472035739788],[-0.0766852527790431,51.5460865955026],[-0.0837895244222328,51.5465852356171],[-0.0835763215344581,51.5451729854708],[-0.0865615248399922,51.5373671664085],[-0.0865633983715774,51.5373022725571],[-0.0896889912178029,51.5360432282644],[-0.0931472868596807,51.5343988071829],[-0.0970323369192638,51.5330033403366],[-0.0951040536203394,51.530084105667],[-0.095373128319278,51.5292060099427],[-0.091481256765629,51.5282085162214],[-0.0887313776452328,51.5274525137699],[-0.0878320627243553,51.5262417900056],[-0.0869767742512281,51.5257677636135],[-0.0850097924274718,51.5262376362156],[-0.0847453063163075,51.5254292221793],[-0.0854635958760204,51.5245386668176],[-0.0851190407648479,51.5244573088906],[-0.0852014968581625,51.5239445197736],[-0.0842141608271471,51.5239300164822],[-0.0852326450965759,51.5203483971845],[-0.0861997313420188,51.5188121095501],[-0.0899830674427748,51.5199733252714],[-0.0896733279549815,51.5207189769826],[-0.0923602467795468,51.5210356121512],[-0.0924983781743811,51.5214729038188],[-0.0943185680833211,51.521484893874],[-0.0950902105204137,51.5231090786548],[-0.096415369872962,51.5228316719216],[-0.0967586335163996,51.5233140396699],[-0.097945359231051,51.5228744259938],[-0.0973850105007348,51.5215920929934],[-0.0975725268688324,51.5211747565752],[-0.0976628509490756,51.5207125103212],[-0.100252195422361,51.5201290469721],[-0.101749478414867,51.519682908409],[-0.105290341558648,51.5185548587508],[-0.10700150504442,51.5221837522612],[-0.108238180531229,51.5220870246399],[-0.10896954375494,51.5230198938549],[-0.11236382231395,51.5237161197241],[-0.113627431450158,51.5245663906138],[-0.114229005936754,51.5254825593747],[-0.11291918547122,51.5264088159869],[-0.115451101817419,51.5277578613115],[-0.115925682086207,51.5298315606709],[-0.119838911111641,51.5309471844574],[-0.122563726204788,51.5307531143397],[-0.122399839076584,51.5370495800572],[-0.125064221994798,51.5411429780289],[-0.126357378664673,51.5450585972471],[-0.127079037829745,51.5475301980994],[-0.12910281703075,51.548836603071],[-0.130127780258333,51.5496117319152],[-0.13072064597366,51.5506724845275],[-0.130991514299285,51.5514832607681],[-0.134082277774744,51.5533898225563],[-0.135303748671231,51.5546384459637],[-0.136987309045876,51.5552616241289],[-0.138419158853717,51.5568681626732],[-0.139426987011815,51.558242224803],[-0.141034701474325,51.5605000351475],[-0.140627152838409,51.5644594277888],[-0.14239561120072,51.569106002885],[-0.140631972825196,51.5694284062351],[-0.138308605690534,51.5705940145198],[-0.133385080843479,51.5728751854436],[-0.131138788998908,51.5735929939261],[-0.127566925850632,51.5741469420636],[-0.124861081757225,51.5740921513654],[-0.123784663310148,51.5746469413595],[-0.119873002807983,51.5754705239496],[-0.119534587269282,51.5755067662442],[-0.118876825460692,51.5747308229343],[-0.119554521778125,51.5743804508141],[-0.117551176826914,51.5741419845593]]]},"properties":{"LAD23CD":"E09000019","LAD23NM":"Islington"}},{"type":"Feature","geometry":{"type":"Polygon","coordinates":[[[-0.22756201378156,51.5301546001396],[-0.227659506765089,51.5299143230107],[-0.225433971441795,51.5301603022891],[-0.223728265491944,51.5299467919724],[-0.217791000545462,51.52860042532],[-0.216020723983129,51.5279203611675],[-0.21549666909487,51.5267185879961],[-0.212960661863203,51.5268839436985],[-0.207297353929911,51.5262345166594],[-0.206017430034413,51.5258542117247],[-0.203953081013443,51.5235327289058],[-0.201625846701851,51.522742149852],[-0.200620363638551,51.5207117808264],[-0.202649698006663,51.5208947477052],[-0.203742321009568,51.520624325592],[-0.201449310818032,51.5178042339995],[-0.200765178561406,51.5179838623573],[-0.199907498009142,51.5168401954478],[-0.199171143961617,51.5145409782973],[-0.195052992094996,51.5150401076331],[-0.194004101884694,51.5117006879735],[-0.192915313999014,51.5118428646043],[-0.192123026589169,51.5098777395906],[-0.189079662133421,51.5101238455331],[-0.187859378088,51.5101947176622],[-0.184204941023171,51.501788853334],[-0.180311745243243,51.5014622351373],[-0.179523790495782,51.4977812008545],[-0.173418772260889,51.4982311828992],[-0.168149601678426,51.4990332271814],[-0.167578430986111,51.4982804224533],[-0.165718041043788,51.499219071003],[-0.165419106384145,51.4986854885686],[-0.162645857685283,51.5002297533528],[-0.160900957801054,51.5016769318066],[-0.158457848304668,51.5022261978148],[-0.157872281859908,51.4990035358324],[-0.156056937706088,51.4977756238421],[-0.155248805698977,51.4950540502903],[-0.155778957935669,51.4947199133955],[-0.155978849547772,51.4944629964099],[-0.154973307336501,51.4938262901559],[-0.155962988061772,51.493200531493],[-0.154742871175929,51.4919711726748],[-0.155800936370808,51.4914645595263],[-0.155169196968643,51.4900390387342],[-0.155834442321332,51.4896139842927],[-0.150160100799982,51.4860367435664],[-0.150023717166176,51.4854624441395],[-0.163774238420258,51.4836369632184],[-0.16378022447888,51.483636168475],[-0.175759293976535,51.4816197800327],[-0.177682134129641,51.4803506926435],[-0.17751415416621,51.4801025840807],[-0.179262186029739,51.4779939921616],[-0.180816283019759,51.4779160445011],[-0.182162460543091,51.4773851242351],[-0.183717737563274,51.4774310170645],[-0.183805527855666,51.4774336069098],[-0.183876303255074,51.477443132667],[-0.186521019063067,51.4798688460668],[-0.188262412705968,51.4809666771842],[-0.19077081676291,51.4831656874248],[-0.193630274569299,51.4858905028336],[-0.195906065404788,51.4873707114334],[-0.196405191810415,51.4871869027552],[-0.197966108552929,51.4879071851015],[-0.202364641392252,51.4916615395443],[-0.201833011307257,51.4918452962659],[-0.203085508305625,51.4933714679989],[-0.20733489853243,51.496152795137],[-0.207951410590124,51.4960315677401],[-0.210504590283717,51.4983468520202],[-0.213440028889613,51.5001774675102],[-0.215028905986165,51.5021853023547],[-0.216976653096357,51.5044661505247],[-0.217001985360401,51.5045041724699],[-0.217975379717538,51.5061431114391],[-0.215938670705129,51.5064003368576],[-0.21611922117336,51.5075212031114],[-0.215197890345675,51.5076513530123],[-0.215541653076812,51.5083920454068],[-0.215813858155986,51.5091534535686],[-0.216452382074861,51.5091126508188],[-0.217190220202911,51.5103992447955],[-0.218043289167948,51.5102242398798],[-0.217847732543837,51.5097527001205],[-0.219315925780897,51.5095542984828],[-0.220235964075799,51.5117327985062],[-0.222464368050734,51.5154070132861],[-0.22654329333555,51.5195770788459],[-0.228276943623204,51.5210951821809],[-0.226696960668858,51.5219392485144],[-0.22656793126906,51.5246259095213],[-0.227229453930617,51.5247772399887],[-0.227429972121213,51.5279963607892],[-0.228730175524929,51.5299056460842],[-0.228440758153743,51.5303191572033],[-0.22756201378156,51.5301546001396]]]},"properties":{"LAD23CD":"E09000020","LAD23NM":"Kensington and Chelsea"}},{"type":"Feature","geometry":{"type":"Polygon","coordinates":[[[-0.251156453118063,51.4223903967976],[-0.249651145906568,51.4185653045198],[-0.249520611777482,51.4147758508353],[-0.247157795613144,51.4096067409727],[-0.247483474170963,51.4084788051159],[-0.24702184888123,51.4078469634919],[-0.245818587038421,51.4075610397186],[-0.245336450507355,51.4070702859621],[-0.244703374362305,51.4038553224575],[-0.24522590265169,51.4017552560978],[-0.246816434841592,51.4005082367053],[-0.246726763858157,51.3986185492455],[-0.247406743509032,51.397569572873],[-0.246893119034303,51.3971078657696],[-0.244672198866986,51.3947242188997],[-0.241707851567578,51.3938969367683],[-0.240094785343288,51.3911878365987],[-0.239691091190174,51.3892739332481],[-0.238730295207436,51.3860881834632],[-0.241638610666307,51.3844948029319],[-0.243232236749675,51.3825969686372],[-0.24427892294775,51.3830660352936],[-0.244940588211468,51.3806462814841],[-0.245030254723365,51.3800339655478],[-0.247893450173382,51.3801694100365],[-0.251637913832718,51.3790482462629],[-0.25394755091891,51.3787715315316],[-0.258420605037829,51.3789693529468],[-0.260991332915542,51.3795956748366],[-0.262267173534486,51.3774100188921],[-0.264623840046074,51.3756162591966],[-0.269064610388061,51.3735618088624],[-0.272545418251086,51.3722638870169],[-0.273588775568119,51.3715310998657],[-0.274022551853225,51.3706552831068],[-0.275832391300465,51.3700137743044],[-0.276560062628712,51.3688077468814],[-0.279819388836289,51.3678250897363],[-0.282161781469282,51.3659997543906],[-0.284071129097295,51.3651500244681],[-0.287199548589013,51.3625394057109],[-0.288395626599499,51.362159953961],[-0.285210052743086,51.3611915788786],[-0.287018686644174,51.3593978419778],[-0.289008414827386,51.3587448059359],[-0.291199885866217,51.3565772236228],[-0.291329995960083,51.3550868187367],[-0.292697986139606,51.3536571649819],[-0.292882670548092,51.3523507278664],[-0.299230749741224,51.3483693373961],[-0.301376941291102,51.3453029417553],[-0.304065646686288,51.3431716522926],[-0.305385030571139,51.3395587120562],[-0.305062772223965,51.3378146354069],[-0.305135065101119,51.3363508419285],[-0.30618917299884,51.3350755656239],[-0.30761218961433,51.3346076999627],[-0.310929454278381,51.3323893969376],[-0.313692682687823,51.331414862807],[-0.316741565315754,51.3291458810378],[-0.318955380094986,51.327956488203],[-0.323946901864069,51.3267160657372],[-0.327140919810089,51.3266951765398],[-0.327410431581052,51.3262940086094],[-0.328222223353321,51.3264681835819],[-0.330115429028617,51.3275172672699],[-0.330655551869037,51.329009639034],[-0.329092769011158,51.3302624671862],[-0.329695128024568,51.3327646590984],[-0.328955585873479,51.3402312957372],[-0.327883030922136,51.3437418704926],[-0.327457063136016,51.3440055694158],[-0.328153711774205,51.3440397923928],[-0.330510146371957,51.3484194360646],[-0.327923137428304,51.3521845134546],[-0.323728750303053,51.3544113220856],[-0.321505261906821,51.3572085295625],[-0.319768281986379,51.3599281925841],[-0.318261315113004,51.3635045100716],[-0.318481506558764,51.3657621902657],[-0.317897383198478,51.3697977956415],[-0.317481776739619,51.3719689823156],[-0.316670830797393,51.3731659774716],[-0.314318044952796,51.3746375679991],[-0.312651478126198,51.3747511365844],[-0.308671850631228,51.3754483220573],[-0.308434001890764,51.3758594267204],[-0.307869091759371,51.3783638472928],[-0.307365443633207,51.3783835460082],[-0.308494520730574,51.380500580091],[-0.309253672384853,51.3804477029724],[-0.309307986747728,51.381863000428],[-0.310608202013674,51.3847639059374],[-0.311764843471884,51.3857850415615],[-0.310846207946332,51.3861864320052],[-0.313135955459595,51.3887994039142],[-0.315958342277709,51.3876322530168],[-0.316737320533465,51.3887720678029],[-0.314111593459175,51.3902171642352],[-0.317697879461912,51.3936670802519],[-0.312929585463551,51.3970590526153],[-0.312108371837945,51.3981386672833],[-0.310289452731053,51.3996098439282],[-0.309498774898725,51.4001442797134],[-0.308733514756071,51.4022585741495],[-0.309048761744961,51.4091661986482],[-0.308469296712002,51.4135249721902],[-0.308252540115846,51.4153136219432],[-0.30593062819211,51.4212617056936],[-0.306706626551084,51.4230461333236],[-0.308361931519298,51.4250094271898],[-0.311054040219989,51.4267625746133],[-0.314430429140883,51.428248913847],[-0.312903931530096,51.4302561546463],[-0.310650913997973,51.4322095278795],[-0.309758432683688,51.4321387939641],[-0.308067540697836,51.4310729025724],[-0.308542761575097,51.4307805268786],[-0.306881882251474,51.4301500120321],[-0.306411012209388,51.4301574055376],[-0.305917554801736,51.4313612032092],[-0.301754172083702,51.4303908340812],[-0.302079636232512,51.4311601215301],[-0.301593960146175,51.4314346820228],[-0.297677226510859,51.4286766711128],[-0.295483633547867,51.4276615232746],[-0.295430789425014,51.4270371139962],[-0.294720818622335,51.4269980394603],[-0.294792456201313,51.4264438932137],[-0.293394214716677,51.4265036136144],[-0.293009168924247,51.4289409381601],[-0.290616410459767,51.4289901652493],[-0.287790171458222,51.4227340192109],[-0.286559992341689,51.4201854936901],[-0.280399432687045,51.4218912868856],[-0.278579610178557,51.423351373576],[-0.270905100636418,51.4295589204644],[-0.264549483902374,51.4329097536618],[-0.256318925603588,51.4363452145604],[-0.256186003261627,51.4366521518395],[-0.254066366518792,51.4372878651698],[-0.253088501444922,51.4352842037375],[-0.251280847100016,51.4342272027789],[-0.251085089413751,51.4325577924372],[-0.252441767222631,51.4312062246045],[-0.253307115028818,51.4308384806178],[-0.254238567069917,51.4293020092361],[-0.252239244105153,51.42570209521],[-0.252927898194788,51.4232137643164],[-0.251156453118063,51.4223903967976]]]},"properties":{"LAD23CD":"E09000021","LAD23NM":"Kingston upon Thames"}},{"type":"Feature","geometry":{"type":"Polygon","coordinates":[[[-0.111002562487437,51.5084922760106],[-0.110687379627812,51.5082385501346],[-0.108906173705697,51.5084244982611],[-0.108857764450704,51.5084260424351],[-0.10871351564232,51.5077653672946],[-0.108165120586132,51.5069222308107],[-0.107338698342433,51.5070721671155],[-0.106485998777198,51.5050629739269],[-0.106403248457154,51.5033666736038],[-0.107392358397182,51.5030356321861],[-0.106757424261746,51.5022096233884],[-0.106077481114859,51.5025242797808],[-0.105916627617627,51.5020333870143],[-0.10647423896944,51.5015707877309],[-0.108266979418785,51.5004426031631],[-0.110257746605117,51.4967632921247],[-0.111466570957293,51.4964588688],[-0.110934052373937,51.4954679921678],[-0.104852358393814,51.493527934379],[-0.103272415150889,51.491252773091],[-0.108460594138318,51.4858488370339],[-0.106359457173477,51.4848986130662],[-0.107189477364099,51.4836490721389],[-0.105612023384638,51.4829402049524],[-0.106018261091277,51.4826980495782],[-0.104033587799528,51.4809014068144],[-0.108209178745986,51.4802861685274],[-0.103573325567939,51.4783577660188],[-0.0999721845597207,51.4768640610669],[-0.10065393018864,51.4744474225049],[-0.0993647297693536,51.4726431612738],[-0.0988290607824423,51.4718716887353],[-0.0959751474112139,51.4698674310337],[-0.0941433093961678,51.470673101437],[-0.0936259850610647,51.4717351595502],[-0.0930151332399318,51.4720285694306],[-0.0927563656289627,51.4698694197482],[-0.0911507750355479,51.4675960385207],[-0.0900629319170935,51.4658306494543],[-0.0906577296434764,51.4633175044951],[-0.0922440563460276,51.4610584126672],[-0.0949473216830476,51.4587872006011],[-0.0958124670776835,51.4574150023559],[-0.101080293087612,51.4539272713602],[-0.101454142519827,51.4522163175254],[-0.100762530181985,51.4503361155731],[-0.0999621460455648,51.4502728254304],[-0.0991342066409539,51.4489749640387],[-0.0960376933581986,51.4467259276761],[-0.0950652565280574,51.4454120617505],[-0.0944265799750353,51.4432353598937],[-0.0928955395040948,51.4410815827601],[-0.0910192192332483,51.4375532027273],[-0.0893452317675668,51.432017167113],[-0.0881978237940604,51.4293353192719],[-0.0859092487501567,51.4285044012982],[-0.0860750355372975,51.4278171158323],[-0.0851869745054043,51.4272995739626],[-0.0840349390102656,51.4256913385061],[-0.0834623720671021,51.4229968224999],[-0.0817344046773027,51.423378411889],[-0.0808761077385236,51.421859741322],[-0.0798353628001291,51.4221395532228],[-0.0789084667970877,51.4215682293039],[-0.0792173354281002,51.4208686330693],[-0.0782876818800692,51.4206047143525],[-0.0785573671724678,51.4198742122297],[-0.0832183317756419,51.4197398405724],[-0.0862834570475534,51.419283730949],[-0.0883375023055021,51.4200054973447],[-0.0927019705679706,51.4225538147623],[-0.0948627058798435,51.422820208903],[-0.0968830730116808,51.4226700817903],[-0.105962230700077,51.4225943322432],[-0.109259088108701,51.4231778564614],[-0.112632832695885,51.4232423756228],[-0.115592254616413,51.4206314250056],[-0.119813449955782,51.4188016665763],[-0.122491042995267,51.415026994964],[-0.124080514586188,51.4145969172575],[-0.124452089727923,51.4133654161347],[-0.12576501462844,51.4126313033409],[-0.126236483923793,51.41292956787],[-0.126832475641387,51.4126989254628],[-0.127724902236922,51.412316331521],[-0.12788253825179,51.4119990109282],[-0.13267970911943,51.4123458602862],[-0.133560060166767,51.412579792031],[-0.133503224264562,51.4129391001391],[-0.134082522818334,51.4109912658389],[-0.13798690198434,51.4117707264082],[-0.142597576551947,51.4133480550415],[-0.144789248046352,51.4123890716599],[-0.148064535784428,51.412870113391],[-0.147125644495259,51.4137568362398],[-0.144310995873562,51.4153449744127],[-0.1449843422781,51.4157913923948],[-0.14318984934952,51.4172810720401],[-0.140358848161646,51.419263704504],[-0.137791699678717,51.4211083810873],[-0.138866326253484,51.4243374813559],[-0.138368338384437,51.4304849051283],[-0.135255998790616,51.430322592509],[-0.136464099062131,51.433880415907],[-0.137884499247972,51.4337844107564],[-0.139765384553264,51.4357437912861],[-0.139938047971136,51.4369470971847],[-0.137659341390584,51.4385859366581],[-0.137232919854898,51.4397249698564],[-0.137475775318929,51.4401579078235],[-0.136979798665832,51.4402460389405],[-0.135931718469766,51.4420074398765],[-0.137979440726898,51.4416940250784],[-0.143610577448564,51.4418389626398],[-0.145464847497787,51.445068419652],[-0.145576035836982,51.4460179368486],[-0.144813183140119,51.448437449793],[-0.143116121447447,51.4497094803137],[-0.142285534925371,51.4509823249439],[-0.147704337009784,51.4523400608943],[-0.147352389580989,51.4529639907912],[-0.14814010330762,51.4564021890658],[-0.149376245139551,51.4593627592453],[-0.149694859272761,51.461291728082],[-0.150933201647102,51.4637973750136],[-0.151211614592545,51.4658611561446],[-0.150551491834348,51.4659487471921],[-0.150658802947856,51.4662912054283],[-0.150537817483623,51.4676280765695],[-0.143116955255333,51.470512617493],[-0.142704269112585,51.4700762415783],[-0.140418758150858,51.4715300077637],[-0.139785263891007,51.4713325204693],[-0.139306241780889,51.4715303532488],[-0.139489285297356,51.4717929827338],[-0.138326464852263,51.4719627329941],[-0.136904799699104,51.4730887406409],[-0.135794146780679,51.4727114590865],[-0.134664497992621,51.4733401922692],[-0.134445897632089,51.473962440353],[-0.13520708998533,51.4742915903734],[-0.13387647860239,51.4756943944095],[-0.130683537744401,51.4801793294235],[-0.129937287491489,51.4811735255389],[-0.127481700381845,51.4820097145642],[-0.127056218266137,51.48358057474],[-0.12630848820243,51.4844710074428],[-0.128153514265536,51.4847318206423],[-0.128506848127153,51.4850426327073],[-0.128446300105987,51.4850649125732],[-0.126999150376349,51.4858164535892],[-0.12571611397971,51.4870068477031],[-0.124885072740546,51.4878578266055],[-0.124204750490972,51.4878545007351],[-0.122122039961002,51.4919002600389],[-0.121734610600853,51.4931474622014],[-0.121353582908502,51.4943739630474],[-0.119380608631458,51.5038144306315],[-0.119361076119007,51.5038486927515],[-0.118228889290303,51.5058346136547],[-0.116844065492178,51.5069531187966],[-0.115120220889926,51.5076601383932],[-0.111002562487437,51.5084922760106]]]},"properties":{"LAD23CD":"E09000022","LAD23NM":"Lambeth"}},{"type":"Feature","geometry":{"type":"Polygon","coordinates":[[[-0.0323841647314305,51.4930527833499],[-0.0293853732030738,51.488937886814],[-0.0294467073652078,51.4885513247292],[-0.0291072488924238,51.4886234039833],[-0.0275537430187608,51.4872218011881],[-0.0248215319366139,51.4855326414617],[-0.0247131894855059,51.4854828075412],[-0.0251671125824954,51.4850232752365],[-0.0257621435476702,51.4821507968479],[-0.0263652982651962,51.4815068260849],[-0.0232814386578737,51.4807808267161],[-0.0230401565984229,51.4796651938726],[-0.0203081845361445,51.4799137992933],[-0.0204008564119948,51.4802189694041],[-0.0178011379693778,51.4808732471319],[-0.017090035373682,51.48041209694],[-0.0171015253255576,51.4803948063653],[-0.0191663595931525,51.4796505736035],[-0.019418268484612,51.4780141680039],[-0.0198397473831654,51.4780484492325],[-0.0192881290301847,51.4776178098676],[-0.0193876311137883,51.4771895412986],[-0.0200508989206046,51.477130694777],[-0.020556103841502,51.4767227431226],[-0.0205946281596729,51.4767087686863],[-0.0205970640501084,51.4766939283829],[-0.0211193814606439,51.4762678880498],[-0.022803521331492,51.4759289547442],[-0.0209231024238186,51.4761348598873],[-0.0209534701127395,51.4756765010358],[-0.0225282015715543,51.4755924711805],[-0.0222601099783266,51.4754550320176],[-0.022679340260752,51.4753660694324],[-0.0225620987249526,51.4753580668408],[-0.0228608010860869,51.4753120252553],[-0.0227919559767653,51.4744663030671],[-0.0225821749666007,51.4741120063767],[-0.0212747207722632,51.4737756677006],[-0.0199729649126539,51.4730017797807],[-0.0203118546386845,51.4723054926127],[-0.0193013665761883,51.4720361257289],[-0.0186586805168702,51.4706862820725],[-0.0192445833885237,51.4705065806888],[-0.0191137823791942,51.4700086940717],[-0.0171612997784176,51.4693276651406],[-0.0168906302458386,51.4690723404649],[-0.0165617094590095,51.4692602717163],[-0.0150615449572877,51.4680444328338],[-0.0131059506503463,51.4689394344102],[-0.0151466238967958,51.4717494688728],[-0.0145276067741026,51.4719030849851],[-0.0140453906725634,51.4726709199942],[-0.0125633127150113,51.4723431838944],[-0.0082294829233204,51.4727600605965],[-0.000897906415909124,51.471803079291],[0.0121135248044991,51.4731691581103],[0.017962965802973,51.4738300342707],[0.015001240868124,51.4730809441929],[0.0155297471559116,51.4713161435416],[0.0167032285878957,51.4695044600948],[0.0165435988886042,51.4691289962971],[0.0163578260778665,51.4689746210195],[0.0143642866942293,51.4697465827158],[0.0126101832818701,51.469808513071],[0.013088248700867,51.4681466769757],[0.0127008227739535,51.4673972765527],[0.0132655049756981,51.4668390710127],[0.011536900815007,51.466236010593],[0.00909476022384968,51.4658729989979],[0.00990330994722935,51.459631403765],[0.0104387335293893,51.4584821522883],[0.0115105248627742,51.4566852048072],[0.0140356670573875,51.4557281501213],[0.0175487288105646,51.4550319316992],[0.0183501447853286,51.4515752412233],[0.0195596232293446,51.4517097514371],[0.0198853048979047,51.450729717387],[0.0151310021648473,51.4502082050414],[0.0149327788100465,51.4506112426434],[0.0151001851389243,51.4500067870503],[0.0219797685295549,51.4489426428235],[0.0224182608857309,51.448123786712],[0.0229540613875004,51.4472025824213],[0.0212429880288523,51.4466977237971],[0.0215210119686158,51.4444392432706],[0.0206220874869961,51.4442061671297],[0.021505758619613,51.4427282627419],[0.025580070341721,51.4417164245316],[0.0278867121438732,51.4415153912046],[0.0293788155005801,51.4417054197492],[0.0285929620355544,51.4404038427335],[0.0288159175701294,51.4387721976198],[0.0247822362079625,51.4382077640535],[0.0254358311388247,51.4356667270033],[0.0271814832674273,51.4365271665866],[0.0286870134965295,51.4364096934802],[0.0290867149931715,51.4346743990961],[0.0285927612732282,51.4340338038755],[0.031405191625893,51.432583462277],[0.0311591636397298,51.4320942002785],[0.0316072410423553,51.4325553167062],[0.0324942985930411,51.4318905421711],[0.0332558143211568,51.4322311912088],[0.0337366350997447,51.4316951676289],[0.0377087774085951,51.4333410396674],[0.0375398608009512,51.4313675903219],[0.0383647624848872,51.4282811424631],[0.0378445350719437,51.4278007746032],[0.0384741382163893,51.4275840086432],[0.0390555787500603,51.4246879413255],[0.0362309484282266,51.4223885150001],[0.0346044857188036,51.4234046254099],[0.0254589773282689,51.4289732426829],[0.0212186600978964,51.426862526037],[0.0204048414372096,51.426874834184],[0.0187479586474092,51.4270578113315],[0.0159812105535719,51.4261895240085],[0.0141201354193554,51.4261747037555],[0.0144184086624775,51.4252154319005],[0.0135386525294386,51.4251015173652],[0.0133655552795217,51.424681883348],[0.0118829756780977,51.4240857571726],[0.00998225862597015,51.4224818409227],[0.00810602289257671,51.4230395344894],[0.00738872244680153,51.4214024552611],[0.00686339962431191,51.4215033125226],[0.00672887722036617,51.4209448143905],[0.00630888368293852,51.4210304557328],[0.00521636463190118,51.4193557777068],[0.00567116966968201,51.4185263257048],[0.00353378449123313,51.4174274006398],[0.00174313595146555,51.4185857390327],[-0.00011878381467096,51.4175752443895],[-0.000728858659658685,51.415907104925],[-0.00339120527429833,51.4156507885866],[-0.00328031514424544,51.4150356409045],[-0.00496686130772624,51.4145997388706],[-0.00558318053051008,51.4158200464267],[-0.00655318395763969,51.4159786239509],[-0.00659141680301312,51.4146634799063],[-0.00766377534118279,51.4144768024278],[-0.0103120802634173,51.4135777940386],[-0.0142395133496907,51.4136495846636],[-0.014537950086498,51.4139308863763],[-0.0142744975798534,51.4151606121048],[-0.017966540008741,51.4150561597744],[-0.0177978306390434,51.4157441619058],[-0.0209993354329241,51.4160242465379],[-0.0221735607977741,51.4167415246047],[-0.0216973959807324,51.4172786975846],[-0.0225581773888126,51.4175643513934],[-0.0213961759115285,51.4183422436928],[-0.0207589451257421,51.4199461846109],[-0.0216490690366511,51.4204423106439],[-0.0209977986254506,51.4209758453932],[-0.0222423203464996,51.4217756793772],[-0.0225743200292635,51.4215570617346],[-0.0243399322743142,51.4231168053976],[-0.0257692413675084,51.4237528224302],[-0.0259632583885065,51.4236116280889],[-0.0300807513677304,51.425645457945],[-0.0319713560401927,51.425536056317],[-0.0317939374540938,51.424710195879],[-0.0333491094397238,51.4246347099699],[-0.0342129166246291,51.4247543696046],[-0.0341952212379078,51.4251103177854],[-0.0374699176018423,51.4249815788551],[-0.0384532218047878,51.4239568038498],[-0.0398933345657801,51.4242587426001],[-0.0409974185545062,51.4242626766476],[-0.0415717291874904,51.4236522678824],[-0.0438103700415862,51.4231537422416],[-0.043675612608226,51.4228926953132],[-0.0462509650910986,51.422374928692],[-0.0459922871092901,51.4227953676156],[-0.0517477652428016,51.4225165849468],[-0.0518015270069943,51.4235698915767],[-0.0547373590163699,51.423725827142],[-0.0551364357776999,51.4229427361461],[-0.056754945213068,51.422964976449],[-0.0580990350983122,51.4231724265582],[-0.06140523705687,51.4244708977015],[-0.0614261433966676,51.4247982739717],[-0.0624044250231535,51.4251548729302],[-0.064408355402573,51.4253194474701],[-0.0645526015024275,51.4250575825607],[-0.065808619537808,51.4253309202312],[-0.0660220345129476,51.42507490241],[-0.0678855135102045,51.4259251188585],[-0.068657750218593,51.4259934138697],[-0.0689016985921757,51.4256300372981],[-0.0702788142958537,51.4261094491769],[-0.0709305620821908,51.4262389457788],[-0.0718419228589011,51.426294898306],[-0.0739072700998477,51.4262129239712],[-0.0750806467334181,51.4289831685542],[-0.0748640231200568,51.4298417009662],[-0.0728653517287247,51.4320968337301],[-0.0722261774625598,51.432498469176],[-0.0706869364202267,51.4324716178424],[-0.0691136953308728,51.432830640606],[-0.0668123655494092,51.4338815115811],[-0.065851493442402,51.4346264689402],[-0.0643931855103375,51.4370506038614],[-0.0634005550632505,51.4375718093379],[-0.0640489495109607,51.4408409409424],[-0.0650303659635068,51.4411634981426],[-0.0640358047448945,51.4420716357358],[-0.0637020964341871,51.4442241221575],[-0.0630176173282986,51.4461990882179],[-0.0618014306463358,51.4477865780211],[-0.0575776925323399,51.4503257688567],[-0.0538558015356858,51.4486863275589],[-0.0489967287694698,51.4501064849973],[-0.0460800999179694,51.4498680249799],[-0.041647581474361,51.4549968153416],[-0.044574167942645,51.4565814521481],[-0.0461340132171619,51.4569460850267],[-0.0452113725232108,51.4594308740765],[-0.0451910322713688,51.4620450465404],[-0.0459733454258121,51.4639748076846],[-0.0474708938823567,51.465124207178],[-0.0485152255577053,51.4656265053968],[-0.0481762655821977,51.4658943205362],[-0.0508118368869824,51.4666539810771],[-0.0505440746069897,51.4667896794923],[-0.0512970182554015,51.4673698499587],[-0.0508512705109908,51.4675767341876],[-0.052269468059822,51.4692259320395],[-0.0516576473370111,51.4697158362077],[-0.0527415260071442,51.4729698568436],[-0.0526873714357894,51.4780143290443],[-0.0542345709209316,51.4785957115046],[-0.0530988753439291,51.4809270212803],[-0.0527821365874229,51.4827251860192],[-0.0530555880490071,51.4850376779577],[-0.0535341526444248,51.4856800718472],[-0.0529253142180146,51.4860036126084],[-0.0528544976167043,51.4866841926376],[-0.05396947356612,51.487941046786],[-0.0525915556698115,51.4875517203159],[-0.0523455115819233,51.4878007155716],[-0.0504869840191773,51.4879203991442],[-0.0500654204735039,51.4883302766669],[-0.0519367557085934,51.48911460298],[-0.0513394771649359,51.4895042648358],[-0.0465408369817739,51.490669307582],[-0.0465288526279895,51.4903483486868],[-0.04601573447094,51.4902913658256],[-0.0422556146558012,51.4900887310347],[-0.0424791011143275,51.4902513317996],[-0.0402768877266922,51.4910455283897],[-0.0410237427519533,51.4918306051639],[-0.0400305589637998,51.4921823701391],[-0.0404918109324734,51.4927970386311],[-0.0392346136693459,51.4929661710511],[-0.0372509004483816,51.4922243560539],[-0.0323926724657008,51.4930886684782],[-0.0323841647314305,51.4930527833499]]]},"properties":{"LAD23CD":"E09000023","LAD23NM":"Lewisham"}},{"type":"Feature","geometry":{"type":"Polygon","coordinates":[[[-0.189364889867244,51.4375960174627],[-0.190249214904841,51.4348016653916],[-0.191170675654779,51.4334547670597],[-0.189774535259361,51.4313512646899],[-0.188399330993625,51.4320891412684],[-0.187397630881723,51.4321030804217],[-0.187267527249529,51.4329863355279],[-0.185726011599937,51.4331664034665],[-0.184230920198413,51.4312675955424],[-0.184554694118206,51.4278193147382],[-0.184045539170172,51.4263523944742],[-0.181939169287309,51.4247312723482],[-0.178769641648691,51.4243191501881],[-0.173570188532307,51.4231768459195],[-0.167952443598719,51.4208201673648],[-0.164833602059389,51.4203582913964],[-0.165015219225782,51.4201073660037],[-0.161648654322682,51.4198568553471],[-0.160326438950233,51.4219067011182],[-0.159915122954229,51.4219654447338],[-0.159860356825961,51.4226030609868],[-0.151388394114291,51.4198742463109],[-0.15033540351685,51.4200765875566],[-0.149420808854251,51.419888230867],[-0.144454358993661,51.4177517059903],[-0.140358848161646,51.419263704504],[-0.14318984934952,51.4172810720401],[-0.1449843422781,51.4157913923948],[-0.144310995873562,51.4153449744127],[-0.147125644495259,51.4137568362398],[-0.148064535784428,51.412870113391],[-0.144789248046352,51.4123890716599],[-0.142597576551947,51.4133480550415],[-0.13798690198434,51.4117707264082],[-0.134082522818334,51.4109912658389],[-0.133503224264562,51.4129391001391],[-0.133560060166767,51.412579792031],[-0.13267970911943,51.4123458602862],[-0.12788253825179,51.4119990109282],[-0.127724902236922,51.412316331521],[-0.128172719102879,51.4109379450802],[-0.128485181981585,51.4109914867897],[-0.129456084681713,51.4095744814061],[-0.132077065227153,51.4092026588899],[-0.132302969076169,51.4068084017692],[-0.131456540014508,51.4049347869848],[-0.130445542440792,51.4032741423229],[-0.127712992732134,51.4014686380963],[-0.125398398024585,51.3988263326311],[-0.125681408571826,51.3983241125145],[-0.12465030667513,51.3980973854592],[-0.124139637510634,51.3976095688766],[-0.129652233327207,51.3936521632092],[-0.128727428770065,51.3935021015864],[-0.134257564459517,51.3909191651123],[-0.134321993903791,51.3908470670978],[-0.134836543112323,51.3909612514656],[-0.141849967742782,51.3893040795191],[-0.14323257693588,51.3904165453369],[-0.144280534363931,51.3906650896523],[-0.152647253645332,51.3897741421335],[-0.158026699152325,51.3892513571985],[-0.158270747383943,51.3888209078764],[-0.159870506323104,51.3885093256166],[-0.160961193086177,51.3878193194777],[-0.161826346385023,51.3881372970691],[-0.165299266767606,51.3879991046561],[-0.166329573049792,51.3896090848384],[-0.16747246297784,51.3900038525107],[-0.169945924618617,51.3917252733201],[-0.171307920936,51.3925177796252],[-0.172919399332055,51.3926752686896],[-0.174812978456833,51.3934129467947],[-0.179299666601683,51.389804502301],[-0.18267406468114,51.3880681064084],[-0.184505748431722,51.387512879762],[-0.188399006002823,51.3854342815212],[-0.189635576938184,51.38602181754],[-0.190491734111209,51.3862042551719],[-0.190291188379491,51.3863708282555],[-0.191100971479334,51.386883811427],[-0.191606700460251,51.38711536757],[-0.191845074590488,51.3869118873057],[-0.193141586701256,51.3878337237889],[-0.193479892063415,51.3876465049102],[-0.193843953585038,51.3879135717426],[-0.200282488049242,51.3849415463442],[-0.203406993201415,51.3872532765325],[-0.205073830430377,51.3861357663934],[-0.209783879622302,51.3882997560731],[-0.213360443776366,51.3850547678304],[-0.212943947841898,51.3848512188766],[-0.213739524252793,51.3840356782633],[-0.218080128415406,51.380182375519],[-0.223186338710371,51.3820558945417],[-0.227724593485754,51.38396933294],[-0.233712357195317,51.3876149289219],[-0.234641229449196,51.3905577885799],[-0.239691091190174,51.3892739332481],[-0.240094785343288,51.3911878365987],[-0.241707851567578,51.3938969367683],[-0.244672198866986,51.3947242188997],[-0.246893119034303,51.3971078657696],[-0.247406743509032,51.397569572873],[-0.246726763858157,51.3986185492455],[-0.246816434841592,51.4005082367053],[-0.24522590265169,51.4017552560978],[-0.244703374362305,51.4038553224575],[-0.245336450507355,51.4070702859621],[-0.245818587038421,51.4075610397186],[-0.24702184888123,51.4078469634919],[-0.247483474170963,51.4084788051159],[-0.247157795613144,51.4096067409727],[-0.249520611777482,51.4147758508353],[-0.249651145906568,51.4185653045198],[-0.251156453118063,51.4223903967976],[-0.252927898194788,51.4232137643164],[-0.252239244105153,51.42570209521],[-0.254238567069917,51.4293020092361],[-0.253307115028818,51.4308384806178],[-0.252441767222631,51.4312062246045],[-0.251085089413751,51.4325577924372],[-0.241417272763755,51.4350240724436],[-0.231241775790899,51.4381627135225],[-0.225663923299855,51.4387274016954],[-0.224476439324272,51.4386069166604],[-0.224313610817667,51.4388680699858],[-0.220629461672805,51.4384606311846],[-0.21782201680995,51.4386927250063],[-0.216594258474707,51.4383706727128],[-0.215697720793874,51.437742748102],[-0.212530125599758,51.4378293969637],[-0.209104648508521,51.4383044811067],[-0.204528109815395,51.4389532530394],[-0.190026527777626,51.4414645849425],[-0.18985428904194,51.4402710907475],[-0.189804367256497,51.4401769381804],[-0.190639590037065,51.43891937487],[-0.189218065514694,51.4385441237155],[-0.189364889867244,51.4375960174627]]]},"properties":{"LAD23CD":"E09000024","LAD23NM":"Merton"}},{"type":"Feature","geometry":{"type":"MultiPolygon","coordinates":[[[[0.0756531722123066,51.529822114281],[0.0756799127320703,51.5297034997574],[0.0749539800383313,51.5297288404884],[0.0746751215526191,51.5296747582877],[0.0745945833930577,51.529688632089],[0.0754272444422522,51.5298745544932],[0.0756531722123066,51.529822114281]]],[[[0.055662330231665,51.5593530358004],[0.0563145886824906,51.5585874766],[0.0569605008123502,51.5586701223959],[0.0571972202980064,51.5580035482135],[0.0582571881772071,51.5578773861926],[0.0587049866503617,51.5572156572101],[0.0601507418451312,51.5564070975154],[0.0636426301512285,51.5572762607612],[0.0649450135997271,51.5563952971234],[0.0666074094156521,51.5547190984666],[0.0669297058838058,51.5532818656137],[0.0677848218853402,51.553266729669],[0.0687134000440931,51.5474641824842],[0.0683616946338665,51.5443903901028],[0.0683036990858661,51.5442534226641],[0.0668927285629328,51.5418656587291],[0.0666844103037253,51.5406482439554],[0.0670843495553701,51.5394660603337],[0.0689061135111038,51.5371930279682],[0.0682729396756217,51.5369897603415],[0.0679550919908522,51.5361961219796],[0.0687713626833771,51.5362069931536],[0.0695253610875015,51.5362621989481],[0.0717562377648518,51.5328974474057],[0.0725769776729165,51.5307512394937],[0.0727454762217297,51.5292747377932],[0.0733256854399541,51.5294056544261],[0.0732757633619136,51.5291956477256],[0.075184576368199,51.5295112723976],[0.077986132531863,51.5291199589982],[0.0785090664527868,51.5288098857748],[0.0779619948260358,51.5286055470405],[0.0775332521886392,51.5288469533885],[0.0776073990849424,51.5284855666301],[0.078849716460187,51.5284387414292],[0.08010638379697,51.5275074283287],[0.0801148603276825,51.5275048823508],[0.0830943359005753,51.5266098506055],[0.0852012617706733,51.5255823094477],[0.0864858694039004,51.5256003871908],[0.0888617679534233,51.5262321215358],[0.0896761975175408,51.525584071605],[0.0913127941330349,51.525638542243],[0.09144468317453,51.5255669245723],[0.0920884445286058,51.5256238135039],[0.0922512251161515,51.524142926798],[0.0907006536580839,51.5239354066453],[0.0917754598702767,51.5235601274741],[0.0918241184753424,51.522545759026],[0.0944586927035868,51.5203026771462],[0.0939356880450811,51.5189725188234],[0.0947722630471949,51.5164867617676],[0.0955906483236852,51.5157576400336],[0.0969021049622299,51.5153146695481],[0.0965995875032704,51.5150826604101],[0.0956124292873651,51.5154627269266],[0.0940014512199353,51.5149847432874],[0.0902597262862871,51.5147959865475],[0.0905346601345317,51.5142983745484],[0.0880745228544716,51.5136713270369],[0.084840686345054,51.5123700261724],[0.0833175747007983,51.511523430472],[0.0836808731606565,51.5109733486082],[0.0809963737336303,51.5085960672934],[0.0802517720696233,51.5084001885544],[0.0793126847172221,51.507057712046],[0.0779755242175718,51.5051460302572],[0.0768901989557501,51.5049601490793],[0.0766623674673931,51.5049211274141],[0.0778036121769304,51.5045798797939],[0.0782313729454526,51.5043778961374],[0.0781496875742952,51.5039760056446],[0.077758979170194,51.5045405320398],[0.0768360207902217,51.5038284138681],[0.0762464622587554,51.5038397544449],[0.0766563980505416,51.503462161346],[0.0752620667809608,51.5022649661941],[0.0739588572547812,51.5021243538388],[0.0746641099567651,51.5016024210951],[0.0738510145263717,51.5005901954569],[0.0736662300793385,51.5003601569751],[0.0696941851928343,51.499192932418],[0.0688265222588025,51.4991477969666],[0.0687461951501518,51.4993535500613],[0.0686634266750886,51.4990690378015],[0.060124711912613,51.498356519861],[0.0576147111874521,51.4984491564152],[0.0493056303679277,51.4995551098274],[0.0434723959575145,51.4999078286701],[0.0389176900976522,51.4997670017082],[0.0349615944785659,51.4996445386735],[0.0268019309554634,51.4986248223166],[0.0246497197626834,51.4986152426644],[0.0224555105913244,51.4991207328883],[0.0223593897166225,51.4989025181922],[0.0196761531940891,51.4996394096712],[0.017131961229118,51.5009975026169],[0.0165429418263675,51.5015899118695],[0.015697233987847,51.5024404548205],[0.0154958192879212,51.5026430153685],[0.0151694699397879,51.5025128322466],[0.0146426255160832,51.5029814250111],[0.0148636871897442,51.5032397697632],[0.0144674872662274,51.5031593468594],[0.0130849399596789,51.5044492998739],[0.0133417479622243,51.5048356748522],[0.0134063862397508,51.5049329221906],[0.0120308331240463,51.5052812575339],[0.00969150117807746,51.5068371491368],[0.0104728475870418,51.5085812874809],[0.00983389598098908,51.5091697351506],[0.00657439811531568,51.5100281345387],[0.00662392555804277,51.5101059676405],[0.00817601323426666,51.5125449525007],[0.00812098875659987,51.513341338771],[0.00720704768681476,51.5143687248148],[0.00632193496612553,51.5146105091436],[0.00514407810440382,51.5141765149287],[0.00428158572852639,51.5134111313291],[0.00371207115663096,51.5110399136575],[0.00256984219110307,51.5109717535648],[0.00438755645662903,51.5146979460309],[0.00438881730835932,51.5147005315799],[0.00315144902745089,51.5158320590635],[-0.0025367171162744,51.518481810529],[-0.00248347222222005,51.5181998764154],[-0.00403524931143385,51.5178892397253],[-0.00512433605080158,51.5169208651136],[-0.0065553705596876,51.5189602485813],[-0.00855426176372054,51.5200457145348],[-0.00865773296408313,51.5207594511373],[-0.00722424592841975,51.5228209976487],[-0.00651041723978831,51.525684364807],[-0.00650652646612223,51.5256855486964],[-0.0020882815776615,51.5270299700452],[0.000662319228078298,51.5283108342466],[0.000867302717086865,51.5292704570069],[0.00182141814268217,51.530315307598],[0.00110950156040534,51.5310949948551],[-0.000776211816236803,51.528141058351],[-0.00230100560478955,51.52715993962],[-0.00380271434284984,51.5269575302456],[-0.00388987766976574,51.5282574728714],[-0.00430959643937171,51.5278808023463],[-0.0041856785536004,51.5268705201438],[-0.00493297205229437,51.5264466311928],[-0.00644791669777272,51.5263199520381],[-0.00696857936512431,51.527090480347],[-0.00797559922720951,51.527233217299],[-0.00694138773080309,51.5260625996633],[-0.00714091173687742,51.5255380326811],[-0.00786137762101276,51.5230276455844],[-0.00786298880813318,51.5230251468558],[-0.0080903401132746,51.5238353119479],[-0.00781941561658297,51.5253226564609],[-0.00776274195722487,51.5253940856007],[-0.00756245484960945,51.5262758851747],[-0.00864083527791054,51.5275562106615],[-0.010267401705797,51.5284820747804],[-0.0106879295018272,51.5292813255087],[-0.0136822637916931,51.5298465476112],[-0.0171472640301074,51.5313152242415],[-0.0180112178111926,51.5322223582045],[-0.0180712274677356,51.5334388805179],[-0.0189479456359201,51.5341390440381],[-0.0196630017758413,51.5355851177684],[-0.0209533848689064,51.5362839242019],[-0.0212678337033492,51.5370074023034],[-0.0194459919845924,51.5382541532936],[-0.0188858206435576,51.539341036091],[-0.0178585067039408,51.5401748305726],[-0.0176990535501777,51.5409568557714],[-0.0165950088188554,51.5413902662497],[-0.0160914222675856,51.542476821491],[-0.016549676137034,51.5433298677014],[-0.0174631458837187,51.547598273603],[-0.0189355938865919,51.5505349132673],[-0.0189832068446934,51.5515962333332],[-0.0171743352515583,51.5515772846382],[-0.016918682041395,51.5514029186754],[-0.0137889317750428,51.5519200982725],[-0.0108423820256557,51.5526236909237],[-0.00944305996571895,51.5521969129602],[-0.00868625229743246,51.5499228911724],[-0.00416104016302288,51.5510339057649],[-0.00376048265764111,51.5511660550238],[-0.00358055578905326,51.5509119814906],[-0.000155843808584557,51.5517314713981],[0.00332036016694168,51.5520951430706],[0.00387608074798662,51.5517991781686],[0.00524738600418386,51.5519850915154],[0.00574804977316861,51.5518622033241],[0.00577316007156642,51.550659701656],[0.00956876687641141,51.551246984155],[0.0108254594209027,51.5522446498362],[0.00963792344479538,51.553413216699],[0.0111389188962285,51.55438582047],[0.0116324112780196,51.5539145149663],[0.0146412934547694,51.5549643736317],[0.0162807966979312,51.5531927113049],[0.0167555698743952,51.5533789472748],[0.0169935805128912,51.5531510476396],[0.0215231566947089,51.5548945206492],[0.0204742041657707,51.5561281259928],[0.0225814668945976,51.556094247878],[0.0227127518308341,51.5567005141405],[0.023385350661203,51.5567876595869],[0.0237939993051819,51.555523924369],[0.0253745335852235,51.5555450131122],[0.0255183261876184,51.5540440097915],[0.0322690221936946,51.5545897075838],[0.0354303631454606,51.5552584732362],[0.0462726110117307,51.5548299406866],[0.0443396093396799,51.5575911464101],[0.0429368911318195,51.5583607340998],[0.0420292779474462,51.5614920807891],[0.0503449924892256,51.5640217712285],[0.0515595564664435,51.5621723983296],[0.0540978240739518,51.5608406964455],[0.0544419764207333,51.5596270869035],[0.055662330231665,51.5593530358004]]]]},"properties":{"LAD23CD":"E09000025","LAD23NM":"Newham"}},{"type":"Feature","geometry":{"type":"Polygon","coordinates":[[[0.0327817262068161,51.6222434914774],[0.0374777645781579,51.6183258359841],[0.0375454143782192,51.6179002376291],[0.0402145779703481,51.616410524231],[0.0400141457232096,51.616097464586],[0.0407878432974229,51.6157288196939],[0.0437052383961491,51.6169415500034],[0.0478606496866721,51.6174105356952],[0.053098115652603,51.6184233362532],[0.0536727737913095,51.6182790986979],[0.0544514222993011,51.6176103015389],[0.0541650841891714,51.616680939348],[0.0532680543040351,51.6163425229526],[0.0519050792268259,51.6168979628256],[0.0501545635432515,51.6164165855415],[0.0484957431998267,51.6150324769095],[0.0485657386217445,51.6138498379728],[0.0479561835430442,51.6133026355006],[0.0482429748984494,51.6131175177741],[0.0489083883113237,51.613558565261],[0.0603390615366758,51.6084548935583],[0.0625655546177721,51.6070804673033],[0.0639602770377741,51.6072415759235],[0.0659672728302149,51.6063209801546],[0.0728118625758041,51.6046818998514],[0.0766984747100544,51.6063091316749],[0.079369067593195,51.6070384738174],[0.0844438653628952,51.6063401198336],[0.0871420167244084,51.6044152926275],[0.0888366104152503,51.6048596985933],[0.0891887941901329,51.6054153922012],[0.092544709804261,51.6061928507517],[0.0917348570342203,51.607409628046],[0.0919405500038478,51.6082300677909],[0.0926383162882662,51.6094210523378],[0.0939127860221914,51.6098387973371],[0.0942044817584299,51.6106692045299],[0.094692625571188,51.6107471577656],[0.0936415013884751,51.6124799789211],[0.0922848679306965,51.6135742646308],[0.0980683911361371,51.6154215814252],[0.100168453577322,51.6127249215754],[0.103414553809219,51.6134536551426],[0.103837892902431,51.6125513655598],[0.109631880082643,51.6139617507086],[0.116710192938793,51.6169216499361],[0.118606674569968,51.6153667578969],[0.119307301579151,51.6153685035469],[0.124198641273924,51.6175059549484],[0.12609846056529,51.6196432736351],[0.128839209569546,51.6206683177169],[0.129187436342478,51.6214010383192],[0.135810576180092,51.6235471357146],[0.138184235471144,51.6235453969741],[0.144374330471667,51.6168049681542],[0.145513450183006,51.6145345425324],[0.147540561512271,51.6122233529635],[0.148702061675442,51.6086977518275],[0.148618257531294,51.6044404201302],[0.149510112602879,51.6029042474414],[0.14820590165784,51.5989684651636],[0.146599887190742,51.5994359408699],[0.14193543321104,51.5965591748624],[0.137595192673804,51.5938940604831],[0.129573872052847,51.5900455794785],[0.13102192079694,51.587524239795],[0.126386612488677,51.5867252210564],[0.127258715353732,51.5839258515414],[0.127662365447979,51.5838785192447],[0.128092527625584,51.5828333606666],[0.127759038931832,51.5816363840294],[0.132555277913465,51.5813066138983],[0.133567347777831,51.5799536509515],[0.130823841436869,51.5793654562338],[0.131643362720049,51.5770853049748],[0.129191022343564,51.5763123388046],[0.129443523032527,51.5739444429828],[0.13009987732425,51.5730644332487],[0.130909699401323,51.5733421692673],[0.131578541181193,51.5718243720301],[0.129906952553102,51.5715383936018],[0.130026134177711,51.5707301505592],[0.130423208865367,51.5706700559797],[0.130459106946623,51.5702817515393],[0.129659209964429,51.5681112019125],[0.129324285273829,51.5665254447057],[0.127680076814031,51.5661611824731],[0.12502855734482,51.5643409793247],[0.119051087716779,51.5630518219428],[0.118877678684053,51.5627327337217],[0.119745551654053,51.5625073450707],[0.117486903589319,51.5591803095652],[0.120491599554835,51.5585734675048],[0.118901016628217,51.5573709910212],[0.117085043058467,51.5574176508584],[0.117084962182422,51.5569118791328],[0.11327287260786,51.5572667549531],[0.112737337980796,51.5565250340471],[0.114742939156256,51.555318017369],[0.112354343080321,51.5535016446564],[0.111946500144236,51.5526689571028],[0.111139441785709,51.5524845723146],[0.108418923121705,51.5526962585527],[0.108318691080143,51.5521568495689],[0.107456041875476,51.5520023136201],[0.106131546667101,51.5509449133598],[0.104316248210586,51.5498418773243],[0.0997685923827312,51.5484266631992],[0.0935197644735265,51.5458578943684],[0.0922677123785687,51.5486370513734],[0.0926082637843222,51.5496497004866],[0.091704325393476,51.5491096242984],[0.0915367626289642,51.5483027906754],[0.0885001748522584,51.5477416502803],[0.0858920099981717,51.5473443940811],[0.0816600297632333,51.5455846309554],[0.0815125276472448,51.5451697083331],[0.0800638961227347,51.5447723558444],[0.0779600410347074,51.5440520016689],[0.0774939842211705,51.5445735144884],[0.0770330614517716,51.5443795028853],[0.0768099712896189,51.5445849142884],[0.0755489080110188,51.544011219226],[0.0719570902737821,51.5438108763677],[0.0718098413476553,51.5435618414325],[0.069711435332933,51.5440660785749],[0.0696652757293579,51.5464467057687],[0.0689806677251697,51.5489760389872],[0.0694585042799253,51.5503839739658],[0.0686056698270131,51.551377873625],[0.0679837205605864,51.5542993371741],[0.0660105574451044,51.5567941855003],[0.0659461428751938,51.5568326217837],[0.0642814504228469,51.5578259086489],[0.0642219733677099,51.5578613955638],[0.0632629824628119,51.55825293161],[0.0625776546512885,51.5581991420319],[0.0623976857436073,51.5581773375764],[0.0619340994692531,51.5581211701458],[0.0609546815423608,51.5584756081511],[0.0580609989227296,51.5607521059702],[0.0573959672091647,51.5608496512355],[0.0607251637499287,51.558424784148],[0.0618801206453137,51.5579962203334],[0.0625665251821824,51.55806551302],[0.0627165501250867,51.5580806576042],[0.0640651314651045,51.5578181572069],[0.0641156686577358,51.557787455324],[0.0657955670976682,51.5567668467982],[0.0658705986449715,51.5567212605541],[0.067575878191708,51.5546581415862],[0.0683266331017498,51.5514273072027],[0.0692459609161178,51.5502932985977],[0.0687164936774406,51.549018916529],[0.0694223432151365,51.5463279695538],[0.069343822787697,51.5441544095444],[0.0683616946338665,51.5443903901028],[0.0687134000440931,51.5474641824842],[0.0677848218853402,51.553266729669],[0.0669297058838058,51.5532818656137],[0.0666074094156521,51.5547190984666],[0.0649450135997271,51.5563952971234],[0.0636426301512285,51.5572762607612],[0.0601507418451312,51.5564070975154],[0.0587049866503617,51.5572156572101],[0.0582571881772071,51.5578773861926],[0.0571972202980064,51.5580035482135],[0.0569605008123502,51.5586701223959],[0.0563145886824906,51.5585874766],[0.055662330231665,51.5593530358004],[0.0544419764207333,51.5596270869035],[0.0540978240739518,51.5608406964455],[0.0515595564664435,51.5621723983296],[0.0503449924892256,51.5640217712285],[0.0420292779474462,51.5614920807891],[0.0429368911318195,51.5583607340998],[0.0443396093396799,51.5575911464101],[0.0462726110117307,51.5548299406866],[0.0354303631454606,51.5552584732362],[0.0322690221936946,51.5545897075838],[0.0255183261876184,51.5540440097915],[0.0253745335852235,51.5555450131122],[0.0237939993051819,51.555523924369],[0.023385350661203,51.5567876595869],[0.0227127518308341,51.5567005141405],[0.0225814668945976,51.556094247878],[0.0204742041657707,51.5561281259928],[0.0171406995354919,51.5588406587821],[0.014819972211581,51.5594262606295],[0.014308954583771,51.563507879121],[0.0144647745054095,51.5656157955399],[0.0175776751203158,51.5656635634542],[0.0188589439099717,51.5663260303893],[0.0189981745610268,51.5669762358642],[0.0176834360980589,51.5700142326072],[0.0182816546563944,51.5701386071359],[0.0191310762333434,51.5698548958631],[0.0189211206830962,51.5723220958056],[0.018054755978928,51.5720374664102],[0.0164867288262751,51.5728872347371],[0.0174126927443315,51.5744862735364],[0.0175055958131868,51.5773877173053],[0.0153511129539794,51.581642907491],[0.0157036848124435,51.5818371080741],[0.0153324486294402,51.5824747579916],[0.0155406198264996,51.5833466113344],[0.0149354845145147,51.5833577462429],[0.0134135251495813,51.5837836223675],[0.0129671463596429,51.5869620336874],[0.0120959005062663,51.5926905016606],[0.0125456902701729,51.5953571444018],[0.0125469358387258,51.5953635067967],[0.0129664781945863,51.5991231117939],[0.0164189827493158,51.6039305636581],[0.0191450686104209,51.6077902065121],[0.0195790134681853,51.6076109426208],[0.019280772375472,51.6082456419211],[0.0214246059466039,51.6110918364718],[0.021250445433346,51.6123074593056],[0.0162744360427842,51.6168571932795],[0.00869444540428972,51.6190699023705],[0.0145380924454833,51.6188930903526],[0.0147278646748309,51.6197611896594],[0.0142707185172037,51.6202765990429],[0.0159062993547018,51.6209493749872],[0.0162293061239006,51.6217746035459],[0.0170530946904182,51.6219869959843],[0.0170577998643863,51.6223557520533],[0.0177108657798303,51.6223426165341],[0.0184682253431733,51.6227860965974],[0.018845105450582,51.6232564791154],[0.0184922201562063,51.6235053484045],[0.0190661240361209,51.6236685738375],[0.0187815927977718,51.6240918006362],[0.0191202305141922,51.6250451916845],[0.0200877350284357,51.6264287758794],[0.0199387341419756,51.6270058993274],[0.0205800171712431,51.6273351933391],[0.0209959827463822,51.6289177767653],[0.021819035344359,51.6288327870281],[0.0245881097352765,51.6275180535579],[0.0268338595234593,51.6259074332292],[0.0290826521961561,51.6251131775338],[0.0289633420350293,51.6246737355531],[0.030727318068551,51.6236360903647],[0.0305242465485678,51.6232924937365],[0.0314706583322808,51.6231007314716],[0.0327817262068161,51.6222434914774]]]},"properties":{"LAD23CD":"E09000026","LAD23NM":"Redbridge"}},{"type":"Feature","geometry":{"type":"MultiPolygon","coordinates":[[[[-0.3311857080572,51.4395651500286],[-0.330667635536419,51.4388943896857],[-0.331481865809256,51.4393498794594],[-0.3311857080572,51.4395651500286]]],[[[-0.321760309968809,51.4458280310714],[-0.325056137774888,51.4447785748895],[-0.325487800654684,51.4450356304386],[-0.325137686918841,51.4447523139691],[-0.328068298054922,51.4439659739876],[-0.327171950006568,51.444945034052],[-0.325787157187955,51.4457228752517],[-0.324521209128429,51.4457497420068],[-0.323821527152493,51.4460558784863],[-0.323329795268306,51.445823972131],[-0.323367047927864,51.4460443676155],[-0.321753265417953,51.4462357323912],[-0.320907968517047,51.4461328000316],[-0.321760309968809,51.4458280310714]]],[[[-0.308738338665654,51.4581642178654],[-0.308449961785582,51.457787767168],[-0.309919196973506,51.4585211616832],[-0.308738338665654,51.4581642178654]]],[[[-0.326876811513731,51.4612479610348],[-0.326877324873667,51.4612451015452],[-0.326886287042126,51.4612516545915],[-0.326861258371947,51.4612917170062],[-0.326876811513731,51.4612479610348]]],[[[-0.325205783547585,51.4638367975743],[-0.325716053946399,51.463124753288],[-0.325343873296781,51.4637204381772],[-0.325205783547585,51.4638367975743]]],[[[-0.294793582150298,51.4859828615404],[-0.297418798873058,51.4845677356782],[-0.296409058180967,51.4856124736313],[-0.294793582150298,51.4859828615404]]],[[[-0.293949976718146,51.4862044306398],[-0.2945303527175,51.4860896139966],[-0.294332309916349,51.4863016889662],[-0.291880995927489,51.4870304544159],[-0.289887911380429,51.4871749293963],[-0.293949976718146,51.4862044306398]]],[[[-0.224871310099639,51.4736842198548],[-0.222919139768397,51.4718385859303],[-0.223712792431086,51.4715907168788],[-0.223430114466522,51.4714854588288],[-0.223442448413863,51.4714789748281],[-0.223617472767174,51.4707420522134],[-0.226953611355139,51.4714014950684],[-0.231193690359327,51.4728239819442],[-0.232733298874365,51.4725107596367],[-0.232958389018286,51.4716814353709],[-0.233483177036173,51.4679985521424],[-0.232873971995118,51.4666343598013],[-0.233626914383744,51.4660892400949],[-0.233568164755019,51.4653489383318],[-0.233290023158623,51.4639717465339],[-0.239534478428114,51.4648554249481],[-0.244245925605333,51.4652613283452],[-0.248747588002848,51.4650546592802],[-0.252950677329956,51.4652240443743],[-0.255947145177923,51.4630733680735],[-0.257958102690143,51.4603786624045],[-0.256800012380191,51.4598223094466],[-0.258466733609521,51.4570434135441],[-0.259111198831886,51.4549534898709],[-0.247289858979786,51.4491959104937],[-0.24159865877434,51.4431179860039],[-0.242721716909592,51.4419112817804],[-0.254066366518792,51.4372878651698],[-0.256186003261627,51.4366521518395],[-0.256318925603588,51.4363452145604],[-0.264549483902374,51.4329097536618],[-0.270905100636418,51.4295589204644],[-0.278579610178557,51.423351373576],[-0.280399432687045,51.4218912868856],[-0.286559992341689,51.4201854936901],[-0.287790171458222,51.4227340192109],[-0.290616410459767,51.4289901652493],[-0.293009168924247,51.4289409381601],[-0.293394214716677,51.4265036136144],[-0.294792456201313,51.4264438932137],[-0.294720818622335,51.4269980394603],[-0.295430789425014,51.4270371139962],[-0.295483633547867,51.4276615232746],[-0.297677226510859,51.4286766711128],[-0.301593960146175,51.4314346820228],[-0.302079636232512,51.4311601215301],[-0.301754172083702,51.4303908340812],[-0.305917554801736,51.4313612032092],[-0.306411012209388,51.4301574055376],[-0.306881882251474,51.4301500120321],[-0.308542761575097,51.4307805268786],[-0.308067540697836,51.4310729025724],[-0.309758432683688,51.4321387939641],[-0.310650913997973,51.4322095278795],[-0.312903931530096,51.4302561546463],[-0.314430429140883,51.428248913847],[-0.311054040219989,51.4267625746133],[-0.308361931519298,51.4250094271898],[-0.306706626551084,51.4230461333236],[-0.30593062819211,51.4212617056936],[-0.308252540115846,51.4153136219432],[-0.308469296712002,51.4135249721902],[-0.309048761744961,51.4091661986482],[-0.308733514756071,51.4022585741495],[-0.309498774898725,51.4001442797134],[-0.310289452731053,51.3996098439282],[-0.312108371837945,51.3981386672833],[-0.312929585463551,51.3970590526153],[-0.317697879461912,51.3936670802519],[-0.319832885343762,51.3925934401187],[-0.325860279723407,51.3914396043589],[-0.327586908786079,51.3917448438637],[-0.32867176277269,51.3923088129966],[-0.330786134543645,51.3940907930177],[-0.332263636927729,51.3959176121512],[-0.335807120253771,51.3984563115933],[-0.338335612577083,51.4008437753524],[-0.340636413492871,51.4030940269391],[-0.343787586227725,51.4039803748089],[-0.347080469956743,51.4058812157406],[-0.349890683473659,51.4069801532469],[-0.355109148235357,51.4098071480844],[-0.355357024954818,51.4107521658439],[-0.359139332144209,51.4119031613367],[-0.361238189559091,51.4120405076277],[-0.364739828180263,51.4115920912012],[-0.373860205320599,51.4084933067593],[-0.379427940842277,51.4078339483192],[-0.383350026681253,51.4085382960086],[-0.3837773443953,51.4101188362477],[-0.386635766084178,51.4104117481627],[-0.389176859552194,51.4103199386253],[-0.389649814820215,51.4106933310305],[-0.390292426772994,51.414338003868],[-0.386122609992955,51.4142806590711],[-0.386594002397961,51.4150218339594],[-0.386761620321015,51.4176544921696],[-0.387693548658496,51.4193282815568],[-0.386641675154269,51.420080819557],[-0.39131707100993,51.422315412796],[-0.392912348231466,51.4232769184651],[-0.392754332190993,51.4234436096057],[-0.391019331671074,51.4231458330768],[-0.385430928192615,51.4206290165035],[-0.384951484237788,51.4212588671222],[-0.384081926037091,51.4226923932331],[-0.388387260380427,51.4279972713816],[-0.388057123788859,51.4278496962925],[-0.387103166507676,51.4281760169235],[-0.387934644192034,51.4286236374672],[-0.387726274714751,51.4288877283161],[-0.383150312332945,51.4322384454304],[-0.376157260562842,51.4354671472431],[-0.37609256289144,51.4355062687481],[-0.377871941022836,51.4362797850656],[-0.377761461379696,51.436819417208],[-0.366823470215651,51.4416233272208],[-0.367098818227581,51.4417006807183],[-0.37307817455589,51.4436692785413],[-0.373881385979297,51.4430339798821],[-0.375926680168315,51.4430871196178],[-0.377126285412797,51.4424596279486],[-0.378205143117411,51.4424842939115],[-0.379546064371273,51.4431036731666],[-0.379747633102291,51.4443217430622],[-0.382905141601064,51.4450951345671],[-0.386223447876443,51.4467121010232],[-0.386257004588281,51.4481240831366],[-0.387786648191089,51.4493713181395],[-0.384490171047228,51.4498948972723],[-0.383751479151189,51.4495061839098],[-0.375258068480552,51.4562711375519],[-0.373024056271843,51.4574730212235],[-0.372687650270116,51.4569976488411],[-0.372439929994924,51.4572354165028],[-0.369570162557889,51.4569681853762],[-0.369564447011299,51.4569676517807],[-0.368435236749007,51.4568626140752],[-0.367837401588697,51.4574249225411],[-0.36503235055546,51.4578055848978],[-0.364419302861009,51.4575872325095],[-0.362636099233493,51.4576832701235],[-0.359854797465852,51.4582018569009],[-0.355812842546929,51.4583807055032],[-0.353487090513193,51.4581802379637],[-0.352810773187725,51.4568638217928],[-0.348569300602764,51.4567646680306],[-0.346024097188038,51.4572598748538],[-0.345289190489759,51.4578593824199],[-0.342735402175869,51.4580717803339],[-0.341706616118169,51.4590172888699],[-0.340111328286192,51.4592412565413],[-0.340644811569025,51.4572689080592],[-0.338953300500773,51.4558810181131],[-0.338548700277405,51.4560992566819],[-0.337736793521604,51.455475260631],[-0.337512639549886,51.4547671989246],[-0.336982324195838,51.4546481894605],[-0.33627331434432,51.4556789092527],[-0.333692637193721,51.4554909246198],[-0.333616069775311,51.4552400735766],[-0.333027908582819,51.4553783484737],[-0.331400259935538,51.4573568798444],[-0.330373639818618,51.457933567454],[-0.328455258887979,51.45799909595],[-0.326934014640788,51.457010899904],[-0.325588217827617,51.4580808630278],[-0.326513406711705,51.4593024661584],[-0.326410054676839,51.4606670441678],[-0.32633106114135,51.4608145206905],[-0.326393507395222,51.4608855106008],[-0.326393087573391,51.4608910475987],[-0.326431629146651,51.4609192281734],[-0.326820592675959,51.4613241895955],[-0.326378296453869,51.4620647750435],[-0.326223575875224,51.4623126871243],[-0.326221911760917,51.462315086853],[-0.32433963413763,51.4645666344193],[-0.323685889149201,51.4651174734537],[-0.323219211569662,51.4653211775985],[-0.322575004039864,51.4653412687266],[-0.321736451262047,51.4653633005304],[-0.318963285511076,51.4626609465971],[-0.313996762030511,51.4597137901189],[-0.311417080300468,51.4588304124157],[-0.31156690288556,51.458550204632],[-0.311258904396406,51.4587673450502],[-0.30890971103466,51.4575504312722],[-0.307533425316902,51.4572125078206],[-0.308035760040722,51.4566680654101],[-0.307263356068664,51.4570031297345],[-0.305947399346856,51.4561559109614],[-0.30389157024571,51.4532903876966],[-0.304350652559263,51.451620815778],[-0.30563423765782,51.4504411172237],[-0.308854983197502,51.4486765514123],[-0.315744775642828,51.4469057873756],[-0.315804268850942,51.4466580036473],[-0.318897388956792,51.4464303934927],[-0.321500073168154,51.4468606696956],[-0.325150179799941,51.4465334227944],[-0.32718670091478,51.4456434985875],[-0.33036933255672,51.4429601716195],[-0.331376398595921,51.4415619862956],[-0.331383875463254,51.4415532650082],[-0.331632041948247,51.4412637713767],[-0.331207698824646,51.4397407228196],[-0.331844998613703,51.4391720408918],[-0.330576398270608,51.4384683073593],[-0.329067498408194,51.4366627195617],[-0.328454639033592,51.4339074051403],[-0.328420370507501,51.4338661989216],[-0.327222425221962,51.4324257297917],[-0.324793955597652,51.4308518481894],[-0.322331871969191,51.4298892004019],[-0.319986381290736,51.4293978631588],[-0.319968092550334,51.4293940318271],[-0.318485584241237,51.4290935373941],[-0.31834719716531,51.4294672851322],[-0.318319020455922,51.4295433840809],[-0.319069694695237,51.4300123960325],[-0.323354118279673,51.4308673646861],[-0.325852980578646,51.4323229901497],[-0.325659724826943,51.4325720140264],[-0.326952854179445,51.4333854095947],[-0.327595458803367,51.4343832915627],[-0.328020294819308,51.4366954397672],[-0.329074514998701,51.4380467397518],[-0.328506374863958,51.4380017675025],[-0.329146317315752,51.4381884937115],[-0.330083970492546,51.4396604173254],[-0.330078215535752,51.4415923369723],[-0.329138944100891,51.4426854522694],[-0.327790935050194,51.4434440580478],[-0.321711014698335,51.4453673672592],[-0.317058398166893,51.4457601476264],[-0.312986151833002,51.4464911320312],[-0.309564626628891,51.447270933384],[-0.305756440513044,51.4485985355897],[-0.302820113828637,51.451306859954],[-0.302611657860745,51.4522323241681],[-0.302801605722219,51.4533982619335],[-0.305036692808653,51.4564557071224],[-0.307992662054818,51.4588076670966],[-0.313839225362222,51.4607121557453],[-0.31388009182422,51.4607254660509],[-0.316931088836458,51.4624703788957],[-0.319771227063503,51.4646720192699],[-0.319212463715137,51.468440430485],[-0.318580322470445,51.4702060480601],[-0.317715853985402,51.4710047780536],[-0.314596130978665,51.4717935929864],[-0.310047382748542,51.4734733338813],[-0.310042128827845,51.4734757005469],[-0.30680386245554,51.4749344017331],[-0.302583060852792,51.479247882466],[-0.295262384137631,51.4848260304075],[-0.290002663266956,51.4863398445247],[-0.287291685571959,51.4864999381483],[-0.284432694553367,51.4859019695438],[-0.280386812103438,51.4837762155415],[-0.27794116544933,51.4820564484498],[-0.273985431356271,51.4756485286512],[-0.273511635274441,51.4751332510064],[-0.272441066746787,51.4739689068221],[-0.270488167875147,51.4726953989272],[-0.27047859704818,51.4726901320528],[-0.267825403169542,51.4712300486259],[-0.264027180261776,51.4702158506226],[-0.260328915090003,51.4703111696531],[-0.258553377337441,51.470430064805],[-0.255677875640439,51.4711697135518],[-0.253377523039181,51.472229896722],[-0.25147820296922,51.4736282590744],[-0.249655497568772,51.4760844252279],[-0.249218115666759,51.4792163552104],[-0.249378406310455,51.4820649376629],[-0.248399719241134,51.4838340333789],[-0.24107902822029,51.4882815445607],[-0.238996215396385,51.4888600024624],[-0.235636070467878,51.4889988146889],[-0.233148810691863,51.4885603067062],[-0.231314813462387,51.487880251242],[-0.228018232350901,51.4851178667666],[-0.226836799259448,51.4809674375394],[-0.226622558451729,51.476185045546],[-0.224871310099639,51.4736842198548]]]]},"properties":{"LAD23CD":"E09000027","LAD23NM":"Richmond upon Thames"}},{"type":"Feature","geometry":{"type":"Polygon","coordinates":[[[-0.104675765428944,51.5086146083979],[-0.104684269537331,51.5084052681602],[-0.104150925679572,51.5085440183301],[-0.0961130164085671,51.5083783316937],[-0.092076988110946,51.5072300138532],[-0.0881458819612396,51.5069147168642],[-0.0880753410860817,51.5069090579612],[-0.0861288990040808,51.5065467727106],[-0.0846875740958499,51.506622610235],[-0.0811352973936893,51.5059399527537],[-0.0761190474889627,51.5044105485567],[-0.0727182991462416,51.5036026609904],[-0.0717771253973083,51.5030762428609],[-0.0708721384938888,51.5025700477319],[-0.0734874174956601,51.5004862899829],[-0.0707778379433181,51.502210135781],[-0.06735834144395,51.5012289012076],[-0.0671900308833729,51.50144375018],[-0.0637888065090629,51.500629544285],[-0.0572549386976635,51.5008536124673],[-0.051242631234441,51.5027367056913],[-0.0507213796224176,51.5028999431243],[-0.0487832114181187,51.5040256947307],[-0.0491698283486771,51.5043592828641],[-0.0487623360868406,51.504438016615],[-0.0486718172441649,51.504492058187],[-0.0485535739457927,51.504515999187],[-0.0482794221881823,51.5043993634442],[-0.048038828014307,51.5042970031704],[-0.0477051780028952,51.5041550501417],[-0.048008945862971,51.5047680154402],[-0.0469813925270288,51.5053606110494],[-0.0460503851809542,51.5051480696345],[-0.0465423456034028,51.5056563522478],[-0.0457279326203202,51.5061299177639],[-0.04531801401462,51.5059234465425],[-0.044367033635846,51.5069505677496],[-0.0413015067382243,51.5074909464415],[-0.0372643186242371,51.5072306377978],[-0.0373142128844935,51.5064222121237],[-0.0367900741650637,51.5071333107061],[-0.0341944281411642,51.5063040322285],[-0.0330584603971302,51.5050936993731],[-0.0330172841563302,51.5043605425049],[-0.0323217828052584,51.5043493192125],[-0.0323340834353003,51.5024203950948],[-0.0323488247829482,51.5001082975504],[-0.0327294946902589,51.5000881601164],[-0.0324895569237444,51.4982837557392],[-0.0329443169341565,51.496941558243],[-0.0325486969911669,51.4960086484852],[-0.0339573378331268,51.4956824689017],[-0.0338489454058295,51.495472914397],[-0.0325343086489802,51.4956738713463],[-0.032663996776734,51.4944026553734],[-0.0332492532286884,51.4941435929468],[-0.0326396995414026,51.4941306620491],[-0.0323926724657008,51.4930886684782],[-0.0372509004483816,51.4922243560539],[-0.0392346136693459,51.4929661710511],[-0.0404918109324734,51.4927970386311],[-0.0400305589637998,51.4921823701391],[-0.0410237427519533,51.4918306051639],[-0.0402768877266922,51.4910455283897],[-0.0424791011143275,51.4902513317996],[-0.0422556146558012,51.4900887310347],[-0.04601573447094,51.4902913658256],[-0.0465288526279895,51.4903483486868],[-0.0465408369817739,51.490669307582],[-0.0513394771649359,51.4895042648358],[-0.0519367557085934,51.48911460298],[-0.0500654204735039,51.4883302766669],[-0.0504869840191773,51.4879203991442],[-0.0523455115819233,51.4878007155716],[-0.0525915556698115,51.4875517203159],[-0.05396947356612,51.487941046786],[-0.0528544976167043,51.4866841926376],[-0.0529253142180146,51.4860036126084],[-0.0535341526444248,51.4856800718472],[-0.0530555880490071,51.4850376779577],[-0.0527821365874229,51.4827251860192],[-0.0530988753439291,51.4809270212803],[-0.0542345709209316,51.4785957115046],[-0.0526873714357894,51.4780143290443],[-0.0527415260071442,51.4729698568436],[-0.0516576473370111,51.4697158362077],[-0.052269468059822,51.4692259320395],[-0.0508512705109908,51.4675767341876],[-0.0512970182554015,51.4673698499587],[-0.0505440746069897,51.4667896794923],[-0.0508118368869824,51.4666539810771],[-0.0481762655821977,51.4658943205362],[-0.0485152255577053,51.4656265053968],[-0.0474708938823567,51.465124207178],[-0.0459733454258121,51.4639748076846],[-0.0451910322713688,51.4620450465404],[-0.0452113725232108,51.4594308740765],[-0.0461340132171619,51.4569460850267],[-0.044574167942645,51.4565814521481],[-0.041647581474361,51.4549968153416],[-0.0460800999179694,51.4498680249799],[-0.0489967287694698,51.4501064849973],[-0.0538558015356858,51.4486863275589],[-0.0575776925323399,51.4503257688567],[-0.0618014306463358,51.4477865780211],[-0.0630176173282986,51.4461990882179],[-0.0637020964341871,51.4442241221575],[-0.0640358047448945,51.4420716357358],[-0.0650303659635068,51.4411634981426],[-0.0640489495109607,51.4408409409424],[-0.0634005550632505,51.4375718093379],[-0.0643931855103375,51.4370506038614],[-0.065851493442402,51.4346264689402],[-0.0668123655494092,51.4338815115811],[-0.0691136953308728,51.432830640606],[-0.0706869364202267,51.4324716178424],[-0.0722261774625598,51.432498469176],[-0.0728653517287247,51.4320968337301],[-0.0748640231200568,51.4298417009662],[-0.0750806467334181,51.4289831685542],[-0.0739072700998477,51.4262129239712],[-0.075041494918316,51.4256269561895],[-0.0782876818800692,51.4206047143525],[-0.0792173354281002,51.4208686330693],[-0.0789084667970877,51.4215682293039],[-0.0798353628001291,51.4221395532228],[-0.0808761077385236,51.421859741322],[-0.0817344046773027,51.423378411889],[-0.0834623720671021,51.4229968224999],[-0.0840349390102656,51.4256913385061],[-0.0851869745054043,51.4272995739626],[-0.0860750355372975,51.4278171158323],[-0.0859092487501567,51.4285044012982],[-0.0881978237940604,51.4293353192719],[-0.0893452317675668,51.432017167113],[-0.0910192192332483,51.4375532027273],[-0.0928955395040948,51.4410815827601],[-0.0944265799750353,51.4432353598937],[-0.0950652565280574,51.4454120617505],[-0.0960376933581986,51.4467259276761],[-0.0991342066409539,51.4489749640387],[-0.0999621460455648,51.4502728254304],[-0.100762530181985,51.4503361155731],[-0.101454142519827,51.4522163175254],[-0.101080293087612,51.4539272713602],[-0.0958124670776835,51.4574150023559],[-0.0949473216830476,51.4587872006011],[-0.0922440563460276,51.4610584126672],[-0.0906577296434764,51.4633175044951],[-0.0900629319170935,51.4658306494543],[-0.0911507750355479,51.4675960385207],[-0.0927563656289627,51.4698694197482],[-0.0930151332399318,51.4720285694306],[-0.0936259850610647,51.4717351595502],[-0.0941433093961678,51.470673101437],[-0.0959751474112139,51.4698674310337],[-0.0988290607824423,51.4718716887353],[-0.0993647297693536,51.4726431612738],[-0.10065393018864,51.4744474225049],[-0.0999721845597207,51.4768640610669],[-0.103573325567939,51.4783577660188],[-0.108209178745986,51.4802861685274],[-0.104033587799528,51.4809014068144],[-0.106018261091277,51.4826980495782],[-0.105612023384638,51.4829402049524],[-0.107189477364099,51.4836490721389],[-0.106359457173477,51.4848986130662],[-0.108460594138318,51.4858488370339],[-0.103272415150889,51.491252773091],[-0.104852358393814,51.493527934379],[-0.110934052373937,51.4954679921678],[-0.111466570957293,51.4964588688],[-0.110257746605117,51.4967632921247],[-0.108266979418785,51.5004426031631],[-0.10647423896944,51.5015707877309],[-0.105916627617627,51.5020333870143],[-0.106077481114859,51.5025242797808],[-0.106757424261746,51.5022096233884],[-0.107392358397182,51.5030356321861],[-0.106403248457154,51.5033666736038],[-0.106485998777198,51.5050629739269],[-0.107338698342433,51.5070721671155],[-0.108165120586132,51.5069222308107],[-0.10871351564232,51.5077653672946],[-0.108857764450704,51.5084260424351],[-0.104720650732497,51.5085579651482],[-0.104683527016222,51.5086156519705],[-0.104675765428944,51.5086146083979]]]},"properties":{"LAD23CD":"E09000028","LAD23NM":"Southwark"}},{"type":"Feature","geometry":{"type":"Polygon","coordinates":[[[-0.166329573049792,51.3896090848384],[-0.165299266767606,51.3879991046561],[-0.161826346385023,51.3881372970691],[-0.160961193086177,51.3878193194777],[-0.159870506323104,51.3885093256166],[-0.158270747383943,51.3888209078764],[-0.158026699152325,51.3892513571985],[-0.152647253645332,51.3897741421335],[-0.144280534363931,51.3906650896523],[-0.14323257693588,51.3904165453369],[-0.141849967742782,51.3893040795191],[-0.134836543112323,51.3909612514656],[-0.134321993903791,51.3908470670978],[-0.13261288844745,51.3901249348319],[-0.133234752312872,51.3895521150186],[-0.129566505009285,51.3872309828103],[-0.130632294439637,51.3862681992378],[-0.128760011133675,51.3856431188812],[-0.129514898946542,51.3853006812294],[-0.128648796741574,51.3824934552766],[-0.130261888492008,51.3822140386334],[-0.128049150500356,51.380475150353],[-0.126732898500071,51.3770681457732],[-0.125840985080286,51.3755992820221],[-0.126834723541615,51.3754664204198],[-0.126674514578055,51.3749152731261],[-0.127842352848183,51.3747410278708],[-0.124762057193566,51.3736863422459],[-0.124745912217793,51.3729365043011],[-0.123326780930294,51.3711984415533],[-0.122078281656429,51.3657541785593],[-0.124116081766397,51.3653501523664],[-0.122336988661194,51.3645213117233],[-0.12130137633784,51.3647268946971],[-0.120903500493868,51.3633077753605],[-0.12140265279712,51.3623437640268],[-0.121366806670331,51.3610399989481],[-0.122014136100827,51.3609639772532],[-0.121816937190466,51.3599770815529],[-0.12288486825092,51.3599240273472],[-0.121894540634818,51.3590717234243],[-0.123318616959913,51.358903957417],[-0.123470691200314,51.3591541322263],[-0.124591346813467,51.3588729543868],[-0.124554967689601,51.3583633060558],[-0.124188829561267,51.3574142933754],[-0.121373975745096,51.3577401898069],[-0.12014903106093,51.3530276144345],[-0.11909473537565,51.3531379834666],[-0.118624594642974,51.3518424511534],[-0.117378055521415,51.3466490361726],[-0.116934258986665,51.3466804787422],[-0.116842029977448,51.3457628600102],[-0.117284836311771,51.345666615087],[-0.118678553663495,51.345847704506],[-0.118898161446538,51.3455771509518],[-0.125875453491107,51.3452327712711],[-0.126854880054177,51.3448644255506],[-0.127279014929812,51.3470911399078],[-0.127513725712915,51.3474467194089],[-0.128347393422096,51.3474505700445],[-0.128851811718693,51.3472706216072],[-0.128964281487169,51.3465823338186],[-0.131418656486028,51.3460246479909],[-0.131092308834141,51.345470849385],[-0.132864027644778,51.3454342463321],[-0.132484895636453,51.3442724862206],[-0.136253021585845,51.3444076893119],[-0.136340896567951,51.3447912605037],[-0.136869320555868,51.3447201194165],[-0.141531530744641,51.3434131883624],[-0.14418241887013,51.3422910549303],[-0.144576133845834,51.342087666098],[-0.143458983799658,51.3405390189919],[-0.144280389204621,51.3402189453542],[-0.144463895734416,51.3395113934205],[-0.147483922501982,51.3387980172821],[-0.145594430642885,51.3324549605229],[-0.144071412377831,51.3306907697949],[-0.149188030596626,51.3288459113755],[-0.144411359169946,51.3264647681389],[-0.144232252932735,51.3259290331566],[-0.14557670392873,51.3234929549983],[-0.147930696732596,51.3226830427383],[-0.149003761414741,51.3228015600536],[-0.150677617675547,51.3221683825127],[-0.152070678446811,51.3222713363673],[-0.152720892895178,51.3230003432999],[-0.156523624561657,51.3214852871721],[-0.158634513022564,51.3239758719006],[-0.160600116025925,51.3232414908037],[-0.164187029319929,51.3260405193173],[-0.163567228253123,51.3262133998098],[-0.164362156000791,51.3281260558306],[-0.163982170696406,51.3281875297366],[-0.163970646115068,51.3285830139805],[-0.162290500691429,51.3288894050489],[-0.163076717058335,51.3302642201145],[-0.170065836767003,51.3294743190042],[-0.16989442115201,51.3302458852449],[-0.172854635136869,51.3300134485021],[-0.174139125445574,51.3332115614531],[-0.174666244468829,51.3331684494119],[-0.175019793495567,51.3338097569343],[-0.187459116165297,51.3408122823585],[-0.193229272402731,51.3426256167254],[-0.196047487352986,51.34333004404],[-0.196267143164344,51.3430393583618],[-0.196690325340346,51.3431582569566],[-0.196541212119756,51.3434464331583],[-0.197319340394251,51.3435951607866],[-0.198557576483129,51.3422994036271],[-0.199557392330879,51.3418840647172],[-0.201199296412049,51.3398841705147],[-0.202046363154046,51.3401426177829],[-0.20205494756804,51.3401401956839],[-0.213053983018457,51.3355535691639],[-0.211968448705917,51.3333261130077],[-0.214229603051396,51.330252716666],[-0.216085272317037,51.3297994488628],[-0.220841625332819,51.3298019716072],[-0.229822682346971,51.3365228054854],[-0.226826853442208,51.3378884712969],[-0.224090565020614,51.3400412244131],[-0.223261121111112,51.3398811085215],[-0.222276761871338,51.3404605949601],[-0.222700381564937,51.3408294217641],[-0.221785936519717,51.3413452366761],[-0.217264425534208,51.343387091722],[-0.21777747301199,51.3456313944137],[-0.22018551426333,51.3500798633035],[-0.220420862146078,51.351419728795],[-0.221261964912739,51.3511708046993],[-0.222091853689523,51.3513246386605],[-0.221974866292256,51.3535305513043],[-0.222736428311044,51.3570860732802],[-0.224057875439187,51.3592742268085],[-0.226944751876078,51.362625643224],[-0.233191345765746,51.3660100246366],[-0.233949400956512,51.3653847836258],[-0.236779812334742,51.3667969121753],[-0.237824768755512,51.3670068999079],[-0.238917446309639,51.3668344457747],[-0.24089087845287,51.3670367773284],[-0.241150340069487,51.3662619665518],[-0.245404841047607,51.3668454406997],[-0.244679372720784,51.3690611545643],[-0.245041240280716,51.379960270394],[-0.245030254723365,51.3800339655478],[-0.244940588211468,51.3806462814841],[-0.24427892294775,51.3830660352936],[-0.243232236749675,51.3825969686372],[-0.241638610666307,51.3844948029319],[-0.238730295207436,51.3860881834632],[-0.239691091190174,51.3892739332481],[-0.234641229449196,51.3905577885799],[-0.233712357195317,51.3876149289219],[-0.227724593485754,51.38396933294],[-0.223186338710371,51.3820558945417],[-0.218080128415406,51.380182375519],[-0.213739524252793,51.3840356782633],[-0.212943947841898,51.3848512188766],[-0.213360443776366,51.3850547678304],[-0.209783879622302,51.3882997560731],[-0.205073830430377,51.3861357663934],[-0.203406993201415,51.3872532765325],[-0.200282488049242,51.3849415463442],[-0.193843953585038,51.3879135717426],[-0.193479892063415,51.3876465049102],[-0.193141586701256,51.3878337237889],[-0.191845074590488,51.3869118873057],[-0.191606700460251,51.38711536757],[-0.191100971479334,51.386883811427],[-0.190291188379491,51.3863708282555],[-0.190491734111209,51.3862042551719],[-0.189635576938184,51.38602181754],[-0.188399006002823,51.3854342815212],[-0.184505748431722,51.387512879762],[-0.18267406468114,51.3880681064084],[-0.179299666601683,51.389804502301],[-0.174812978456833,51.3934129467947],[-0.172919399332055,51.3926752686896],[-0.171307920936,51.3925177796252],[-0.169945924618617,51.3917252733201],[-0.16747246297784,51.3900038525107],[-0.166329573049792,51.3896090848384]]]},"properties":{"LAD23CD":"E09000029","LAD23NM":"Sutton"}},{"type":"Feature","geometry":{"type":"Polygon","coordinates":[[[-0.0295535275710296,51.5430909976839],[-0.0289910688237788,51.5422729765039],[-0.0255845560641751,51.5433389614952],[-0.0198528971615672,51.5435828520754],[-0.016549676137034,51.5433298677014],[-0.0160914222675856,51.542476821491],[-0.0165950088188554,51.5413902662497],[-0.0176990535501777,51.5409568557714],[-0.0178585067039408,51.5401748305726],[-0.0188858206435576,51.539341036091],[-0.0194459919845924,51.5382541532936],[-0.0212678337033492,51.5370074023034],[-0.0209533848689064,51.5362839242019],[-0.0196630017758413,51.5355851177684],[-0.0189479456359201,51.5341390440381],[-0.0180712274677356,51.5334388805179],[-0.0180112178111926,51.5322223582045],[-0.0171472640301074,51.5313152242415],[-0.0136822637916931,51.5298465476112],[-0.0106879295018272,51.5292813255087],[-0.010267401705797,51.5284820747804],[-0.00864083527791054,51.5275562106615],[-0.00756245484960945,51.5262758851747],[-0.00776274195722487,51.5253940856007],[-0.00781941561658297,51.5253226564609],[-0.0080903401132746,51.5238353119479],[-0.00786298880813318,51.5230251468558],[-0.00863610343475223,51.5218258579639],[-0.00935047814368256,51.5218221092373],[-0.00916535605535765,51.5198953132866],[-0.00672335046484916,51.5182989816063],[-0.00597091740871718,51.516421708884],[-0.00513219001704403,51.5162350203795],[-0.00437431823682927,51.5164109739238],[-0.00345374955264658,51.5176144131502],[-0.00259251148183001,51.5177908757229],[0.00267281270796215,51.515517385639],[0.00358902457781944,51.5145452489384],[0.00356188636295391,51.5144913825772],[0.00177543604225648,51.5109451931599],[0.00175883497526898,51.5109122379696],[0.00280785452065839,51.5103858286468],[0.00432737876803565,51.5105954721896],[0.00553760667686258,51.513522274009],[0.0059403026777042,51.5139290665535],[0.00669456548252087,51.5139237974163],[0.00739341384163838,51.5127275303706],[0.00558282068597942,51.5100263115788],[0.00635103256875777,51.5093728504553],[0.00895751436619348,51.5088380750521],[0.0087897328377628,51.5073679034918],[0.00580107429831246,51.5082652080701],[0.00367595982686936,51.5083799125097],[0.00346977847862123,51.5080165224785],[0.00298993482783094,51.5082371383997],[-0.0017330928547502,51.5074758275907],[-0.00343337058191878,51.5066234816994],[-0.00539069761020905,51.5050317612311],[-0.00577379065589522,51.5051354042319],[-0.00558967458971964,51.5047981802354],[-0.00721926752372769,51.5031185668633],[-0.00750611574036416,51.5020011546941],[-0.00763334663062979,51.5015055092776],[-0.00865742714048288,51.5013488963946],[-0.00774251086436032,51.5008036590917],[-0.00727732854927773,51.4983074265778],[-0.00695595254179034,51.4983424308395],[-0.00560596663949319,51.4958365500353],[-0.00621228535749718,51.4956103513056],[-0.00542398197608864,51.4946437021879],[-0.00475993339176973,51.4945429246073],[-0.00329912591540556,51.4922707490437],[-0.00305835383201672,51.4908758592707],[-0.00309163799590724,51.4907757051886],[-0.00368700295737438,51.4889841681405],[-0.00443521156790546,51.4882779247997],[-0.00512593818197643,51.4886066767007],[-0.00462071387538801,51.4881367462264],[-0.00666930272684184,51.487083632851],[-0.011499955393768,51.4861402862654],[-0.0163772213541737,51.4861418701781],[-0.0209800590719884,51.4873290383456],[-0.0238233363380981,51.4889462827187],[-0.0256993083395575,51.4906952773902],[-0.0273317297290978,51.4935121869224],[-0.0272354033521087,51.4938077805255],[-0.0266156557099079,51.4939351571026],[-0.0262324584924791,51.494013914085],[-0.0276289987313739,51.4942510119247],[-0.0278731731712808,51.4946849824471],[-0.0274125302329004,51.5018126429678],[-0.0271857275401079,51.5023337035174],[-0.0267478337706362,51.5033396908072],[-0.0284569843197244,51.5056666442791],[-0.0286292496668767,51.504991419177],[-0.0289348264330807,51.5053931438104],[-0.0285788469674798,51.5052842792283],[-0.0285206738069807,51.5056636101143],[-0.0284520096483116,51.5057186609132],[-0.0301024359120838,51.5074231970579],[-0.0304146652410577,51.5072417623132],[-0.0304816827257795,51.50727790089],[-0.0315249534077479,51.5078404530849],[-0.0298562114227503,51.5089082067119],[-0.0315983793685159,51.5082062556304],[-0.0325995369626795,51.5082422125212],[-0.0331638789618662,51.5086833353963],[-0.0355854845142226,51.5090722180294],[-0.0359165918797421,51.5093817204485],[-0.0373338348756442,51.5093606632788],[-0.036923055777971,51.5099785170645],[-0.0378008387660431,51.5094995927068],[-0.0418828679135341,51.5097845108196],[-0.0421051650428003,51.5098000224391],[-0.0460581624606718,51.5093559857465],[-0.0491298161449178,51.5080096563857],[-0.0496874057492804,51.5080796317504],[-0.049399673417847,51.507849129265],[-0.0504208177582184,51.5075927321634],[-0.0561632101959565,51.5038765243096],[-0.0594728183520723,51.5028732928283],[-0.0596301313710898,51.5028256039222],[-0.0608433554019432,51.5028092563586],[-0.0610334749116211,51.5028991039016],[-0.0616252131681764,51.5031787462567],[-0.0625782171372023,51.5030978270807],[-0.0651774750084682,51.5037273454243],[-0.0653468922452096,51.5034902158369],[-0.0652201063307644,51.5037380308625],[-0.0680806879647121,51.5044797996615],[-0.0680677173284664,51.5048782325399],[-0.0686650569559773,51.5045363723648],[-0.0705742848704724,51.5053560322984],[-0.0711860720533718,51.5051664650601],[-0.0712718534347806,51.5057793812075],[-0.0737674198171664,51.5061954235698],[-0.0747585902712177,51.5067139545519],[-0.0793877065649899,51.5078026943081],[-0.079465009142246,51.5078255959325],[-0.0787048497474394,51.5088349379199],[-0.0790716949456976,51.5090640962812],[-0.078814775941371,51.5094607328421],[-0.0778556775247856,51.5100854325172],[-0.0762122515601643,51.5105603869296],[-0.0755174020911968,51.5097363917387],[-0.0745446293087759,51.5099541991881],[-0.0728126744795471,51.5102370525595],[-0.0730520769526355,51.511808326193],[-0.0740032846027966,51.514478466161],[-0.0768720421523466,51.5166250772225],[-0.078173494433389,51.5184712049869],[-0.0780990540114851,51.5189786225766],[-0.0794129529519501,51.5188853309855],[-0.0785291057043016,51.5215119188801],[-0.0782521040744254,51.5219025828099],[-0.0764583205438268,51.5220464721232],[-0.076119965722006,51.5223689791196],[-0.0757417110885002,51.5236813593366],[-0.0759273904518611,51.5243390730985],[-0.076459965151695,51.5243182950022],[-0.0766410444439245,51.5263467530268],[-0.0762971095866288,51.5271422093172],[-0.0772734871357757,51.5273053544582],[-0.0757153095558964,51.5283581951982],[-0.0745753884604118,51.5298521067808],[-0.0728284472465958,51.5306570096585],[-0.0662534489513387,51.5312200729425],[-0.065162284380672,51.5331551668408],[-0.0650086094858108,51.5329044581541],[-0.0621901686195596,51.5332591776617],[-0.0628602310278854,51.5349187225139],[-0.0624344459546157,51.5355324984557],[-0.0600733464191528,51.5341960237949],[-0.0587579357467385,51.5341047644065],[-0.0573019079744903,51.5344144413034],[-0.0546741067102239,51.5351554701213],[-0.0528564510841317,51.5349387167854],[-0.0523769045393786,51.5359310327482],[-0.05091293600747,51.536461705782],[-0.0497007576085603,51.5363466101453],[-0.0471597768522713,51.5354487761701],[-0.0449632628777945,51.5357814771707],[-0.0414935933938469,51.537442562388],[-0.0407379137152159,51.5381186571442],[-0.0374213185800631,51.5412814857388],[-0.0371437136784512,51.5414166117959],[-0.0377336189286635,51.5417985087309],[-0.0331911146315964,51.5446857172867],[-0.0295535275710296,51.5430909976839]]]},"properties":{"LAD23CD":"E09000030","LAD23NM":"Tower Hamlets"}},{"type":"Feature","geometry":{"type":"Polygon","coordinates":[[[-0.00819137062374212,51.6436085480926],[-0.00665694868219352,51.643333404811],[-0.00455937686855317,51.6435379302142],[-0.00398408563311855,51.6427170535162],[-0.000494698122584322,51.6437107530252],[0.00106727848739178,51.6417623967693],[0.00989870250801183,51.641449720473],[0.0174206843425862,51.640257894419],[0.0200796270017894,51.6404469325828],[0.0227195416969588,51.6411154938026],[0.0230828384457177,51.6377181171069],[0.0251592141335186,51.6372893897381],[0.0247124052813166,51.636051614816],[0.0252244065649691,51.635249602139],[0.0257386646061706,51.6345654070558],[0.0243296846966587,51.6323892169696],[0.0238902867271295,51.6307970257965],[0.021819035344359,51.6288327870281],[0.0209959827463822,51.6289177767653],[0.0205800171712431,51.6273351933391],[0.0199387341419756,51.6270058993274],[0.0200877350284357,51.6264287758794],[0.0191202305141922,51.6250451916845],[0.0187815927977718,51.6240918006362],[0.0190661240361209,51.6236685738375],[0.0184922201562063,51.6235053484045],[0.018845105450582,51.6232564791154],[0.0184682253431733,51.6227860965974],[0.0177108657798303,51.6223426165341],[0.0170577998643863,51.6223557520533],[0.0170530946904182,51.6219869959843],[0.0162293061239006,51.6217746035459],[0.0159062993547018,51.6209493749872],[0.0142707185172037,51.6202765990429],[0.0147278646748309,51.6197611896594],[0.0145380924454833,51.6188930903526],[0.00869444540428972,51.6190699023705],[0.0162744360427842,51.6168571932795],[0.021250445433346,51.6123074593056],[0.0214246059466039,51.6110918364718],[0.019280772375472,51.6082456419211],[0.0195790134681853,51.6076109426208],[0.0191450686104209,51.6077902065121],[0.0164189827493158,51.6039305636581],[0.0129664781945863,51.5991231117939],[0.0125469358387258,51.5953635067967],[0.0125456902701729,51.5953571444018],[0.0120959005062663,51.5926905016606],[0.0129671463596429,51.5869620336874],[0.0134135251495813,51.5837836223675],[0.0149354845145147,51.5833577462429],[0.0155406198264996,51.5833466113344],[0.0153324486294402,51.5824747579916],[0.0157036848124435,51.5818371080741],[0.0153511129539794,51.581642907491],[0.0175055958131868,51.5773877173053],[0.0174126927443315,51.5744862735364],[0.0164867288262751,51.5728872347371],[0.018054755978928,51.5720374664102],[0.0189211206830962,51.5723220958056],[0.0191310762333434,51.5698548958631],[0.0182816546563944,51.5701386071359],[0.0176834360980589,51.5700142326072],[0.0189981745610268,51.5669762358642],[0.0188589439099717,51.5663260303893],[0.0175776751203158,51.5656635634542],[0.0144647745054095,51.5656157955399],[0.014308954583771,51.563507879121],[0.014819972211581,51.5594262606295],[0.0171406995354919,51.5588406587821],[0.0204742041657707,51.5561281259928],[0.0215231566947089,51.5548945206492],[0.0169935805128912,51.5531510476396],[0.0167555698743952,51.5533789472748],[0.0162807966979312,51.5531927113049],[0.0146412934547694,51.5549643736317],[0.0116324112780196,51.5539145149663],[0.0111389188962285,51.55438582047],[0.00963792344479538,51.553413216699],[0.0108254594209027,51.5522446498362],[0.00956876687641141,51.551246984155],[0.00577316007156642,51.550659701656],[0.00574804977316861,51.5518622033241],[0.00524738600418386,51.5519850915154],[0.00387608074798662,51.5517991781686],[0.00332036016694168,51.5520951430706],[-0.000155843808584557,51.5517314713981],[-0.00358055578905326,51.5509119814906],[-0.00376048265764111,51.5511660550238],[-0.00416104016302288,51.5510339057649],[-0.00868625229743246,51.5499228911724],[-0.00944305996571895,51.5521969129602],[-0.0108423820256557,51.5526236909237],[-0.0137889317750428,51.5519200982725],[-0.016918682041395,51.5514029186754],[-0.0171743352515583,51.5515772846382],[-0.0171740512189124,51.5516758953576],[-0.0174811722760853,51.5533409051991],[-0.0184641541397368,51.5551846253007],[-0.0230062818046805,51.5572723922984],[-0.0239407737144592,51.5573697785111],[-0.0243386915739582,51.5586389806455],[-0.0257782249314975,51.5598757357119],[-0.0283905349440393,51.5610202509554],[-0.0300395889044704,51.5613589116176],[-0.033285271928068,51.5606199934083],[-0.0362865933146907,51.5614752946025],[-0.0388197211113053,51.5611586942282],[-0.0401758622424248,51.5617829861863],[-0.0423626660088638,51.5613681759064],[-0.0451297085977058,51.5617899462196],[-0.0472480949832943,51.562706112965],[-0.0466562946415431,51.5643767502014],[-0.0511460134699294,51.5677298012507],[-0.053287507628187,51.5686590131245],[-0.0543552806678895,51.570285160689],[-0.0563161668169224,51.5707112743492],[-0.0584321090167435,51.5725649137114],[-0.0611585720665009,51.5777860371156],[-0.062184586349229,51.5791920649462],[-0.0619435035509746,51.5800296106398],[-0.061000701093672,51.5808502208784],[-0.0578323463955487,51.582514606721],[-0.0557363367241384,51.584255158123],[-0.0548398372104154,51.5857806006979],[-0.0532005923039354,51.5869327259975],[-0.0521573976884849,51.5876616512239],[-0.0535326863084434,51.5900059310483],[-0.0522889320835113,51.5935410377867],[-0.0504028618917922,51.5966640710556],[-0.0460324064712639,51.6001218410128],[-0.0435186348223699,51.6027101548176],[-0.041390716789704,51.6056467853338],[-0.0352240727946998,51.6082682084669],[-0.0339466520484612,51.6095038607908],[-0.0340560973716441,51.6102154104496],[-0.0354937606356267,51.6119639315093],[-0.0353224501907725,51.6129842506862],[-0.0320990606863433,51.6168647498989],[-0.0259377705220752,51.6217428227565],[-0.0240246173705617,51.6246439654582],[-0.0233926028915014,51.6252784389761],[-0.0168090819163363,51.633528898308],[-0.0147800744979147,51.6367387871935],[-0.0133086728040582,51.639694939183],[-0.0122596870547121,51.6462286971895],[-0.00921407821782174,51.6465278478357],[-0.00734376410706468,51.646161618851],[-0.00844579852928483,51.6444977729012],[-0.00819137062374212,51.6436085480926]]]},"properties":{"LAD23CD":"E09000031","LAD23NM":"Waltham Forest"}},{"type":"Feature","geometry":{"type":"Polygon","coordinates":[[[-0.127056218266137,51.48358057474],[-0.127481700381845,51.4820097145642],[-0.129937287491489,51.4811735255389],[-0.130683537744401,51.4801793294235],[-0.13387647860239,51.4756943944095],[-0.13520708998533,51.4742915903734],[-0.134445897632089,51.473962440353],[-0.134664497992621,51.4733401922692],[-0.135794146780679,51.4727114590865],[-0.136904799699104,51.4730887406409],[-0.138326464852263,51.4719627329941],[-0.139489285297356,51.4717929827338],[-0.139306241780889,51.4715303532488],[-0.139785263891007,51.4713325204693],[-0.140418758150858,51.4715300077637],[-0.142704269112585,51.4700762415783],[-0.143116955255333,51.470512617493],[-0.150537817483623,51.4676280765695],[-0.150658802947856,51.4662912054283],[-0.150551491834348,51.4659487471921],[-0.151211614592545,51.4658611561446],[-0.150933201647102,51.4637973750136],[-0.149694859272761,51.461291728082],[-0.149376245139551,51.4593627592453],[-0.14814010330762,51.4564021890658],[-0.147352389580989,51.4529639907912],[-0.147704337009784,51.4523400608943],[-0.142285534925371,51.4509823249439],[-0.143116121447447,51.4497094803137],[-0.144813183140119,51.448437449793],[-0.145576035836982,51.4460179368486],[-0.145464847497787,51.445068419652],[-0.143610577448564,51.4418389626398],[-0.137979440726898,51.4416940250784],[-0.135931718469766,51.4420074398765],[-0.136979798665832,51.4402460389405],[-0.137475775318929,51.4401579078235],[-0.137232919854898,51.4397249698564],[-0.137659341390584,51.4385859366581],[-0.139938047971136,51.4369470971847],[-0.139765384553264,51.4357437912861],[-0.137884499247972,51.4337844107564],[-0.136464099062131,51.433880415907],[-0.135255998790616,51.430322592509],[-0.138368338384437,51.4304849051283],[-0.138866326253484,51.4243374813559],[-0.137791699678717,51.4211083810873],[-0.140358848161646,51.419263704504],[-0.144454358993661,51.4177517059903],[-0.149420808854251,51.419888230867],[-0.15033540351685,51.4200765875566],[-0.151388394114291,51.4198742463109],[-0.159860356825961,51.4226030609868],[-0.159915122954229,51.4219654447338],[-0.160326438950233,51.4219067011182],[-0.161648654322682,51.4198568553471],[-0.165015219225782,51.4201073660037],[-0.164833602059389,51.4203582913964],[-0.167952443598719,51.4208201673648],[-0.173570188532307,51.4231768459195],[-0.178769641648691,51.4243191501881],[-0.181939169287309,51.4247312723482],[-0.184045539170172,51.4263523944742],[-0.184554694118206,51.4278193147382],[-0.184230920198413,51.4312675955424],[-0.185726011599937,51.4331664034665],[-0.187267527249529,51.4329863355279],[-0.187397630881723,51.4321030804217],[-0.188399330993625,51.4320891412684],[-0.189774535259361,51.4313512646899],[-0.191170675654779,51.4334547670597],[-0.190249214904841,51.4348016653916],[-0.189364889867244,51.4375960174627],[-0.189218065514694,51.4385441237155],[-0.190639590037065,51.43891937487],[-0.189804367256497,51.4401769381804],[-0.18985428904194,51.4402710907475],[-0.190026527777626,51.4414645849425],[-0.204528109815395,51.4389532530394],[-0.209104648508521,51.4383044811067],[-0.212530125599758,51.4378293969637],[-0.215697720793874,51.437742748102],[-0.216594258474707,51.4383706727128],[-0.21782201680995,51.4386927250063],[-0.220629461672805,51.4384606311846],[-0.224313610817667,51.4388680699858],[-0.224476439324272,51.4386069166604],[-0.225663923299855,51.4387274016954],[-0.231241775790899,51.4381627135225],[-0.241417272763755,51.4350240724436],[-0.251085089413751,51.4325577924372],[-0.251280847100016,51.4342272027789],[-0.253088501444922,51.4352842037375],[-0.254066366518792,51.4372878651698],[-0.242721716909592,51.4419112817804],[-0.24159865877434,51.4431179860039],[-0.247289858979786,51.4491959104937],[-0.259111198831886,51.4549534898709],[-0.258466733609521,51.4570434135441],[-0.256800012380191,51.4598223094466],[-0.257958102690143,51.4603786624045],[-0.255947145177923,51.4630733680735],[-0.252950677329956,51.4652240443743],[-0.248747588002848,51.4650546592802],[-0.244245925605333,51.4652613283452],[-0.239534478428114,51.4648554249481],[-0.233290023158623,51.4639717465339],[-0.233568164755019,51.4653489383318],[-0.233626914383744,51.4660892400949],[-0.232873971995118,51.4666343598013],[-0.233483177036173,51.4679985521424],[-0.232958389018286,51.4716814353709],[-0.232733298874365,51.4725107596367],[-0.231193690359327,51.4728239819442],[-0.226953611355139,51.4714014950684],[-0.223617472767174,51.4707420522134],[-0.223442448413863,51.4714789748281],[-0.223430114466522,51.4714854588288],[-0.223365452403816,51.4715175124545],[-0.222885578359532,51.4717202729858],[-0.222487042459771,51.4715083016867],[-0.218042385723571,51.4681922476546],[-0.212757971639032,51.465545354957],[-0.207268028639518,51.463900430395],[-0.203674938295673,51.4631952902003],[-0.199104019435762,51.4627094727728],[-0.195500450356724,51.4628886272706],[-0.195107466832498,51.4625972541448],[-0.195062897780062,51.462564208889],[-0.195047917893631,51.462348050758],[-0.195050508311375,51.4616187154918],[-0.19505405090622,51.4606214610974],[-0.195054603623854,51.4606177403066],[-0.195143631222148,51.4600180469562],[-0.193301062837148,51.4597976887911],[-0.194754871876378,51.4601842763883],[-0.194783982712452,51.4606259088599],[-0.194858893020611,51.4617623066927],[-0.194359361544695,51.4613789017335],[-0.193884978675195,51.4614892242174],[-0.194916419745511,51.4626140860325],[-0.194793421429803,51.4629110224354],[-0.190362803152816,51.4634052541827],[-0.187166173727513,51.4642167202375],[-0.187122241885869,51.4642278712683],[-0.183598728488574,51.4654611229012],[-0.180957087181626,51.4675812122717],[-0.179141376002964,51.4700062211508],[-0.178472261863543,51.4701801782887],[-0.178574341524063,51.4706543264024],[-0.177900908470095,51.470625429493],[-0.178511377064627,51.4707711517913],[-0.176854463062393,51.4748820103555],[-0.175662657212577,51.4761836818574],[-0.175988081001179,51.4764408968953],[-0.175262499190293,51.4777537714183],[-0.173954521103011,51.4790800558824],[-0.171696778868982,51.4802313337646],[-0.171633232175267,51.4802637362176],[-0.166295479382685,51.4813192526922],[-0.166242588848957,51.4813297096068],[-0.14893167431511,51.4836080694533],[-0.147392798557178,51.4835804136624],[-0.146251083713656,51.4835598830951],[-0.14003878462456,51.4827353652703],[-0.137415607705942,51.4827288034798],[-0.136912574040293,51.4824375446035],[-0.136724531175863,51.4827933636896],[-0.132057012326054,51.4837361798033],[-0.128506848127153,51.4850426327073],[-0.128153514265536,51.4847318206423],[-0.12630848820243,51.4844710074428],[-0.127056218266137,51.48358057474]]]},"properties":{"LAD23CD":"E09000032","LAD23NM":"Wandsworth"}},{"type":"Feature","geometry":{"type":"Polygon","coordinates":[[[-0.174128478544183,51.5382616895126],[-0.173476990559195,51.5376463912362],[-0.171934140702352,51.5384038521391],[-0.170876388503664,51.5377782489761],[-0.169447390913976,51.5385935584316],[-0.164898867211156,51.5357846404492],[-0.160396596135671,51.5372985110561],[-0.159351924771759,51.5363396432923],[-0.152701824938766,51.537509541292],[-0.147123640879697,51.5250347430907],[-0.145764043772245,51.5252668141369],[-0.145205616696418,51.5239889711711],[-0.14408751434632,51.5239975303766],[-0.143986909810925,51.5246782225714],[-0.143384543178008,51.5245483939533],[-0.143544818600121,51.5239659663249],[-0.142844961598762,51.5238676806252],[-0.136961309094795,51.5188866198978],[-0.136278097237986,51.5191571743051],[-0.135797668689083,51.518685355919],[-0.13520781378243,51.5189297162416],[-0.134006210429943,51.517547252126],[-0.133531598252919,51.5176972867462],[-0.132406111775616,51.5171171644165],[-0.132516418534426,51.5166730895021],[-0.130782502682123,51.5170819814907],[-0.130326509997426,51.516419591541],[-0.129610815866559,51.5139988096545],[-0.128949099459364,51.5134147762524],[-0.127646380675082,51.5126789302018],[-0.127169746226546,51.5127051033736],[-0.122853761042668,51.515140199764],[-0.12206608989202,51.5146152078736],[-0.121796317287431,51.5148688995444],[-0.119451253170614,51.5145022562048],[-0.114694811598885,51.5160264756043],[-0.113825664039223,51.5148236736772],[-0.111567824442113,51.5153350300017],[-0.111057012329661,51.5138292236145],[-0.111935793019154,51.5136881041189],[-0.111704400673957,51.5131901318496],[-0.112508903162863,51.5127275172068],[-0.111555901893517,51.5117999989423],[-0.111502690035089,51.5108337090581],[-0.111564258446105,51.5108329205659],[-0.116892774210445,51.510104061448],[-0.11954268577267,51.5090624959253],[-0.121128605059339,51.5077497908453],[-0.122392686253247,51.50606141275],[-0.123055272262188,51.5042280565349],[-0.12311070372754,51.5039087552675],[-0.124707103980221,51.4947109516293],[-0.124730488968965,51.4946065880321],[-0.125395133896375,51.4916402175481],[-0.128375395394043,51.488225442402],[-0.128393747809419,51.4882044118021],[-0.128406612451762,51.4881896703434],[-0.13249809444204,51.4857302311827],[-0.138099883632503,51.4848071928466],[-0.140037506220274,51.4848207445006],[-0.146453295156885,51.4856772592052],[-0.147353632595893,51.4856297283895],[-0.148996641409196,51.4855429713243],[-0.149069825202255,51.4862077868174],[-0.149694758889763,51.4861056893613],[-0.149215697877333,51.4855221483197],[-0.149982777183601,51.4854678764763],[-0.150023717166176,51.4854624441395],[-0.150160100799982,51.4860367435664],[-0.155834442321332,51.4896139842927],[-0.155169196968643,51.4900390387342],[-0.155800936370808,51.4914645595263],[-0.154742871175929,51.4919711726748],[-0.155962988061772,51.493200531493],[-0.154973307336501,51.4938262901559],[-0.155978849547772,51.4944629964099],[-0.155778957935669,51.4947199133955],[-0.155248805698977,51.4950540502903],[-0.156056937706088,51.4977756238421],[-0.157872281859908,51.4990035358324],[-0.158457848304668,51.5022261978148],[-0.160900957801054,51.5016769318066],[-0.162645857685283,51.5002297533528],[-0.165419106384145,51.4986854885686],[-0.165718041043788,51.499219071003],[-0.167578430986111,51.4982804224533],[-0.168149601678426,51.4990332271814],[-0.173418772260889,51.4982311828992],[-0.179523790495782,51.4977812008545],[-0.180311745243243,51.5014622351373],[-0.184204941023171,51.501788853334],[-0.187859378088,51.5101947176622],[-0.189079662133421,51.5101238455331],[-0.192123026589169,51.5098777395906],[-0.192915313999014,51.5118428646043],[-0.194004101884694,51.5117006879735],[-0.195052992094996,51.5150401076331],[-0.199171143961617,51.5145409782973],[-0.199907498009142,51.5168401954478],[-0.200765178561406,51.5179838623573],[-0.201449310818032,51.5178042339995],[-0.203742321009568,51.520624325592],[-0.202649698006663,51.5208947477052],[-0.200620363638551,51.5207117808264],[-0.201625846701851,51.522742149852],[-0.203953081013443,51.5235327289058],[-0.206017430034413,51.5258542117247],[-0.207297353929911,51.5262345166594],[-0.212960661863203,51.5268839436985],[-0.21549666909487,51.5267185879961],[-0.216020723983129,51.5279203611675],[-0.215855751894516,51.5297523904298],[-0.21510696879434,51.530170176938],[-0.215266647764194,51.5313605605102],[-0.211186423402787,51.5319254424504],[-0.207814035554874,51.5327920078569],[-0.203061890380871,51.5328950508312],[-0.203013026994402,51.5328955550504],[-0.20167541569191,51.5325599962437],[-0.201079967472329,51.5319058561466],[-0.198174940299363,51.5304179671362],[-0.197801829405802,51.5278996101356],[-0.197339740607098,51.5278926221336],[-0.196479321959949,51.5276386365623],[-0.192997934912252,51.5319835615669],[-0.192347014575535,51.5332608571993],[-0.193016132577393,51.5339498432686],[-0.191467608561554,51.53629235907],[-0.188722649361543,51.5345305092881],[-0.187821656046345,51.5349639444192],[-0.184160670423868,51.538228574294],[-0.180114010393227,51.5395649967119],[-0.178343045457858,51.5398080696569],[-0.175765524440825,51.5396167241406],[-0.173911770601983,51.5394732201992],[-0.174128478544183,51.5382616895126]]]},"properties":{"LAD23CD":"E09000033","LAD23NM":"Westminster"}}]}