{"type": "FeatureCollection", "features": [{"type": "Feature", "properties": {}, "geometry": {"type": "MultiPolygon", "coordinates": [[[[-0.5091, 51.46918], [-0.5085, 51.46942], [-0.5078, 51.47], [-0.50731, 51.47047], [-0.50698, 51.47085], [-0.50689, 51.47094], [-0.50646, 51.47156], [-0.50583, 51.47269], [-0.50523, 51.47412], [-0.50505, 51.47475], [-0.50463, 51.47679], [-0.50427, 51.47776], [-0.504, 51.47887], [-0.50333, 51.47895], [-0.50215, 51.48134], [-0.50037, 51.48363], [-0.49632, 51.48367], [-0.49358, 51.48345], [-0.49299, 51.48303], [-0.49529, 51.47903], [-0.49495, 51.47868], [-0.49598, 51.47646], [-0.49619, 51.4752], [-0.49519, 51.47322], [-0.49201, 51.47071], [-0.49158, 51.46872], [-0.49179, 51.4677], [-0.49448, 51.46721], [-0.49639, 51.46648], [-0.49596, 51.46566], [-0.495, 51.46477], [-0.49306, 51.46479], [-0.49291, 51.46514], [-0.49223, 51.46508], [-0.49262, 51.4636], [-0.49227, 51.46333], [-0.48765, 51.46193], [-0.48547, 51.46166], [-0.47975, 51.46166], [-0.47999, 51.46145], [-0.47723, 51.46138], [-0.48112, 51.46138], [-0.48628, 51.46138], [-0.48962, 51.4618], [-0.48964, 51.46181], [-0.49215, 51.46299], [-0.49386, 51.46276], [-0.49285, 51.463], [-0.49389, 51.46285], [-0.4943, 51.46344], [-0.49692, 51.46585], [-0.49694, 51.46585], [-0.49734, 51.46605], [-0.49803, 51.46644], [-0.49809, 51.46644], [-0.4981, 51.46644], [-0.50102, 51.46731], [-0.5012, 51.46734], [-0.50135, 51.46738], [-0.50405, 51.46775], [-0.50246, 51.46752], [-0.50425, 51.46777], [-0.50638, 51.46775], [-0.50729, 51.46695], [-0.50727, 51.46698], [-0.5076, 51.46703], [-0.50831, 51.46706], [-0.50731, 51.46695], [-0.50868, 51.46709], [-0.50939, 51.46733], [-0.50894, 51.46715], [-0.51024, 51.4675], [-0.50981, 51.46921], [-0.5091, 51.46918]], [[-0.48107, 51.46141], [-0.48111, 51.4614], [-0.48112, 51.46138], [-0.48107, 51.46141]], [[-0.5062, 51.46779], [-0.50627, 51.46779], [-0.50638, 51.46775], [-0.5062, 51.46779]], [[-0.48783, 51.46161], [-0.48742, 51.46153], [-0.48837, 51.46175], [-0.48783, 51.46161]], [[-0.48886, 51.46181], [-0.48875, 51.46182], [-0.4888, 51.46182], [-0.48886, 51.46181]], [[-0.49026, 51.46231], [-0.49032, 51.46233], [-0.49019, 51.46226], [-0.49026, 51.46231]], [[-0.50561, 51.46782], [-0.50559, 51.46781], [-0.50543, 51.46781], [-0.50561, 51.46782]], [[-0.50673, 51.4676], [-0.50681, 51.46749], [-0.50694, 51.46736], [-0.50699, 51.4673], [-0.50651, 51.46771], [-0.50673, 51.4676]], [[-0.5099, 51.46744], [-0.50959, 51.46738], [-0.50965, 51.4674], [-0.5099, 51.46744]]], [[[-0.49809, 51.46644], [-0.49802, 51.46641], [-0.49734, 51.46605], [-0.49809, 51.46644]]], [[[-0.50246, 51.46752], [-0.50157, 51.4674], [-0.5012, 51.46734], [-0.50246, 51.46752]]], [[[-0.3893, 51.4107], [-0.38921, 51.41035], [-0.38958, 51.41064], [-0.3893, 51.4107]]], [[[-0.38918, 51.41032], [-0.3892, 51.41034], [-0.38918, 51.41034], [-0.38918, 51.41032]]], [[[-0.38645, 51.4104], [-0.38664, 51.41041], [-0.38918, 51.41034], [-0.3893, 51.41079], [-0.38961, 51.41077], [-0.39029, 51.41434], [-0.38562, 51.4143], [-0.37883, 51.41347], [-0.37509, 51.41384], [-0.37236, 51.41365], [-0.37131, 51.41353], [-0.37138, 51.41311], [-0.36938, 51.41288], [-0.36882, 51.41252], [-0.37342, 51.41063], [-0.37646, 51.41009], [-0.38162, 51.41001], [-0.38377, 51.41011], [-0.38378, 51.41012], [-0.3859, 51.41034], [-0.38656, 51.4104], [-0.38645, 51.4104]]], [[[-0.38335, 51.40854], [-0.38342, 51.40881], [-0.38337, 51.4088], [-0.38335, 51.40854]]], [[[-0.38375, 51.41002], [-0.37906, 51.40989], [-0.37548, 51.41011], [-0.37335, 51.41055], [-0.36878, 51.41226], [-0.36835, 51.41284], [-0.36494, 51.41258], [-0.3647, 51.4124], [-0.36533, 51.41195], [-0.36503, 51.41152], [-0.37386, 51.40849], [-0.37952, 51.40785], [-0.38331, 51.40853], [-0.38334, 51.40884], [-0.38375, 51.41002]], [[-0.37289, 51.41001], [-0.37326, 51.41034], [-0.37292, 51.40999], [-0.37378, 51.40932], [-0.37326, 51.40896], [-0.3679, 51.41075], [-0.36926, 51.4108], [-0.37289, 51.41001]]], [[[-0.30797, 51.37666], [-0.30832, 51.37606], [-0.30797, 51.37658], [-0.3079, 51.37682], [-0.30781, 51.3783], [-0.30572, 51.37846], [-0.30565, 51.37863], [-0.30324, 51.37821], [-0.30355, 51.37741], [-0.30428, 51.37752], [-0.30455, 51.37689], [-0.30627, 51.37717], [-0.30783, 51.37436], [-0.30464, 51.37379], [-0.3055, 51.37195], [-0.30613, 51.37203], [-0.30647, 51.37106], [-0.30759, 51.37121], [-0.30768, 51.37102], [-0.30873, 51.37132], [-0.30912, 51.37006], [-0.31212, 51.37099], [-0.31333, 51.36991], [-0.31383, 51.37012], [-0.31611, 51.36726], [-0.31587, 51.36365], [-0.31647, 51.36368], [-0.31698, 51.36301], [-0.31464, 51.36285], [-0.31625, 51.35986], [-0.31546, 51.3597], [-0.31584, 51.35885], [-0.31508, 51.35865], [-0.31633, 51.355], [-0.31184, 51.3562], [-0.31304, 51.35136], [-0.31025, 51.35107], [-0.3098, 51.35293], [-0.30754, 51.35581], [-0.30618, 51.35618], [-0.30562, 51.35588], [-0.30109, 51.35603], [-0.30062, 51.35696], [-0.29806, 51.35612], [-0.29684, 51.35683], [-0.29573, 51.35803], [-0.29432, 51.35816], [-0.2936, 51.3587], [-0.2932, 51.35861], [-0.29297, 51.35899], [-0.29181, 51.359], [-0.29217, 51.35844], [-0.28961, 51.35815], [-0.29124, 51.35653], [-0.29133, 51.35509], [-0.29276, 51.35359], [-0.29288, 51.35235], [-0.29517, 51.35091], [-0.29433, 51.35153], [-0.2947, 51.35133], [-0.29923, 51.34837], [-0.30012, 51.34753], [-0.30138, 51.3453], [-0.30238, 51.34464], [-0.3041, 51.34313], [-0.30539, 51.33951], [-0.30513, 51.33636], [-0.30618, 51.33508], [-0.30619, 51.33508], [-0.30621, 51.33507], [-0.30761, 51.33461], [-0.31086, 51.33243], [-0.31369, 51.33141], [-0.3133, 51.33162], [-0.31383, 51.33137], [-0.31521, 51.3304], [-0.31648, 51.32935], [-0.31899, 51.32795], [-0.32022, 51.32764], [-0.32029, 51.32763], [-0.32391, 51.32673], [-0.32395, 51.32672], [-0.32714, 51.32669], [-0.32741, 51.32629], [-0.32823, 51.32647], [-0.33011, 51.32751], [-0.33064, 51.32898], [-0.32908, 51.33022], [-0.32908, 51.3303], [-0.32915, 51.33118], [-0.32968, 51.33269], [-0.32942, 51.33428], [-0.32958, 51.33397], [-0.32896, 51.34023], [-0.32788, 51.34374], [-0.32746, 51.34401], [-0.32815, 51.34404], [-0.32737, 51.34404], [-0.32816, 51.34405], [-0.33051, 51.34842], [-0.32792, 51.35218], [-0.32373, 51.35441], [-0.32289, 51.35546], [-0.32266, 51.35571], [-0.32243, 51.35597], [-0.32224, 51.3562], [-0.32183, 51.35669], [-0.31993, 51.35963], [-0.31826, 51.36345], [-0.31848, 51.36576], [-0.31792, 51.36966], [-0.31749, 51.37195], [-0.31675, 51.37305], [-0.31432, 51.37464], [-0.30867, 51.37545], [-0.30787, 51.37831], [-0.30797, 51.37666]], [[-0.32148, 51.32748], [-0.32194, 51.32739], [-0.32253, 51.32722], [-0.32029, 51.32763], [-0.32148, 51.32748]], [[-0.32262, 51.3272], [-0.32307, 51.32709], [-0.32391, 51.32673], [-0.32262, 51.3272]], [[-0.31292, 51.33183], [-0.31328, 51.33163], [-0.31251, 51.33195], [-0.31292, 51.33183]], [[-0.29319, 51.35217], [-0.29401, 51.35172], [-0.29345, 51.35202], [-0.29319, 51.35217]], [[-0.32911, 51.33574], [-0.32917, 51.33593], [-0.32952, 51.33446], [-0.32911, 51.33574]], [[-0.32918, 51.3361], [-0.32918, 51.33641], [-0.32919, 51.33631], [-0.32918, 51.3361]], [[-0.32917, 51.33671], [-0.32917, 51.33665], [-0.32909, 51.33704], [-0.32902, 51.33757], [-0.32917, 51.33671]], [[-0.32885, 51.33868], [-0.32887, 51.33834], [-0.32884, 51.33843], [-0.32885, 51.33868]]], [[[-0.31566, 51.32995], [-0.31502, 51.33052], [-0.31424, 51.33104], [-0.31393, 51.33126], [-0.31369, 51.33141], [-0.31566, 51.32995]]], [[[-0.29272, 51.3535], [-0.29275, 51.35325], [-0.29276, 51.35343], [-0.29272, 51.3535]]], [[[-0.21689, 51.34229], [-0.21714, 51.34224], [-0.21636, 51.34128], [-0.21411, 51.3368], [-0.21269, 51.33644], [-0.21317, 51.33581], [-0.21304, 51.33556], [-0.21305, 51.33555], [-0.21199, 51.3333], [-0.21423, 51.33025], [-0.2161, 51.3298], [-0.22084, 51.3298], [-0.22203, 51.33093], [-0.22302, 51.3317], [-0.22413, 51.33246], [-0.22101, 51.32992], [-0.22693, 51.33436], [-0.2269, 51.3344], [-0.22688, 51.33442], [-0.22979, 51.3365], [-0.22827, 51.33708], [-0.2269, 51.33784], [-0.2241, 51.34003], [-0.22326, 51.33984], [-0.22228, 51.34046], [-0.2227, 51.34083], [-0.22232, 51.34104], [-0.22229, 51.34106], [-0.21748, 51.34329], [-0.21689, 51.34229]], [[-0.22488, 51.33297], [-0.22541, 51.33327], [-0.22434, 51.33259], [-0.22488, 51.33297]]], [[[-0.20186, 51.34009], [-0.20204, 51.34014], [-0.20191, 51.34017], [-0.20186, 51.34009]]], [[[-0.19769, 51.34343], [-0.19733, 51.34358], [-0.19849, 51.34237], [-0.19769, 51.34343]]], [[[-0.19125, 51.34211], [-0.18871, 51.34121], [-0.19312, 51.34259], [-0.19125, 51.34211]]], [[[-0.18131, 51.33744], [-0.18451, 51.33925], [-0.18063, 51.34177], [-0.17559, 51.34302], [-0.17286, 51.34541], [-0.17389, 51.34842], [-0.17394, 51.34897], [-0.17322, 51.3492], [-0.17095, 51.34962], [-0.16745, 51.34957], [-0.16709, 51.3486], [-0.16565, 51.34822], [-0.16503, 51.34689], [-0.16399, 51.34678], [-0.16348, 51.3472], [-0.16352, 51.34679], [-0.1627, 51.34664], [-0.16153, 51.34677], [-0.16193, 51.34812], [-0.16174, 51.34779], [-0.1602, 51.34798], [-0.16013, 51.34739], [-0.15244, 51.34815], [-0.14842, 51.34879], [-0.14783, 51.3478], [-0.14869, 51.34717], [-0.14923, 51.34602], [-0.14695, 51.34604], [-0.14576, 51.34235], [-0.1442, 51.33987], [-0.14496, 51.33935], [-0.14947, 51.33843], [-0.1492, 51.33766], [-0.14726, 51.33806], [-0.1452, 51.33167], [-0.14261, 51.3297], [-0.13988, 51.33004], [-0.13972, 51.32845], [-0.14242, 51.32832], [-0.14164, 51.32744], [-0.14331, 51.3274], [-0.14367, 51.32687], [-0.14441, 51.32646], [-0.14447, 51.32592], [-0.14423, 51.32593], [-0.14558, 51.32349], [-0.14799, 51.32268], [-0.14873, 51.32268], [-0.15221, 51.32462], [-0.15299, 51.32642], [-0.15561, 51.32844], [-0.15761, 51.32798], [-0.15736, 51.32736], [-0.15995, 51.32677], [-0.16151, 51.32609], [-0.159, 51.32399], [-0.15902, 51.32398], [-0.1606, 51.32324], [-0.16418, 51.32604], [-0.16401, 51.32609], [-0.16357, 51.32621], [-0.16432, 51.32813], [-0.16398, 51.32819], [-0.16389, 51.3286], [-0.16228, 51.32888], [-0.16308, 51.33026], [-0.17001, 51.32948], [-0.16989, 51.33025], [-0.17285, 51.33001], [-0.17414, 51.33321], [-0.17416, 51.33321], [-0.17417, 51.33321], [-0.17418, 51.33321], [-0.17463, 51.33317], [-0.17476, 51.33354], [-0.17487, 51.33371], [-0.17501, 51.3338], [-0.17502, 51.33381], [-0.18355, 51.33861], [-0.18131, 51.33744]], [[-0.14914, 51.32878], [-0.14911, 51.32875], [-0.14441, 51.32646], [-0.14914, 51.32878]], [[-0.14406, 51.33073], [-0.14915, 51.3288], [-0.14512, 51.33023], [-0.14406, 51.33073]], [[-0.1657, 51.33386], [-0.16665, 51.33406], [-0.16628, 51.33447], [-0.16677, 51.33483], [-0.16744, 51.33459], [-0.16798, 51.33367], [-0.1663, 51.33321], [-0.1657, 51.33386]]], [[[-0.15902, 51.32398], [-0.15865, 51.32397], [-0.16044, 51.3233], [-0.15902, 51.32398]]], [[[-0.15842, 51.32076], [-0.16186, 51.31963], [-0.15654, 51.32148], [-0.15842, 51.32076]]], [[[-0.16118, 51.31753], [-0.16188, 51.31962], [-0.16137, 51.31833], [-0.16118, 51.31753]]], [[[-0.15958, 51.3171], [-0.16048, 51.31687], [-0.15992, 51.31705], [-0.15958, 51.3171]]], [[[-0.15797, 51.31461], [-0.15749, 51.31388], [-0.15426, 51.31312], [-0.1555, 51.31038], [-0.15827, 51.31099], [-0.15717, 51.31335], [-0.15717, 51.31339], [-0.15719, 51.31342], [-0.15917, 51.31578], [-0.15797, 51.31461]]], [[[-0.15493, 51.30578], [-0.15378, 51.30473], [-0.15193, 51.30422], [-0.14962, 51.30273], [-0.14834, 51.30238], [-0.14765, 51.30346], [-0.14584, 51.30247], [-0.14461, 51.30315], [-0.14388, 51.30286], [-0.14316, 51.30291], [-0.1432, 51.30536], [-0.14371, 51.3062], [-0.14091, 51.30655], [-0.14073, 51.30708], [-0.14108, 51.30706], [-0.13879, 51.31105], [-0.13598, 51.31374], [-0.13581, 51.31513], [-0.13564, 51.31227], [-0.13396, 51.30706], [-0.13405, 51.30488], [-0.13343, 51.30294], [-0.13285, 51.30299], [-0.13275, 51.30256], [-0.13109, 51.30268], [-0.1317, 51.3041], [-0.13144, 51.30411], [-0.1313, 51.30804], [-0.12895, 51.30744], [-0.12516, 51.30563], [-0.1249, 51.30438], [-0.12279, 51.3005], [-0.12714, 51.29933], [-0.12637, 51.29836], [-0.12545, 51.29856], [-0.12451, 51.29812], [-0.12417, 51.29844], [-0.12381, 51.29783], [-0.12268, 51.29788], [-0.12284, 51.29813], [-0.12249, 51.29822], [-0.12192, 51.29788], [-0.12138, 51.2979], [-0.12156, 51.29824], [-0.12132, 51.29831], [-0.12068, 51.29783], [-0.11984, 51.29794], [-0.12029, 51.2989], [-0.11894, 51.2993], [-0.11938, 51.29972], [-0.11845, 51.30012], [-0.11866, 51.30025], [-0.11921, 51.30008], [-0.11949, 51.30027], [-0.11768, 51.30073], [-0.11626, 51.29929], [-0.11418, 51.29783], [-0.11188, 51.29891], [-0.11065, 51.29809], [-0.10868, 51.29809], [-0.10892, 51.29892], [-0.10863, 51.29896], [-0.10871, 51.29961], [-0.11014, 51.29949], [-0.11023, 51.2998], [-0.11134, 51.29967], [-0.11327, 51.30049], [-0.11288, 51.30066], [-0.11302, 51.30116], [-0.11073, 51.30139], [-0.11024, 51.301], [-0.10561, 51.30124], [-0.1053, 51.30089], [-0.10554, 51.30044], [-0.10355, 51.30003], [-0.10217, 51.30047], [-0.10155, 51.29888], [-0.10045, 51.29904], [-0.10052, 51.2992], [-0.09963, 51.29945], [-0.10227, 51.30165], [-0.10396, 51.30265], [-0.10396, 51.30328], [-0.10443, 51.3031], [-0.10704, 51.30498], [-0.10746, 51.30491], [-0.10873, 51.30571], [-0.10882, 51.30628], [-0.10933, 51.30635], [-0.11069, 51.30721], [-0.11184, 51.30866], [-0.11457, 51.30817], [-0.11425, 51.30764], [-0.11466, 51.30753], [-0.11438, 51.30571], [-0.11549, 51.30394], [-0.11584, 51.30393], [-0.11533, 51.30759], [-0.11576, 51.30948], [-0.11494, 51.31063], [-0.11585, 51.31096], [-0.116, 51.31148], [-0.11683, 51.31132], [-0.11725, 51.31028], [-0.1185, 51.30921], [-0.11914, 51.30912], [-0.11877, 51.30841], [-0.11767, 51.30768], [-0.11771, 51.30699], [-0.1187, 51.30714], [-0.11891, 51.30756], [-0.12012, 51.30732], [-0.12114, 51.30753], [-0.12226, 51.30839], [-0.1225, 51.30901], [-0.12182, 51.30906], [-0.12172, 51.30937], [-0.12071, 51.30925], [-0.12062, 51.30964], [-0.12127, 51.31023], [-0.12328, 51.315], [-0.12707, 51.32117], [-0.12559, 51.32103], [-0.12436, 51.32169], [-0.12164, 51.32214], [-0.12081, 51.32257], [-0.12067, 51.32364], [-0.12025, 51.32377], [-0.11718, 51.31932], [-0.11684, 51.31845], [-0.11715, 51.31703], [-0.1168, 51.31617], [-0.11522, 51.31477], [-0.11454, 51.31508], [-0.11396, 51.31481], [-0.11198, 51.31595], [-0.11139, 51.31603], [-0.11231, 51.31924], [-0.11312, 51.32024], [-0.11513, 51.32167], [-0.11551, 51.32154], [-0.11567, 51.32351], [-0.11445, 51.32363], [-0.11405, 51.32417], [-0.11458, 51.32269], [-0.11419, 51.32263], [-0.11371, 51.32129], [-0.11332, 51.32135], [-0.11301, 51.32088], [-0.11228, 51.32102], [-0.11139, 51.31939], [-0.1104, 51.31608], [-0.11074, 51.31603], [-0.1085, 51.31334], [-0.10905, 51.31274], [-0.10853, 51.31201], [-0.10817, 51.31212], [-0.10703, 51.31097], [-0.10523, 51.31178], [-0.10461, 51.31129], [-0.10388, 51.3116], [-0.10162, 51.31017], [-0.10064, 51.30889], [-0.09936, 51.30912], [-0.09948, 51.30925], [-0.09836, 51.30978], [-0.09771, 51.31113], [-0.0987, 51.31134], [-0.09919, 51.31413], [-0.10045, 51.31557], [-0.09768, 51.31639], [-0.09834, 51.31718], [-0.09714, 51.31795], [-0.09606, 51.31923], [-0.0951, 51.31952], [-0.09516, 51.31999], [-0.09437, 51.31982], [-0.09427, 51.31999], [-0.09304, 51.31804], [-0.09285, 51.31791], [-0.0921, 51.31829], [-0.09278, 51.31896], [-0.09249, 51.31899], [-0.09069, 51.31768], [-0.08777, 51.31449], [-0.08803, 51.31436], [-0.08771, 51.31397], [-0.08799, 51.31386], [-0.08749, 51.31283], [-0.08789, 51.31124], [-0.08667, 51.31159], [-0.08391, 51.30989], [-0.08658, 51.30886], [-0.08676, 51.30879], [-0.08825, 51.30775], [-0.08853, 51.30751], [-0.08881, 51.30723], [-0.08882, 51.30722], [-0.08873, 51.30514], [-0.08971, 51.30397], [-0.09072, 51.30395], [-0.09117, 51.30339], [-0.09093, 51.30316], [-0.09122, 51.30147], [-0.09436, 51.30062], [-0.096, 51.30151], [-0.09738, 51.30111], [-0.09738, 51.30032], [-0.09585, 51.29959], [-0.09432, 51.29935], [-0.10114, 51.29629], [-0.103, 51.29586], [-0.11105, 51.29225], [-0.11482, 51.29243], [-0.11459, 51.29154], [-0.1146, 51.29153], [-0.11512, 51.29146], [-0.1155, 51.29116], [-0.11524, 51.29132], [-0.11551, 51.2911], [-0.11581, 51.29064], [-0.1167, 51.28978], [-0.11672, 51.28975], [-0.11692, 51.28952], [-0.1178, 51.28742], [-0.11779, 51.28718], [-0.1243, 51.28679], [-0.12605, 51.2884], [-0.12633, 51.28966], [-0.13029, 51.29289], [-0.13132, 51.29461], [-0.13104, 51.29548], [-0.13436, 51.29838], [-0.13617, 51.29828], [-0.13629, 51.29858], [-0.13649, 51.29948], [-0.13657, 51.29976], [-0.13631, 51.2986], [-0.13721, 51.30074], [-0.14086, 51.29958], [-0.14284, 51.30002], [-0.14358, 51.30124], [-0.14442, 51.30054], [-0.14485, 51.30071], [-0.14496, 51.30068], [-0.14563, 51.29983], [-0.14845, 51.3007], [-0.1495, 51.3007], [-0.14981, 51.3002], [-0.15336, 51.30168], [-0.15417, 51.30151], [-0.15531, 51.30129], [-0.15668, 51.30359], [-0.15773, 51.30443], [-0.15493, 51.30578]], [[-0.11465, 51.29246], [-0.11476, 51.29244], [-0.11149, 51.29228], [-0.11465, 51.29246]], [[-0.08968, 51.30425], [-0.0897, 51.30403], [-0.08965, 51.30421], [-0.08954, 51.30439], [-0.08968, 51.30425]]], [[[-0.09088, 51.30318], [-0.09104, 51.30328], [-0.09117, 51.30339], [-0.09088, 51.30318]]], [[[-0.08705, 51.30853], [-0.08839, 51.30761], [-0.08754, 51.30821], [-0.08705, 51.30853]]], [[[-0.06085, 51.31998], [-0.06066, 51.32006], [-0.06108, 51.31981], [-0.06085, 51.31998]]], [[[-0.05772, 51.32091], [-0.05834, 51.32145], [-0.06128, 51.32068], [-0.0654, 51.32608], [-0.06599, 51.32589], [-0.06768, 51.32791], [-0.0671, 51.32824], [-0.06812, 51.32959], [-0.06772, 51.32975], [-0.06866, 51.33118], [-0.06766, 51.33163], [-0.06818, 51.33213], [-0.06852, 51.33207], [-0.06909, 51.33236], [-0.06972, 51.33203], [-0.07101, 51.33295], [-0.07102, 51.33295], [-0.07105, 51.33298], [-0.07111, 51.33304], [-0.07114, 51.33306], [-0.07102, 51.33317], [-0.07289, 51.33478], [-0.0733, 51.33556], [-0.07268, 51.33645], [-0.07342, 51.33694], [-0.07343, 51.3374], [-0.07132, 51.33879], [-0.06842, 51.33934], [-0.06908, 51.33989], [-0.06477, 51.34193], [-0.06455, 51.34034], [-0.06365, 51.33936], [-0.06216, 51.34012], [-0.062, 51.33994], [-0.06157, 51.3401], [-0.06037, 51.34096], [-0.0571, 51.33878], [-0.05804, 51.33837], [-0.05734, 51.33742], [-0.05546, 51.33649], [-0.05627, 51.33566], [-0.05593, 51.33552], [-0.05708, 51.33455], [-0.0584, 51.33424], [-0.05885, 51.33101], [-0.0565, 51.33174], [-0.05185, 51.33157], [-0.05104, 51.33343], [-0.05071, 51.33354], [-0.05154, 51.3352], [-0.05335, 51.33671], [-0.05285, 51.33716], [-0.05339, 51.33747], [-0.05265, 51.33798], [-0.05218, 51.33786], [-0.05142, 51.33848], [-0.05161, 51.33882], [-0.04895, 51.341], [-0.04507, 51.34312], [-0.04461, 51.34282], [-0.04269, 51.34427], [-0.0423, 51.34401], [-0.04245, 51.34388], [-0.04042, 51.34339], [-0.04055, 51.34356], [-0.03989, 51.344], [-0.04018, 51.34427], [-0.04002, 51.34437], [-0.03978, 51.34411], [-0.03902, 51.34449], [-0.03992, 51.34491], [-0.0403, 51.34541], [-0.03909, 51.34527], [-0.03884, 51.34568], [-0.03857, 51.34515], [-0.03908, 51.34426], [-0.03736, 51.34395], [-0.03743, 51.34381], [-0.03828, 51.34391], [-0.03847, 51.34315], [-0.04014, 51.34348], [-0.04058, 51.34297], [-0.03781, 51.3423], [-0.03806, 51.34112], [-0.03943, 51.34095], [-0.03906, 51.33982], [-0.03794, 51.33871], [-0.03923, 51.33787], [-0.03964, 51.33748], [-0.03982, 51.33723], [-0.04078, 51.33583], [-0.04199, 51.33386], [-0.04498, 51.33373], [-0.04661, 51.33354], [-0.04849, 51.3328], [-0.05028, 51.33264], [-0.05007, 51.33205], [-0.05104, 51.33159], [-0.05108, 51.33085], [-0.05107, 51.33153], [-0.05112, 51.3308], [-0.05059, 51.33003], [-0.04882, 51.32871], [-0.04907, 51.32861], [-0.04915, 51.32856], [-0.04794, 51.32667], [-0.04794, 51.32525], [-0.04977, 51.32527], [-0.05127, 51.32344], [-0.05131, 51.32245], [-0.05254, 51.32242], [-0.05486, 51.32128], [-0.05621, 51.32168], [-0.05839, 51.32038], [-0.05772, 51.32091]]], [[[-0.04961, 51.32951], [-0.05066, 51.33021], [-0.05108, 51.33084], [-0.04961, 51.32951]]], [[[-0.03982, 51.33723], [-0.03978, 51.33726], [-0.04012, 51.33675], [-0.03982, 51.33723]]], [[[-0.03928, 51.33779], [-0.03835, 51.33841], [-0.0395, 51.33758], [-0.03928, 51.33779]]], [[[-0.03587, 51.34169], [-0.03478, 51.34393], [-0.03442, 51.34581], [-0.03342, 51.34698], [-0.03495, 51.34785], [-0.03167, 51.34911], [-0.03136, 51.34968], [-0.03311, 51.35315], [-0.03736, 51.35198], [-0.03669, 51.35376], [-0.04164, 51.35484], [-0.04217, 51.35482], [-0.04366, 51.35264], [-0.04743, 51.35315], [-0.04932, 51.3519], [-0.05446, 51.35293], [-0.05448, 51.35313], [-0.05524, 51.35294], [-0.0568, 51.3524], [-0.05654, 51.35218], [-0.05703, 51.3516], [-0.05616, 51.35], [-0.05497, 51.3489], [-0.05247, 51.34806], [-0.05216, 51.34763], [-0.05238, 51.34749], [-0.05302, 51.34782], [-0.05526, 51.34817], [-0.05595, 51.34807], [-0.05654, 51.34876], [-0.05825, 51.34765], [-0.05878, 51.34789], [-0.06172, 51.34599], [-0.06379, 51.3475], [-0.06521, 51.34921], [-0.06594, 51.35126], [-0.06132, 51.35053], [-0.05729, 51.35114], [-0.05793, 51.35217], [-0.06126, 51.35475], [-0.06148, 51.35629], [-0.0618, 51.35657], [-0.06163, 51.35685], [-0.05953, 51.35662], [-0.05951, 51.35634], [-0.05904, 51.35633], [-0.05866, 51.35715], [-0.05876, 51.35811], [-0.05653, 51.35882], [-0.05787, 51.35923], [-0.06124, 51.35974], [-0.06135, 51.35907], [-0.06065, 51.35899], [-0.06109, 51.35775], [-0.06214, 51.3575], [-0.06307, 51.35628], [-0.0637, 51.35608], [-0.06376, 51.35644], [-0.06406, 51.35643], [-0.06484, 51.35636], [-0.06529, 51.35604], [-0.06776, 51.3559], [-0.0705, 51.3564], [-0.07695, 51.35881], [-0.07732, 51.35802], [-0.07822, 51.35811], [-0.07809, 51.35845], [-0.0773, 51.35889], [-0.077, 51.3597], [-0.07569, 51.35968], [-0.07451, 51.36008], [-0.07383, 51.36186], [-0.07302, 51.36289], [-0.07752, 51.36362], [-0.078, 51.36342], [-0.07788, 51.36384], [-0.07873, 51.36399], [-0.0827, 51.36422], [-0.0804, 51.36686], [-0.08213, 51.36632], [-0.08182, 51.3668], [-0.07971, 51.3685], [-0.07887, 51.36854], [-0.07883, 51.36822], [-0.07592, 51.36847], [-0.07616, 51.37071], [-0.07527, 51.37086], [-0.07479, 51.36971], [-0.07422, 51.36952], [-0.07392, 51.36872], [-0.07027, 51.36959], [-0.07016, 51.36945], [-0.06707, 51.37042], [-0.06615, 51.37049], [-0.06589, 51.37029], [-0.06656, 51.37161], [-0.06411, 51.37185], [-0.06411, 51.37253], [-0.06343, 51.37258], [-0.06347, 51.37496], [-0.06169, 51.37551], [-0.06143, 51.37448], [-0.05671, 51.37369], [-0.05703, 51.37164], [-0.05656, 51.37146], [-0.05707, 51.37111], [-0.05629, 51.37054], [-0.05617, 51.36987], [-0.05423, 51.36705], [-0.05385, 51.36666], [-0.05296, 51.36694], [-0.05267, 51.36614], [-0.04887, 51.36669], [-0.04933, 51.36757], [-0.0477, 51.36849], [-0.04817, 51.36971], [-0.0462, 51.36921], [-0.04643, 51.3679], [-0.04584, 51.36749], [-0.04487, 51.36756], [-0.04466, 51.36879], [-0.04293, 51.3681], [-0.04253, 51.36837], [-0.04375, 51.36903], [-0.03937, 51.36925], [-0.03971, 51.36757], [-0.03885, 51.36719], [-0.03321, 51.36672], [-0.03193, 51.36686], [-0.0315, 51.36923], [-0.03085, 51.36926], [-0.03155, 51.36601], [-0.02571, 51.3648], [-0.02502, 51.36522], [-0.02524, 51.36532], [-0.02498, 51.36952], [-0.02452, 51.36963], [-0.02433, 51.37064], [-0.02473, 51.37065], [-0.02468, 51.37121], [-0.02376, 51.37125], [-0.02397, 51.37045], [-0.0235, 51.36964], [-0.02311, 51.36702], [-0.02403, 51.36699], [-0.02401, 51.36677], [-0.02446, 51.36677], [-0.02444, 51.36638], [-0.02354, 51.36523], [-0.02225, 51.36583], [-0.02193, 51.36544], [-0.02132, 51.36505], [-0.02072, 51.36424], [-0.01942, 51.3633], [-0.01878, 51.36249], [-0.01944, 51.36336], [-0.02074, 51.3643], [-0.02134, 51.3651], [-0.02227, 51.36588], [-0.01688, 51.368], [-0.01613, 51.36913], [-0.01543, 51.36877], [-0.0145, 51.36896], [-0.01446, 51.36926], [-0.01385, 51.36955], [-0.0126, 51.36897], [-0.01198, 51.36899], [-0.0086, 51.36973], [-0.00832, 51.36932], [-0.00728, 51.36966], [-0.00529, 51.36773], [-0.00275, 51.36927], [1e-05, 51.36702], [0.00029, 51.36601], [-0.00238, 51.36456], [-0.00189, 51.36302], [-0.00111, 51.36208], [0.00371, 51.36051], [0.00534, 51.36297], [0.00711, 51.36273], [0.00936, 51.36301], [0.01116, 51.36193], [0.01208, 51.36283], [0.01083, 51.36376], [0.01013, 51.36538], [0.01224, 51.36451], [0.01267, 51.36509], [0.01298, 51.36511], [0.01525, 51.36444], [0.01649, 51.36531], [0.01757, 51.36653], [0.01638, 51.36674], [0.01327, 51.36823], [0.01005, 51.36842], [0.00804, 51.36809], [0.00807, 51.36786], [0.00857, 51.36775], [0.00809, 51.36758], [0.00676, 51.36793], [0.00694, 51.36809], [0.00564, 51.36829], [0.00409, 51.3703], [0.00457, 51.37059], [0.00406, 51.37178], [0.00638, 51.37258], [0.00684, 51.37184], [0.00909, 51.37287], [0.01015, 51.37309], [0.0101, 51.37361], [0.01133, 51.37417], [0.0144, 51.37419], [0.01448, 51.3734], [0.01364, 51.37267], [0.01532, 51.37165], [0.01627, 51.37051], [0.01605, 51.3699], [0.01703, 51.36945], [0.01841, 51.36987], [0.01663, 51.37193], [0.01953, 51.37186], [0.02186, 51.37231], [0.02153, 51.37258], [0.02234, 51.37317], [0.02143, 51.37422], [0.02047, 51.37382], [0.01993, 51.37462], [0.02149, 51.37709], [0.02158, 51.37859], [0.02121, 51.37902], [0.02483, 51.37896], [0.02493, 51.37991], [0.02234, 51.37995], [0.0224, 51.38022], [0.02197, 51.38025], [0.02142, 51.3802], [0.02111, 51.37988], [0.01991, 51.37988], [0.01909, 51.38021], [0.01815, 51.3802], [0.01723, 51.38278], [0.01745, 51.38465], [0.01829, 51.38466], [0.01865, 51.38586], [0.01821, 51.39115], [0.01903, 51.39205], [0.01849, 51.39241], [0.02124, 51.39383], [0.02219, 51.39396], [0.02224, 51.39354], [0.02352, 51.39357], [0.02368, 51.39285], [0.02486, 51.3928], [0.02679, 51.39378], [0.02996, 51.39218], [0.03384, 51.38981], [0.03436, 51.39005], [0.03973, 51.38304], [0.04075, 51.38337], [0.04145, 51.38244], [0.04325, 51.38295], [0.04546, 51.38423], [0.04748, 51.38499], [0.0479, 51.38624], [0.04767, 51.38687], [0.04808, 51.38719], [0.04996, 51.38749], [0.05034, 51.3872], [0.05058, 51.38746], [0.05331, 51.38774], [0.05414, 51.38866], [0.05407, 51.38945], [0.05612, 51.38974], [0.05889, 51.38901], [0.05851, 51.38779], [0.05922, 51.38743], [0.05901, 51.3871], [0.05609, 51.38751], [0.05517, 51.38585], [0.05541, 51.38396], [0.05517, 51.38291], [0.05447, 51.38203], [0.0552, 51.38205], [0.05646, 51.38118], [0.05671, 51.38133], [0.05824, 51.38095], [0.05904, 51.38202], [0.06127, 51.38254], [0.06218, 51.38357], [0.06543, 51.383], [0.06886, 51.38186], [0.06989, 51.38285], [0.07007, 51.38341], [0.07062, 51.38331], [0.07144, 51.38363], [0.0742, 51.38287], [0.07454, 51.38286], [0.07468, 51.38312], [0.07528, 51.38299], [0.07521, 51.38279], [0.07583, 51.38297], [0.07579, 51.38224], [0.07539, 51.38206], [0.07415, 51.37934], [0.07145, 51.37636], [0.07268, 51.37585], [0.07161, 51.37507], [0.0714, 51.37434], [0.06957, 51.37426], [0.06928, 51.37341], [0.06885, 51.3735], [0.06874, 51.37398], [0.06985, 51.37473], [0.07029, 51.37546], [0.06672, 51.37666], [0.06719, 51.3771], [0.06492, 51.37779], [0.06461, 51.37727], [0.06426, 51.37738], [0.06355, 51.37565], [0.06404, 51.37502], [0.06177, 51.37448], [0.06134, 51.37368], [0.05941, 51.37578], [0.05894, 51.37578], [0.05684, 51.37388], [0.05724, 51.37328], [0.05529, 51.37135], [0.05241, 51.37259], [0.04954, 51.37063], [0.04887, 51.36966], [0.04614, 51.37175], [0.04561, 51.37334], [0.04777, 51.37377], [0.04936, 51.37339], [0.05006, 51.37366], [0.04947, 51.3744], [0.04947, 51.37507], [0.04892, 51.37504], [0.05149, 51.37564], [0.05218, 51.37454], [0.05376, 51.37548], [0.05377, 51.37595], [0.05251, 51.37651], [0.053, 51.37683], [0.05119, 51.37826], [0.05045, 51.37808], [0.05008, 51.37839], [0.0477, 51.37756], [0.04559, 51.38077], [0.04479, 51.3807], [0.04512, 51.38009], [0.0438, 51.37962], [0.04313, 51.38066], [0.04273, 51.38054], [0.04339, 51.37947], [0.04258, 51.37907], [0.04369, 51.37676], [0.04154, 51.37632], [0.04147, 51.37609], [0.04036, 51.37637], [0.03945, 51.37479], [0.03934, 51.37397], [0.03851, 51.3741], [0.03827, 51.37367], [0.0393, 51.37358], [0.03882, 51.36743], [0.03409, 51.36749], [0.03399, 51.36684], [0.03487, 51.36707], [0.03508, 51.36588], [0.03561, 51.36557], [0.03569, 51.36376], [0.03631, 51.36308], [0.0359, 51.36272], [0.03726, 51.35951], [0.03764, 51.35942], [0.03798, 51.35988], [0.03855, 51.35979], [0.03921, 51.36075], [0.03927, 51.36155], [0.04051, 51.3614], [0.04266, 51.36154], [0.04648, 51.36235], [0.04711, 51.36303], [0.04787, 51.36313], [0.04935, 51.36227], [0.05027, 51.36213], [0.0583, 51.36273], [0.06089, 51.36139], [0.06413, 51.36063], [0.06558, 51.35943], [0.06613, 51.35919], [0.06682, 51.35922], [0.067, 51.35886], [0.06804, 51.35908], [0.06788, 51.35937], [0.06962, 51.35938], [0.06977, 51.35899], [0.0707, 51.35855], [0.07059, 51.35836], [0.07122, 51.35879], [0.07192, 51.35868], [0.07211, 51.35842], [0.07275, 51.35906], [0.07406, 51.35893], [0.07418, 51.35938], [0.07447, 51.35846], [0.07514, 51.35834], [0.07565, 51.35927], [0.08343, 51.3582], [0.08454, 51.35776], [0.08309, 51.35706], [0.08352, 51.35588], [0.08432, 51.35491], [0.08375, 51.35406], [0.08525, 51.35381], [0.0862, 51.35462], [0.08656, 51.35453], [0.08621, 51.3559], [0.08661, 51.35609], [0.08676, 51.35582], [0.0878, 51.35147], [0.08852, 51.35028], [0.08772, 51.34968], [0.08828, 51.34919], [0.08737, 51.34881], [0.08791, 51.34823], [0.0896, 51.34894], [0.0894, 51.35084], [0.09037, 51.35078], [0.09043, 51.35118], [0.0931, 51.35111], [0.09356, 51.35132], [0.09362, 51.35064], [0.09429, 51.35068], [0.09431, 51.34984], [0.09644, 51.34909], [0.10031, 51.34925], [0.10035, 51.35039], [0.10147, 51.35055], [0.10119, 51.35333], [0.10384, 51.35358], [0.1044, 51.35515], [0.10709, 51.35501], [0.10477, 51.35356], [0.10478, 51.35306], [0.10326, 51.35144], [0.10316, 51.35028], [0.10443, 51.35016], [0.10428, 51.34925], [0.10508, 51.34922], [0.10492, 51.34969], [0.10543, 51.34968], [0.10597, 51.34928], [0.11268, 51.34823], [0.11226, 51.3474], [0.11103, 51.34754], [0.11104, 51.34658], [0.1044, 51.34633], [0.10425, 51.34741], [0.10197, 51.34756], [0.10127, 51.34729], [0.10109, 51.34622], [0.10013, 51.34444], [0.10208, 51.34414], [0.10487, 51.34478], [0.10675, 51.34471], [0.1072, 51.34493], [0.10996, 51.34481], [0.11065, 51.34461], [0.11097, 51.34405], [0.11059, 51.34191], [0.11112, 51.34071], [0.11042, 51.34072], [0.11026, 51.33983], [0.11088, 51.33921], [0.11117, 51.33833], [0.11209, 51.33858], [0.11249, 51.33814], [0.11328, 51.3384], [0.11233, 51.33921], [0.11389, 51.3396], [0.11286, 51.34121], [0.11433, 51.34169], [0.11603, 51.34085], [0.11667, 51.34123], [0.11728, 51.33978], [0.11844, 51.33998], [0.119, 51.33868], [0.1183, 51.3384], [0.11954, 51.33547], [0.11919, 51.33649], [0.12, 51.33475], [0.12001, 51.33474], [0.12028, 51.33449], [0.12162, 51.33368], [0.12163, 51.3336], [0.12146, 51.3335], [0.12023, 51.33212], [0.11789, 51.33062], [0.11778, 51.33034], [0.1179, 51.32967], [0.1179, 51.32965], [0.11734, 51.3295], [0.11664, 51.33], [0.11574, 51.32952], [0.11574, 51.32951], [0.11492, 51.32857], [0.11418, 51.32749], [0.11032, 51.32811], [0.11102, 51.3279], [0.11015, 51.32804], [0.10983, 51.32714], [0.10976, 51.3267], [0.10724, 51.32752], [0.10507, 51.32745], [0.10484, 51.32739], [0.10324, 51.326], [0.1021, 51.32601], [0.10076, 51.32558], [0.10018, 51.32407], [0.09618, 51.32129], [0.09577, 51.32112], [0.09576, 51.32111], [0.09335, 51.32007], [0.09278, 51.31981], [0.09219, 51.31968], [0.09151, 51.31943], [0.0909, 51.3193], [0.09057, 51.3192], [0.09022, 51.31908], [0.09121, 51.31934], [0.08993, 51.31898], [0.08824, 51.3185], [0.08779, 51.31831], [0.08682, 51.31719], [0.08503, 51.31602], [0.0856, 51.31486], [0.08548, 51.31503], [0.0855, 51.31499], [0.08563, 51.3148], [0.08564, 51.31479], [0.08559, 51.31475], [0.08564, 51.31478], [0.08508, 51.31263], [0.08508, 51.31267], [0.08377, 51.3108], [0.08361, 51.31071], [0.08359, 51.31067], [0.08357, 51.31063], [0.08357, 51.31053], [0.08417, 51.30942], [0.08435, 51.30884], [0.08442, 51.3087], [0.08419, 51.30938], [0.08475, 51.30835], [0.08409, 51.30808], [0.08409, 51.30805], [0.08488, 51.30604], [0.08487, 51.30604], [0.0843, 51.30596], [0.08288, 51.30565], [0.08282, 51.30563], [0.08289, 51.30554], [0.08548, 51.3024], [0.08634, 51.30017], [0.09118, 51.29683], [0.08926, 51.29609], [0.08569, 51.29308], [0.08158, 51.29184], [0.08182, 51.29203], [0.08154, 51.29183], [0.07704, 51.29171], [0.07704, 51.29176], [0.07704, 51.29179], [0.07703, 51.29179], [0.07703, 51.29171], [0.07624, 51.29177], [0.07608, 51.29176], [0.07469, 51.2917], [0.07399, 51.29166], [0.07341, 51.29162], [0.07337, 51.29161], [0.07286, 51.29155], [0.07178, 51.29137], [0.07102, 51.29111], [0.07098, 51.2911], [0.06756, 51.29038], [0.06758, 51.29053], [0.06757, 51.29053], [0.06754, 51.29041], [0.06692, 51.29044], [0.06606, 51.29036], [0.06569, 51.29031], [0.06509, 51.2901], [0.06257, 51.28996], [0.05849, 51.28938], [0.05712, 51.29122], [0.05605, 51.2924], [0.0544, 51.29209], [0.05416, 51.29222], [0.05439, 51.29209], [0.05405, 51.29227], [0.05079, 51.29399], [0.0485, 51.29372], [0.04573, 51.294], [0.04477, 51.29309], [0.0424, 51.29267], [0.04331, 51.29658], [0.0443, 51.29858], [0.04309, 51.29905], [0.04262, 51.30133], [0.04149, 51.303], [0.04352, 51.30391], [0.04395, 51.30352], [0.04432, 51.30367], [0.04468, 51.30333], [0.04569, 51.30377], [0.04479, 51.30435], [0.04622, 51.30504], [0.04654, 51.30474], [0.04682, 51.30486], [0.04652, 51.30517], [0.04791, 51.3057], [0.04825, 51.30621], [0.04616, 51.30681], [0.04422, 51.30807], [0.04411, 51.30921], [0.04345, 51.31026], [0.04333, 51.31214], [0.04104, 51.31226], [0.04143, 51.31495], [0.04365, 51.31498], [0.04353, 51.31613], [0.04166, 51.31609], [0.0391, 51.31723], [0.03657, 51.31756], [0.03572, 51.31903], [0.03613, 51.31913], [0.0371, 51.31823], [0.04143, 51.32002], [0.04257, 51.32163], [0.04186, 51.32265], [0.04089, 51.32221], [0.04077, 51.3217], [0.03941, 51.32172], [0.03877, 51.32027], [0.02771, 51.32216], [0.02788, 51.32195], [0.02588, 51.321], [0.02544, 51.32125], [0.02409, 51.32055], [0.02387, 51.32077], [0.02339, 51.32074], [0.02561, 51.31622], [0.02486, 51.31597], [0.02441, 51.31649], [0.02365, 51.31636], [0.02487, 51.31494], [0.02397, 51.3146], [0.02214, 51.31323], [0.02249, 51.31211], [0.02445, 51.31173], [0.02295, 51.30997], [0.02051, 51.30812], [0.01959, 51.30561], [0.01962, 51.30449], [0.01895, 51.30373], [0.01691, 51.30238], [0.01845, 51.30133], [0.01913, 51.30172], [0.01954, 51.3017], [0.02266, 51.30375], [0.02404, 51.3057], [0.02551, 51.30522], [0.02689, 51.30381], [0.02484, 51.30215], [0.0236, 51.2997], [0.02095, 51.29678], [0.02087, 51.29557], [0.01911, 51.2917], [0.01634, 51.29185], [0.01553, 51.29185], [0.01507, 51.29181], [0.01241, 51.29913], [0.01211, 51.29971], [0.00975, 51.30646], [0.0105, 51.30484], [0.01034, 51.3057], [0.00974, 51.30651], [0.00914, 51.30884], [0.00842, 51.31044], [0.00895, 51.31162], [0.00912, 51.31191], [0.00924, 51.31285], [0.00934, 51.31317], [0.00994, 51.31463], [0.01035, 51.31613], [0.01035, 51.31615], [0.01034, 51.31614], [0.00912, 51.31607], [0.00681, 51.31569], [0.00651, 51.31612], [0.00658, 51.31566], [0.00555, 51.31843], [0.00571, 51.31807], [0.00549, 51.31872], [0.00487, 51.32208], [0.00226, 51.32913], [-0.0005, 51.32878], [-0.00168, 51.33031], [-0.00721, 51.33339], [-0.00713, 51.33374], [-0.00835, 51.33388], [-0.00868, 51.33392], [-0.01031, 51.33389], [-0.01105, 51.33361], [-0.01074, 51.33308], [-0.0119, 51.33295], [-0.01364, 51.33153], [-0.01432, 51.32977], [-0.01604, 51.33205], [-0.01724, 51.33299], [-0.01786, 51.33302], [-0.0191, 51.33491], [-0.01902, 51.33514], [-0.01938, 51.33578], [-0.02059, 51.3372], [-0.02215, 51.33813], [-0.02613, 51.33855], [-0.03078, 51.33747], [-0.03282, 51.33742], [-0.03606, 51.33849], [-0.03587, 51.34169]], [[0.09016, 51.31906], [0.09, 51.31901], [0.08993, 51.31898], [0.09016, 51.31906]], [[0.08509, 51.31339], [0.08506, 51.31329], [0.08519, 51.31356], [0.08559, 51.31475], [0.08509, 51.31339]], [[0.08503, 51.3132], [0.08502, 51.31308], [0.08506, 51.31329], [0.08503, 51.3132]], [[0.083, 51.30568], [0.08282, 51.30565], [0.08288, 51.30565], [0.083, 51.30568]], [[0.08286, 51.30556], [0.08288, 51.30553], [0.08289, 51.30554], [0.08286, 51.30556]], [[-0.02236, 51.3382], [-0.02285, 51.33828], [-0.02215, 51.33813], [-0.02236, 51.3382]], [[0.08529, 51.31535], [0.08506, 51.31576], [0.0851, 51.31564], [0.08529, 51.31535]], [[0.08502, 51.313], [0.08503, 51.31297], [0.08504, 51.31298], [0.08502, 51.313]], [[0.08503, 51.31286], [0.08504, 51.31282], [0.08503, 51.31291], [0.08503, 51.31286]], [[0.08614, 51.30037], [0.08615, 51.30038], [0.08613, 51.30038], [0.08614, 51.30037]], [[0.07823, 51.29177], [0.07721, 51.29179], [0.07777, 51.29177], [0.07823, 51.29177]], [[-0.0251, 51.33861], [-0.02496, 51.33856], [-0.02507, 51.33861], [-0.0251, 51.33861]], [[-0.01879, 51.33456], [-0.01877, 51.33453], [-0.01862, 51.33439], [-0.01879, 51.33456]], [[-0.018, 51.33338], [-0.01793, 51.33318], [-0.01805, 51.33364], [-0.0181, 51.33377], [-0.01816, 51.33386], [-0.018, 51.33338]], [[0.00318, 51.32699], [0.00289, 51.32767], [0.00294, 51.32752], [0.00318, 51.32699]], [[0.00492, 51.32193], [0.00497, 51.32159], [0.00496, 51.32174], [0.00492, 51.32193]], [[0.00606, 51.31737], [0.00615, 51.31711], [0.00649, 51.31621], [0.00606, 51.31737]], [[0.01049, 51.3048], [0.01046, 51.30475], [0.01046, 51.30471], [0.01049, 51.3048]], [[0.01086, 51.30402], [0.01074, 51.30419], [0.01086, 51.3039], [0.01086, 51.30402]], [[0.01094, 51.30319], [0.01084, 51.30379], [0.0109, 51.3032], [0.0111, 51.30297], [0.01094, 51.30319]], [[0.04299, 51.30028], [0.04284, 51.30083], [0.04299, 51.30017], [0.04309, 51.29966], [0.04299, 51.30028]], [[0.04282, 51.29436], [0.04277, 51.29411], [0.04276, 51.29396], [0.04282, 51.29436]], [[-0.00288, 51.34515], [-0.00458, 51.34485], [-0.00519, 51.34679], [-0.00684, 51.34668], [-0.00712, 51.34645], [-0.00766, 51.34687], [-0.00962, 51.34591], [-0.01015, 51.34537], [-0.01069, 51.34237], [-0.00953, 51.34087], [-0.00868, 51.34054], [-0.0078, 51.3406], [-0.00613, 51.33945], [-0.00947, 51.34009], [-0.00984, 51.33956], [-0.01118, 51.33983], [-0.011, 51.34095], [-0.01172, 51.34337], [-0.01166, 51.34505], [-0.01073, 51.34688], [-0.01073, 51.34749], [-0.01022, 51.34797], [-0.01055, 51.34808], [-0.01009, 51.3496], [-0.01018, 51.35062], [-0.00907, 51.35131], [-0.00843, 51.35224], [-0.00867, 51.35306], [-0.00937, 51.35376], [-0.00928, 51.35513], [-0.00996, 51.35557], [-0.0117, 51.3558], [-0.01502, 51.35691], [-0.01797, 51.35988], [-0.02149, 51.35795], [-0.02237, 51.35857], [-0.02511, 51.35702], [-0.02426, 51.35635], [-0.02836, 51.35405], [-0.02484, 51.35177], [-0.02191, 51.34692], [-0.02195, 51.34632], [-0.02109, 51.34583], [-0.02248, 51.34536], [-0.02213, 51.34496], [-0.02219, 51.34444], [-0.02102, 51.34304], [-0.02223, 51.3425], [-0.02246, 51.34263], [-0.02146, 51.34186], [-0.02167, 51.34143], [-0.02023, 51.34142], [-0.02081, 51.34086], [-0.01921, 51.33966], [-0.01855, 51.33948], [-0.01877, 51.33935], [-0.01799, 51.3389], [-0.01815, 51.33868], [-0.01752, 51.3385], [-0.01743, 51.33804], [-0.01672, 51.33783], [-0.01679, 51.33754], [-0.01587, 51.33708], [-0.01558, 51.33657], [-0.01493, 51.33667], [-0.0145, 51.33638], [-0.01494, 51.33605], [-0.01477, 51.33584], [-0.0143, 51.33577], [-0.01334, 51.33494], [-0.01274, 51.33492], [-0.01178, 51.33537], [-0.01155, 51.33521], [-0.01248, 51.33472], [-0.01165, 51.33389], [-0.00936, 51.33399], [-0.00821, 51.33394], [-0.00621, 51.33364], [-0.00211, 51.33355], [-0.00184, 51.33266], [-0.00133, 51.33235], [0.0013, 51.33264], [0.00102, 51.33348], [0.00209, 51.33262], [0.00284, 51.33225], [0.0033, 51.3321], [0.00086, 51.3336], [0.0009, 51.33368], [0.00086, 51.33383], [0.00083, 51.33391], [0.00071, 51.33427], [0.0007, 51.33429], [0.00039, 51.33496], [-0.00027, 51.33738], [-0.00064, 51.33804], [-0.00288, 51.34515]], [[-0.00023, 51.33742], [-0.00023, 51.33744], [-0.00067, 51.33833], [-0.00023, 51.33742]], [[0.0006, 51.33457], [0.00038, 51.33533], [0.00028, 51.33563], [0.0006, 51.33457]], [[0.00062, 51.33451], [0.00064, 51.3345], [0.00062, 51.33456], [0.00062, 51.33451]], [[-0.01875, 51.36236], [-0.01817, 51.36144], [-0.01813, 51.36145], [-0.01875, 51.36236]], [[-0.00853, 51.35574], [-0.00955, 51.35629], [-0.01177, 51.35725], [-0.01208, 51.35728], [-0.01229, 51.35707], [-0.01315, 51.35723], [-0.01403, 51.35789], [-0.01556, 51.35881], [-0.0173, 51.36055], [-0.01785, 51.36098], [-0.01843, 51.3613], [-0.01554, 51.35876], [-0.01313, 51.35718], [-0.01227, 51.35701], [-0.01175, 51.35719], [-0.00953, 51.35624], [-0.00854, 51.3557], [-0.00766, 51.35472], [-0.00608, 51.35351], [-0.00853, 51.35574]], [[-0.00585, 51.35327], [-0.00602, 51.35342], [-0.00607, 51.35347], [-0.00533, 51.35256], [-0.00585, 51.35327]], [[-0.00531, 51.3525], [-0.00511, 51.35218], [-0.00522, 51.35242], [-0.00527, 51.35249], [-0.0053, 51.35253], [-0.00533, 51.35256], [-0.00531, 51.3525]], [[-0.00477, 51.35103], [-0.00509, 51.35209], [-0.0051, 51.35209], [-0.00477, 51.35103]], [[-0.00462, 51.34959], [-0.00436, 51.34916], [-0.00437, 51.34921], [-0.00462, 51.34959]], [[-0.00418, 51.34865], [-0.00402, 51.3484], [-0.00419, 51.34869], [-0.00428, 51.34889], [-0.00418, 51.34865]], [[-0.00388, 51.34785], [-0.00389, 51.34786], [-0.00388, 51.34783], [-0.00388, 51.34785]], [[-0.00387, 51.34776], [-0.00367, 51.34735], [-0.00375, 51.34758], [-0.00387, 51.34776]], [[-0.00314, 51.34595], [-0.00308, 51.34584], [-0.00291, 51.34556], [-0.00288, 51.34556], [-0.00326, 51.34621], [-0.00314, 51.34595]], [[0.0029, 51.33116], [0.00299, 51.33127], [0.00298, 51.33128], [0.0029, 51.33116]], [[0.00291, 51.33094], [0.0029, 51.33095], [0.0029, 51.33092], [0.00291, 51.33094]], [[0.00294, 51.33056], [0.00292, 51.33065], [0.00293, 51.33058], [0.00294, 51.33056]], [[0.00285, 51.33028], [0.0029, 51.33034], [0.00295, 51.33042], [0.00296, 51.33046], [0.00295, 51.3305], [0.00219, 51.32981], [0.00217, 51.32978], [0.00217, 51.32976], [0.00216, 51.32971], [0.00216, 51.32967], [0.00285, 51.33028]], [[0.07399, 51.32972], [0.07338, 51.3298], [0.0733, 51.32961], [0.07399, 51.32972]], [[0.02681, 51.36171], [0.02652, 51.36239], [0.0264, 51.36133], [0.02482, 51.36085], [0.02292, 51.35957], [0.02353, 51.35926], [0.02452, 51.35981], [0.02518, 51.35929], [0.02588, 51.35954], [0.02536, 51.35999], [0.02627, 51.3605], [0.02911, 51.35869], [0.02961, 51.35887], [0.03005, 51.35806], [0.03192, 51.35833], [0.03312, 51.35902], [0.03365, 51.36148], [0.0316, 51.36177], [0.03139, 51.36256], [0.0326, 51.36449], [0.03123, 51.36518], [0.03137, 51.3655], [0.03065, 51.36612], [0.02931, 51.36504], [0.02681, 51.36171]], [[0.03082, 51.34463], [0.03059, 51.3443], [0.03132, 51.34399], [0.03272, 51.34409], [0.03082, 51.34463]], [[0.02644, 51.32954], [0.02367, 51.3288], [0.02297, 51.32759], [0.02317, 51.32593], [0.02508, 51.32459], [0.0317, 51.3333], [0.02921, 51.33431], [0.02854, 51.33288], [0.02769, 51.33307], [0.02748, 51.33154], [0.02644, 51.32954]], [[0.01784, 51.32904], [0.01776, 51.32958], [0.0172, 51.32954], [0.0174, 51.32828], [0.01784, 51.32904]], [[0.00846, 51.33799], [0.00698, 51.33811], [0.00643, 51.33712], [0.00748, 51.33694], [0.00846, 51.33799]], [[0.00586, 51.33607], [0.00721, 51.33579], [0.00731, 51.33614], [0.006, 51.33637], [0.00586, 51.33607]], [[0.00708, 51.3346], [0.00709, 51.3354], [0.00385, 51.33597], [0.00341, 51.33468], [0.00344, 51.33229], [0.00505, 51.33186], [0.00479, 51.33225], [0.00708, 51.3346]], [[0.00239, 51.33968], [0.0012, 51.33969], [0.00135, 51.33836], [0.00204, 51.33838], [0.00208, 51.33872], [0.00251, 51.33873], [0.00239, 51.33968]]], [[[0.00872, 51.31134], [0.00924, 51.31285], [0.00895, 51.31162], [0.00872, 51.31134]]], [[[0.11849, 51.34439], [0.11682, 51.34455], [0.11407, 51.34461], [0.11406, 51.34478], [0.11311, 51.34481], [0.11275, 51.34502], [0.11225, 51.34586], [0.11232, 51.3467], [0.11609, 51.34857], [0.11756, 51.34991], [0.11607, 51.35035], [0.11648, 51.3506], [0.10799, 51.35707], [0.10804, 51.35723], [0.10859, 51.35723], [0.10903, 51.35778], [0.10989, 51.35775], [0.11182, 51.35909], [0.11319, 51.36026], [0.11438, 51.36206], [0.11555, 51.36141], [0.11604, 51.36175], [0.11618, 51.3621], [0.11393, 51.36345], [0.11337, 51.36523], [0.11109, 51.3652], [0.11171, 51.3661], [0.11123, 51.36791], [0.11273, 51.36817], [0.1144, 51.36894], [0.11467, 51.36963], [0.11766, 51.36903], [0.11748, 51.3668], [0.11964, 51.36687], [0.12278, 51.36618], [0.12263, 51.36587], [0.12406, 51.36572], [0.12467, 51.36521], [0.12549, 51.3653], [0.12472, 51.36661], [0.12384, 51.36945], [0.12402, 51.37061], [0.12315, 51.37066], [0.12328, 51.37154], [0.12425, 51.3729], [0.12417, 51.37471], [0.12285, 51.37708], [0.12148, 51.37875], [0.12531, 51.3783], [0.1265, 51.38103], [0.12409, 51.38161], [0.12236, 51.38251], [0.11886, 51.38297], [0.11795, 51.38335], [0.11902, 51.38471], [0.11596, 51.38629], [0.11595, 51.38698], [0.11499, 51.38715], [0.11486, 51.38742], [0.11628, 51.38778], [0.11675, 51.38945], [0.11955, 51.38879], [0.11842, 51.38699], [0.12019, 51.38657], [0.12086, 51.38759], [0.12213, 51.3871], [0.1229, 51.38725], [0.12333, 51.38768], [0.12222, 51.38858], [0.12206, 51.3904], [0.12129, 51.39135], [0.1249, 51.39119], [0.12524, 51.39145], [0.12502, 51.39169], [0.12818, 51.39325], [0.12873, 51.39481], [0.1293, 51.39527], [0.12794, 51.39578], [0.12699, 51.39557], [0.12687, 51.39497], [0.12794, 51.3946], [0.12824, 51.39397], [0.12693, 51.39435], [0.12544, 51.39442], [0.12523, 51.39811], [0.1245, 51.39866], [0.12498, 51.40022], [0.1227, 51.40085], [0.12065, 51.40082], [0.11876, 51.40157], [0.11988, 51.40262], [0.11866, 51.40321], [0.11987, 51.40424], [0.11896, 51.40453], [0.11905, 51.4048], [0.11857, 51.40496], [0.11734, 51.40513], [0.11682, 51.40486], [0.11507, 51.40551], [0.11512, 51.40624], [0.11639, 51.40596], [0.11781, 51.40619], [0.11794, 51.40696], [0.11568, 51.4074], [0.115, 51.40645], [0.11339, 51.40749], [0.11302, 51.40835], [0.11353, 51.4087], [0.11362, 51.40936], [0.1132, 51.40947], [0.11326, 51.41015], [0.11281, 51.41016], [0.1127, 51.41131], [0.11367, 51.41136], [0.11388, 51.41178], [0.11278, 51.41199], [0.11286, 51.41238], [0.11307, 51.41292], [0.11359, 51.4131], [0.118, 51.41322], [0.12081, 51.41356], [0.11986, 51.41187], [0.12538, 51.41073], [0.12535, 51.41238], [0.12633, 51.41473], [0.12669, 51.41462], [0.12728, 51.41492], [0.12827, 51.41496], [0.13285, 51.41424], [0.13435, 51.41381], [0.13691, 51.41259], [0.13776, 51.4123], [0.1342, 51.41388], [0.13277, 51.41432], [0.12959, 51.4149], [0.12781, 51.41501], [0.1272, 51.41492], [0.12717, 51.41539], [0.12952, 51.41677], [0.13304, 51.42005], [0.13416, 51.4221], [0.13484, 51.42523], [0.13318, 51.42569], [0.13281, 51.42528], [0.13206, 51.42546], [0.13159, 51.42533], [0.13168, 51.42508], [0.13081, 51.42428], [0.13126, 51.42348], [0.13035, 51.42353], [0.13032, 51.42387], [0.12962, 51.4237], [0.12898, 51.4226], [0.1292, 51.42209], [0.12865, 51.42098], [0.12661, 51.4211], [0.12601, 51.42059], [0.1256, 51.41864], [0.12505, 51.41875], [0.12496, 51.41852], [0.12413, 51.4188], [0.12488, 51.41981], [0.1222, 51.42073], [0.12081, 51.41922], [0.11925, 51.41991], [0.11882, 51.41972], [0.11838, 51.42004], [0.11795, 51.41979], [0.11736, 51.42006], [0.11695, 51.41985], [0.11539, 51.42056], [0.11556, 51.4207], [0.11231, 51.42203], [0.11363, 51.42314], [0.11247, 51.42373], [0.11259, 51.42411], [0.11327, 51.42376], [0.1142, 51.42477], [0.11389, 51.42516], [0.11937, 51.42999], [0.12451, 51.42771], [0.12698, 51.42976], [0.12724, 51.43021], [0.12679, 51.43032], [0.12715, 51.43152], [0.13031, 51.4313], [0.13181, 51.43094], [0.13325, 51.43322], [0.13496, 51.43419], [0.13422, 51.43439], [0.13178, 51.436], [0.13318, 51.43639], [0.13333, 51.43606], [0.13478, 51.43644], [0.13475, 51.43678], [0.14974, 51.4406], [0.14995, 51.44032], [0.15104, 51.44043], [0.15129, 51.4403], [0.15097, 51.44007], [0.15226, 51.43954], [0.15158, 51.43851], [0.1513, 51.43866], [0.15065, 51.43809], [0.14951, 51.43767], [0.14971, 51.43744], [0.14912, 51.43711], [0.14926, 51.43698], [0.14871, 51.43672], [0.14827, 51.43712], [0.14741, 51.43649], [0.14833, 51.43599], [0.15011, 51.43686], [0.15201, 51.43831], [0.15395, 51.43771], [0.15432, 51.4381], [0.15405, 51.43828], [0.15431, 51.43896], [0.15369, 51.43905], [0.15392, 51.43966], [0.15328, 51.4398], [0.15336, 51.44], [0.15418, 51.44005], [0.15432, 51.44034], [0.15376, 51.44051], [0.15255, 51.44155], [0.15371, 51.44192], [0.15355, 51.44262], [0.15274, 51.4429], [0.15394, 51.44387], [0.1521, 51.44461], [0.15261, 51.44501], [0.15353, 51.44511], [0.15529, 51.44594], [0.15642, 51.44677], [0.15565, 51.44711], [0.15539, 51.44767], [0.15575, 51.44975], [0.15247, 51.45176], [0.15208, 51.45292], [0.1594, 51.45204], [0.16209, 51.45189], [0.16191, 51.45224], [0.16237, 51.45219], [0.16246, 51.45245], [0.16433, 51.45217], [0.16214, 51.45135], [0.16234, 51.44917], [0.16776, 51.45089], [0.17143, 51.45141], [0.1719, 51.45029], [0.17152, 51.45019], [0.17179, 51.44972], [0.17249, 51.44995], [0.17573, 51.44802], [0.17597, 51.44736], [0.17544, 51.44724], [0.17516, 51.44557], [0.17794, 51.44687], [0.17762, 51.44573], [0.17851, 51.44414], [0.18078, 51.44395], [0.18065, 51.44349], [0.18018, 51.44336], [0.17955, 51.44312], [0.17923, 51.44344], [0.17919, 51.44345], [0.179, 51.44338], [0.17899, 51.44338], [0.17872, 51.44352], [0.17871, 51.44351], [0.17784, 51.44302], [0.17831, 51.44334], [0.17831, 51.44335], [0.1772, 51.44268], [0.1778, 51.443], [0.17604, 51.44199], [0.17284, 51.44329], [0.17055, 51.44082], [0.16976, 51.43962], [0.16985, 51.43948], [0.17083, 51.44109], [0.16871, 51.43748], [0.16669, 51.43505], [0.16738, 51.43609], [0.16637, 51.43631], [0.1669, 51.43705], [0.16649, 51.43727], [0.16696, 51.438], [0.16652, 51.43864], [0.1678, 51.43948], [0.16794, 51.43994], [0.16624, 51.43988], [0.1654, 51.44052], [0.16431, 51.44084], [0.16389, 51.44131], [0.16351, 51.44118], [0.16265, 51.4418], [0.16128, 51.44093], [0.16092, 51.44037], [0.15944, 51.43953], [0.15933, 51.43886], [0.1572, 51.4381], [0.15574, 51.43693], [0.15813, 51.43611], [0.15852, 51.43553], [0.15992, 51.43619], [0.15943, 51.43667], [0.16028, 51.43693], [0.16192, 51.43706], [0.16389, 51.43665], [0.16341, 51.43619], [0.1646, 51.43561], [0.16486, 51.43513], [0.16463, 51.43427], [0.16307, 51.43266], [0.16221, 51.43318], [0.16087, 51.43252], [0.16291, 51.43114], [0.16604, 51.4303], [0.16559, 51.43035], [0.16422, 51.42855], [0.16383, 51.42861], [0.16392, 51.42893], [0.16129, 51.42955], [0.16223, 51.42932], [0.16095, 51.42962], [0.1607, 51.42967], [0.15984, 51.4292], [0.15909, 51.43022], [0.15863, 51.43013], [0.15801, 51.43045], [0.15853, 51.43015], [0.15588, 51.43088], [0.1553, 51.42897], [0.15376, 51.42752], [0.15313, 51.42232], [0.15285, 51.4217], [0.15147, 51.42067], [0.15116, 51.42043], [0.15464, 51.41847], [0.15409, 51.41776], [0.15106, 51.41762], [0.15115, 51.41506], [0.14916, 51.41244], [0.14975, 51.41166], [0.1525, 51.41136], [0.15358, 51.41128], [0.15377, 51.41127], [0.15293, 51.40871], [0.1516, 51.40868], [0.14931, 51.40914], [0.1489, 51.40848], [0.14737, 51.409], [0.14524, 51.40956], [0.14096, 51.41113], [0.13893, 51.41171], [0.13852, 51.41197], [0.13779, 51.41228], [0.13886, 51.41173], [0.13924, 51.41157], [0.14556, 51.40941], [0.14871, 51.40853], [0.14869, 51.40813], [0.1511, 51.40664], [0.15146, 51.40648], [0.15186, 51.40637], [0.15281, 51.40627], [0.15283, 51.40627], [0.15525, 51.40397], [0.15497, 51.40366], [0.15551, 51.40357], [0.15555, 51.40353], [0.15567, 51.40335], [0.15641, 51.40252], [0.15643, 51.4025], [0.15675, 51.40183], [0.15736, 51.40078], [0.15773, 51.39815], [0.15898, 51.39582], [0.15928, 51.39547], [0.15941, 51.3954], [0.15966, 51.39496], [0.16049, 51.39403], [0.16127, 51.39328], [0.16234, 51.39249], [0.16134, 51.39237], [0.15827, 51.39224], [0.14774, 51.3928], [0.14756, 51.39211], [0.1486, 51.39135], [0.14978, 51.39088], [0.14953, 51.39044], [0.14951, 51.39027], [0.14912, 51.38953], [0.14876, 51.3892], [0.14868, 51.38898], [0.14861, 51.38862], [0.14936, 51.38783], [0.1489, 51.38757], [0.1497, 51.38671], [0.14935, 51.38713], [0.14987, 51.38661], [0.14971, 51.3867], [0.15043, 51.38605], [0.14997, 51.38586], [0.14996, 51.38572], [0.14994, 51.38566], [0.14987, 51.38524], [0.14987, 51.38523], [0.14982, 51.38511], [0.14977, 51.3847], [0.14979, 51.38367], [0.15047, 51.38345], [0.15038, 51.38117], [0.15032, 51.38137], [0.15036, 51.38115], [0.14956, 51.38111], [0.14959, 51.38006], [0.15019, 51.37992], [0.15111, 51.37989], [0.15097, 51.37908], [0.15112, 51.37904], [0.1515, 51.37894], [0.15124, 51.379], [0.15166, 51.37887], [0.15235, 51.37869], [0.15233, 51.37865], [0.15215, 51.37837], [0.15219, 51.37834], [0.15253, 51.37823], [0.15256, 51.37821], [0.15324, 51.37804], [0.15264, 51.37658], [0.15258, 51.37631], [0.15254, 51.37526], [0.15174, 51.37544], [0.1496, 51.37358], [0.14993, 51.37341], [0.15009, 51.37332], [0.15057, 51.37306], [0.15079, 51.37294], [0.15083, 51.3729], [0.15083, 51.37292], [0.15121, 51.37219], [0.15009, 51.37017], [0.15205, 51.36969], [0.15154, 51.36838], [0.15104, 51.36832], [0.14944, 51.36916], [0.14888, 51.36812], [0.14896, 51.3685], [0.14886, 51.36811], [0.14736, 51.36711], [0.14722, 51.367], [0.14763, 51.36726], [0.14728, 51.36701], [0.14778, 51.36671], [0.14725, 51.36697], [0.14835, 51.36637], [0.14505, 51.36289], [0.14539, 51.3625], [0.14476, 51.36173], [0.14463, 51.36148], [0.14452, 51.36117], [0.14449, 51.3609], [0.14455, 51.3607], [0.14516, 51.36038], [0.14539, 51.36034], [0.14505, 51.35946], [0.14485, 51.35843], [0.1459, 51.35822], [0.14512, 51.35577], [0.14405, 51.35486], [0.14363, 51.35302], [0.14322, 51.35305], [0.14314, 51.35304], [0.1429, 51.3527], [0.14288, 51.35267], [0.14288, 51.35265], [0.14283, 51.35255], [0.1428, 51.35247], [0.14261, 51.35074], [0.14098, 51.35015], [0.14099, 51.35014], [0.14125, 51.34975], [0.13886, 51.34765], [0.14013, 51.349], [0.13961, 51.34862], [0.13861, 51.34741], [0.13871, 51.3474], [0.13947, 51.34729], [0.1394, 51.34699], [0.13937, 51.34699], [0.13832, 51.34708], [0.13894, 51.34705], [0.13882, 51.34707], [0.13832, 51.3471], [0.13827, 51.34709], [0.13753, 51.34642], [0.1372, 51.34587], [0.13699, 51.34596], [0.13685, 51.34599], [0.13682, 51.34599], [0.13673, 51.346], [0.13663, 51.346], [0.13651, 51.34593], [0.13615, 51.34601], [0.13618, 51.34561], [0.13711, 51.3448], [0.13696, 51.34418], [0.13178, 51.34551], [0.13167, 51.3452], [0.13114, 51.3453], [0.12723, 51.34569], [0.12521, 51.34587], [0.12467, 51.34575], [0.1237, 51.34542], [0.12224, 51.34466], [0.11861, 51.34421], [0.11849, 51.34439]], [[0.16507, 51.42974], [0.16495, 51.42959], [0.16559, 51.43035], [0.16507, 51.42974]], [[0.15273, 51.40623], [0.15274, 51.40617], [0.15281, 51.40627], [0.15273, 51.40623]], [[0.1508, 51.37252], [0.15105, 51.37224], [0.15083, 51.3729], [0.1508, 51.37252]], [[0.14311, 51.35304], [0.14305, 51.35294], [0.14314, 51.35304], [0.14311, 51.35304]], [[0.13565, 51.34463], [0.13449, 51.34494], [0.13696, 51.34418], [0.13565, 51.34463]], [[0.16928, 51.43887], [0.16915, 51.43869], [0.16871, 51.43772], [0.16928, 51.43887]], [[0.15339, 51.40561], [0.1532, 51.40563], [0.15347, 51.40557], [0.15339, 51.40561]], [[0.15828, 51.39225], [0.15878, 51.39227], [0.15742, 51.39231], [0.15828, 51.39225]], [[0.15302, 51.40169], [0.15295, 51.40145], [0.15365, 51.40139], [0.15375, 51.40161], [0.15302, 51.40169]], [[0.14975, 51.40165], [0.15049, 51.40172], [0.15047, 51.40198], [0.14967, 51.40194], [0.14975, 51.40165]], [[0.14341, 51.40961], [0.14344, 51.40985], [0.14299, 51.40998], [0.14305, 51.41023], [0.14213, 51.40998], [0.142, 51.40962], [0.14341, 51.40961]], [[0.16933, 51.43893], [0.16948, 51.43906], [0.16943, 51.43904], [0.16933, 51.43893]], [[0.16805, 51.43684], [0.16822, 51.43708], [0.16806, 51.43688], [0.1679, 51.43667], [0.16805, 51.43684]], [[0.15572, 51.43055], [0.15578, 51.43071], [0.15554, 51.43021], [0.15572, 51.43055]], [[0.15358, 51.4266], [0.15371, 51.42721], [0.15373, 51.42738], [0.15358, 51.4266]], [[0.15332, 51.42532], [0.15342, 51.42587], [0.15336, 51.42564], [0.15332, 51.42532]]], [[[0.14942, 51.38785], [0.14936, 51.38783], [0.14865, 51.38867], [0.14942, 51.38785]]], [[[0.17921, 51.44344], [0.17955, 51.44312], [0.17956, 51.4431], [0.179, 51.44338], [0.17921, 51.44344]]], [[[0.18015, 51.44334], [0.18022, 51.44331], [0.17977, 51.44315], [0.18015, 51.44334]]], [[[-0.49432, 51.46344], [-0.49387, 51.46276], [-0.49636, 51.46526], [-0.49432, 51.46344]]], [[[0.12001, 51.33474], [0.12084, 51.33419], [0.12031, 51.33451], [0.12001, 51.33474]]], [[[0.1215, 51.33351], [0.12163, 51.3336], [0.12168, 51.33364], [0.12055, 51.33246], [0.1215, 51.33351]]], [[[0.11782, 51.33032], [0.11789, 51.33057], [0.1179, 51.32989], [0.11782, 51.33032]]], [[[0.11574, 51.32951], [0.11612, 51.32971], [0.11421, 51.3274], [0.11574, 51.32951]]], [[[0.10484, 51.32738], [0.10487, 51.32739], [0.10482, 51.32734], [0.10484, 51.32738]]], [[[0.1053, 51.32744], [0.10541, 51.32744], [0.10517, 51.32743], [0.1053, 51.32744]]], [[[0.10988, 51.32716], [0.10992, 51.32725], [0.10983, 51.32693], [0.10988, 51.32716]]], [[[0.10215, 51.32598], [0.10309, 51.32597], [0.10092, 51.32561], [0.10215, 51.32598]]], [[[0.09237, 51.3197], [0.0925, 51.31973], [0.09164, 51.31947], [0.09237, 51.3197]]], [[[0.09335, 51.32007], [0.09354, 51.32014], [0.0931, 51.31995], [0.09335, 51.32007]]], [[[0.08854, 51.31856], [0.08867, 51.31858], [0.0881, 51.31841], [0.08854, 51.31856]]], [[[0.08359, 51.31067], [0.08373, 51.31075], [0.08358, 51.31054], [0.08359, 51.31067]]], [[[0.07337, 51.2916], [0.07102, 51.29111], [0.07177, 51.29134], [0.07337, 51.2916]]], [[[0.07608, 51.29176], [0.07694, 51.29171], [0.07337, 51.29161], [0.07608, 51.29176]]], [[[0.05715, 51.29114], [0.0576, 51.29048], [0.05644, 51.29191], [0.05715, 51.29114]]], [[[0.06259, 51.28994], [0.06321, 51.28989], [0.05891, 51.2894], [0.06259, 51.28994]]], [[[0.0661, 51.29035], [0.06756, 51.29038], [0.06526, 51.29012], [0.0661, 51.29035]]], [[[-0.11771, 51.2875], [-0.11758, 51.28776], [-0.11778, 51.28721], [-0.11771, 51.2875]]], [[[-0.30526, 51.33825], [-0.30538, 51.33951], [-0.30508, 51.33793], [-0.30526, 51.33825]]], [[[-0.3022, 51.34465], [-0.30302, 51.344], [-0.30251, 51.34445], [-0.3022, 51.34465]]], [[[-0.30008, 51.34749], [-0.29935, 51.3482], [-0.30092, 51.34595], [-0.30008, 51.34749]]], [[[-0.22845, 51.33707], [-0.22982, 51.33653], [-0.22835, 51.33719], [-0.22845, 51.33707]]], [[[-0.22726, 51.3346], [-0.2269, 51.3344], [-0.22694, 51.33437], [-0.22726, 51.3346]]], [[[-0.32956, 51.33219], [-0.32959, 51.33231], [-0.32957, 51.33228], [-0.32956, 51.33219]]], [[[-0.32917, 51.33096], [-0.32909, 51.33026], [-0.32946, 51.33177], [-0.32917, 51.33096]]], [[[-0.32152, 51.3572], [-0.32224, 51.3562], [-0.32289, 51.35546], [-0.32152, 51.3572]]], [[[-0.11665, 51.28978], [-0.11684, 51.28959], [-0.11672, 51.28975], [-0.11665, 51.28978]]], [[[-0.05288, 51.32222], [-0.05268, 51.32229], [-0.05326, 51.32202], [-0.05288, 51.32222]]], [[[-0.04784, 51.32608], [-0.04787, 51.32525], [-0.04788, 51.32554], [-0.04784, 51.32608]]], [[[-0.04449, 51.33372], [-0.04423, 51.3337], [-0.04553, 51.33361], [-0.04449, 51.33372]]], [[[-0.01938, 51.33571], [-0.01913, 51.33496], [-0.01987, 51.33611], [-0.01938, 51.33571]]], [[[-0.01099, 51.33356], [-0.01092, 51.3336], [-0.01084, 51.33339], [-0.01099, 51.33356]]], [[[-0.01041, 51.33381], [-0.01008, 51.33385], [-0.01072, 51.33372], [-0.01041, 51.33381]]], [[[-0.00835, 51.33388], [-0.00763, 51.33378], [-0.00929, 51.3339], [-0.00835, 51.33388]]], [[[0.00911, 51.31604], [0.01034, 51.31614], [0.00808, 51.31585], [0.00911, 51.31604]]], [[[0.00996, 51.3148], [0.00973, 51.31431], [0.01035, 51.31613], [0.00996, 51.3148]]], [[[0.00951, 51.31366], [0.00959, 51.3139], [0.00961, 51.31386], [0.00951, 51.31366]]], [[[0.00903, 51.30852], [0.00855, 51.30992], [0.00911, 51.30874], [0.00903, 51.30852]]], [[[0.01233, 51.29918], [0.01234, 51.29907], [0.01214, 51.29961], [0.01233, 51.29918]]], [[[0.01629, 51.29183], [0.0191, 51.29168], [0.01501, 51.29179], [0.01629, 51.29183]]], [[[0.02938, 51.30536], [0.03028, 51.30556], [0.02798, 51.30469], [0.02938, 51.30536]]], [[[0.03114, 51.30642], [0.03185, 51.30673], [0.03064, 51.30583], [0.03114, 51.30642]]], [[[0.03532, 51.30636], [0.03487, 51.30657], [0.03512, 51.30648], [0.03532, 51.30636]]], [[[0.03633, 51.30587], [0.036, 51.30603], [0.03605, 51.30601], [0.03633, 51.30587]]], [[[0.03652, 51.30573], [0.03634, 51.30586], [0.03653, 51.30574], [0.03652, 51.30573]]], [[[0.04088, 51.3029], [0.04091, 51.30273], [0.04015, 51.30325], [0.04088, 51.3029]]], [[[0.15991, 51.3947], [0.15951, 51.39527], [0.16064, 51.3942], [0.16081, 51.39374], [0.15991, 51.3947]]], [[[0.15185, 51.40639], [0.1512, 51.40662], [0.15256, 51.40633], [0.15185, 51.40639]]], [[[0.15677, 51.40184], [0.15668, 51.40204], [0.15683, 51.40176], [0.15677, 51.40184]]], [[[0.12426, 51.34555], [0.12513, 51.34583], [0.12354, 51.34519], [0.12426, 51.34555]]], [[[0.12728, 51.34565], [0.12658, 51.34572], [0.12703, 51.3457], [0.12728, 51.34565]]], [[[0.13045, 51.34536], [0.13167, 51.3452], [0.12761, 51.34562], [0.13045, 51.34536]]], [[[0.13621, 51.34564], [0.13618, 51.34581], [0.1362, 51.34594], [0.13678, 51.34521], [0.13621, 51.34564]]], [[[0.13682, 51.34599], [0.13713, 51.34588], [0.13655, 51.34591], [0.13682, 51.34599]]], [[[0.1375, 51.34635], [0.13782, 51.34657], [0.13744, 51.34615], [0.1375, 51.34635]]], [[[0.13871, 51.3474], [0.13878, 51.34751], [0.13949, 51.3473], [0.13871, 51.3474]]], [[[0.14274, 51.35178], [0.1428, 51.35206], [0.14275, 51.35172], [0.14274, 51.35178]]], [[[0.14281, 51.35245], [0.14288, 51.35265], [0.14281, 51.35219], [0.14281, 51.35245]]], [[[0.14511, 51.35955], [0.14526, 51.35988], [0.1451, 51.35931], [0.14511, 51.35955]]], [[[0.14481, 51.36177], [0.14527, 51.36231], [0.14453, 51.3611], [0.14481, 51.36177]]], [[[0.15259, 51.37633], [0.15311, 51.37752], [0.15262, 51.37554], [0.15259, 51.37633]]], [[[0.15238, 51.37828], [0.15276, 51.37817], [0.15253, 51.37823], [0.15238, 51.37828]]], [[[0.15113, 51.37989], [0.15111, 51.3799], [0.15113, 51.3799], [0.15113, 51.37989]]], [[[0.15024, 51.37995], [0.14967, 51.38008], [0.15102, 51.37991], [0.15024, 51.37995]]], [[[0.14968, 51.39064], [0.14983, 51.39087], [0.14954, 51.39032], [0.14968, 51.39064]]], [[[0.14862, 51.39137], [0.14761, 51.39211], [0.14959, 51.39101], [0.14862, 51.39137]]], [[[0.16674, 51.43283], [0.16677, 51.43359], [0.16683, 51.43243], [0.16674, 51.43283]]], [[[0.16659, 51.43472], [0.16669, 51.43505], [0.16676, 51.43374], [0.16659, 51.43472]]], [[[0.15284, 51.41135], [0.15126, 51.41151], [0.15358, 51.41128], [0.15284, 51.41135]]], [[[-0.50434, 51.47773], [-0.50427, 51.47798], [-0.50431, 51.47782], [-0.50434, 51.47773]]], [[[-0.50509, 51.47467], [-0.50591, 51.47258], [-0.5047, 51.47655], [-0.50509, 51.47467]]], [[[-0.50698, 51.47085], [-0.50836, 51.46959], [-0.50604, 51.47236], [-0.50698, 51.47085]]], [[[-0.50916, 51.46923], [-0.50969, 51.46923], [-0.50869, 51.46939], [-0.50916, 51.46923]]], [[[-0.05878, 51.68288], [-0.05701, 51.68297], [-0.0517, 51.68353], [-0.0493, 51.68424], [-0.0491, 51.68403], [-0.04833, 51.68407], [-0.04725, 51.68345], [-0.04397, 51.68336], [-0.04354, 51.68308], [-0.04389, 51.6824], [-0.05058, 51.68197], [-0.05103, 51.68065], [-0.05399, 51.67916], [-0.05512, 51.67533], [-0.05684, 51.67409], [-0.05775, 51.67214], [-0.05687, 51.672], [-0.05293, 51.67302], [-0.05342, 51.67142], [-0.05097, 51.67169], [-0.04951, 51.67151], [-0.0495, 51.67124], [-0.0479, 51.67115], [-0.04922, 51.66632], [-0.05138, 51.66592], [-0.05146, 51.66715], [-0.05212, 51.66725], [-0.05287, 51.668], [-0.05433, 51.66826], [-0.05559, 51.66551], [-0.05517, 51.66527], [-0.05629, 51.66516], [-0.0549, 51.66895], [-0.0596, 51.66941], [-0.06249, 51.66551], [-0.06375, 51.66577], [-0.06469, 51.66624], [-0.06438, 51.66668], [-0.06612, 51.66735], [-0.06741, 51.66826], [-0.06939, 51.6674], [-0.07003, 51.66763], [-0.07051, 51.6672], [-0.071, 51.66711], [-0.07111, 51.66738], [-0.07255, 51.66682], [-0.07292, 51.66732], [-0.07953, 51.66962], [-0.07855, 51.6706], [-0.08062, 51.67131], [-0.08116, 51.67068], [-0.08221, 51.67106], [-0.08271, 51.67068], [-0.0834, 51.671], [-0.08384, 51.67062], [-0.08442, 51.66964], [-0.08437, 51.66781], [-0.08657, 51.66798], [-0.0887, 51.66784], [-0.09056, 51.66687], [-0.09084, 51.66744], [-0.09205, 51.66728], [-0.0917, 51.66656], [-0.09883, 51.66471], [-0.09916, 51.66515], [-0.09856, 51.66531], [-0.09972, 51.66719], [-0.10107, 51.66853], [-0.1049, 51.66963], [-0.10702, 51.6668], [-0.10948, 51.66805], [-0.10986, 51.66729], [-0.11117, 51.66796], [-0.11317, 51.66543], [-0.11203, 51.66521], [-0.10992, 51.66526], [-0.10886, 51.66385], [-0.10641, 51.66374], [-0.10295, 51.66055], [-0.1067, 51.6602], [-0.10533, 51.65779], [-0.10763, 51.65714], [-0.10781, 51.65678], [-0.1073, 51.65519], [-0.10841, 51.65509], [-0.10865, 51.65576], [-0.11024, 51.6554], [-0.11098, 51.65628], [-0.11359, 51.65559], [-0.11355, 51.65453], [-0.11474, 51.65425], [-0.11465, 51.65353], [-0.11349, 51.65379], [-0.11249, 51.6506], [-0.11818, 51.65072], [-0.12122, 51.65156], [-0.12113, 51.65209], [-0.12371, 51.65128], [-0.1238, 51.65029], [-0.12475, 51.6506], [-0.12513, 51.65157], [-0.12562, 51.65151], [-0.13047, 51.64863], [-0.13235, 51.64796], [-0.13568, 51.64948], [-0.1402, 51.65034], [-0.14633, 51.65097], [-0.14692, 51.65115], [-0.14757, 51.65237], [-0.14957, 51.65197], [-0.14997, 51.65251], [-0.1506, 51.65239], [-0.15028, 51.65189], [-0.15189, 51.65165], [-0.15331, 51.65338], [-0.15349, 51.65459], [-0.15227, 51.65503], [-0.15412, 51.66139], [-0.15545, 51.66371], [-0.15562, 51.66489], [-0.15756, 51.66768], [-0.15946, 51.66966], [-0.16055, 51.67155], [-0.17257, 51.67238], [-0.17241, 51.67307], [-0.17301, 51.67236], [-0.17549, 51.67252], [-0.17568, 51.67127], [-0.17729, 51.6715], [-0.17662, 51.66909], [-0.17751, 51.66893], [-0.1783, 51.66842], [-0.17929, 51.66696], [-0.18012, 51.66691], [-0.17981, 51.66596], [-0.1822, 51.66526], [-0.182, 51.66509], [-0.18268, 51.66491], [-0.18422, 51.6653], [-0.18198, 51.66865], [-0.18197, 51.66865], [-0.17993, 51.66998], [-0.17672, 51.67205], [-0.17689, 51.67265], [-0.17547, 51.67256], [-0.17565, 51.67313], [-0.17534, 51.67344], [-0.17496, 51.67322], [-0.17496, 51.67321], [-0.17494, 51.6732], [-0.17242, 51.67307], [-0.1636, 51.68235], [-0.16348, 51.68508], [-0.16349, 51.68811], [-0.1586, 51.68739], [-0.15288, 51.6858], [-0.1528, 51.68579], [-0.14901, 51.68558], [-0.14937, 51.68551], [-0.14647, 51.68593], [-0.1475, 51.68582], [-0.14552, 51.68613], [-0.14551, 51.68613], [-0.14511, 51.68622], [-0.14551, 51.68614], [-0.14305, 51.68685], [-0.14456, 51.68635], [-0.14444, 51.68638], [-0.13912, 51.688], [-0.13911, 51.688], [-0.13467, 51.68878], [-0.13465, 51.68878], [-0.13465, 51.68879], [-0.13368, 51.6888], [-0.13412, 51.68865], [-0.12876, 51.68885], [-0.12241, 51.68853], [-0.12221, 51.68852], [-0.12208, 51.68852], [-0.12207, 51.68852], [-0.12193, 51.68852], [-0.12177, 51.68854], [-0.11861, 51.689], [-0.11943, 51.68889], [-0.11802, 51.6891], [-0.11702, 51.68938], [-0.11755, 51.68927], [-0.11584, 51.68979], [-0.11699, 51.68939], [-0.1113, 51.69117], [-0.11128, 51.69117], [-0.10976, 51.69163], [-0.10529, 51.69181], [-0.09898, 51.69092], [-0.09841, 51.69091], [-0.0984, 51.69091], [-0.09725, 51.69057], [-0.09671, 51.69045], [-0.09661, 51.69045], [-0.09663, 51.69051], [-0.09531, 51.69016], [-0.09483, 51.6901], [-0.09003, 51.68986], [-0.08389, 51.68991], [-0.08137, 51.68922], [-0.07896, 51.68884], [-0.07646, 51.68777], [-0.07049, 51.68541], [-0.06964, 51.685], [-0.06856, 51.68455], [-0.06715, 51.68405], [-0.06565, 51.68365], [-0.06314, 51.68312], [-0.06138, 51.68289], [-0.05997, 51.68281], [-0.05933, 51.68281], [-0.05908, 51.68297], [-0.05907, 51.68297], [-0.05879, 51.68288], [-0.05888, 51.68297], [-0.0572, 51.68297], [-0.05878, 51.68288]], [[-0.15168, 51.68564], [-0.15131, 51.68561], [-0.1528, 51.68579], [-0.15168, 51.68564]], [[-0.10967, 51.69148], [-0.10967, 51.69149], [-0.11011, 51.69141], [-0.11032, 51.69138], [-0.11064, 51.69131], [-0.11128, 51.69117], [-0.10967, 51.69148]], [[-0.14975, 51.68553], [-0.14996, 51.68554], [-0.15038, 51.68557], [-0.15102, 51.68559], [-0.14954, 51.68551], [-0.14975, 51.68553]], [[-0.15511, 51.68629], [-0.15528, 51.68633], [-0.15555, 51.68639], [-0.15406, 51.68604], [-0.15511, 51.68629]], [[-0.15717, 51.68692], [-0.15702, 51.68682], [-0.15614, 51.68655], [-0.15565, 51.68641], [-0.15717, 51.68692]], [[-0.10498, 51.68014], [-0.10435, 51.67934], [-0.0975, 51.68046], [-0.09842, 51.68209], [-0.10502, 51.68094], [-0.10498, 51.68014]]], [[[-0.06064, 51.68286], [-0.06184, 51.68298], [-0.05908, 51.68297], [-0.06064, 51.68286]]], [[[-0.06434, 51.68344], [-0.06575, 51.6837], [-0.0666, 51.68394], [-0.06249, 51.68306], [-0.06434, 51.68344]]], [[[-0.06947, 51.68494], [-0.07018, 51.68529], [-0.06755, 51.68422], [-0.06947, 51.68494]]], [[[-0.07646, 51.6878], [-0.0765, 51.68785], [-0.07633, 51.68778], [-0.07646, 51.6878]]], [[[-0.08166, 51.68932], [-0.08257, 51.68963], [-0.08021, 51.68911], [-0.08166, 51.68932]]], [[[-0.09001, 51.68988], [-0.09446, 51.69009], [-0.08843, 51.68999], [-0.09001, 51.68988]]], [[[-0.09561, 51.69026], [-0.09603, 51.69037], [-0.09503, 51.69014], [-0.09561, 51.69026]]], [[[-0.09724, 51.6906], [-0.0984, 51.69091], [-0.09687, 51.69056], [-0.09724, 51.6906]]], [[[-0.09931, 51.69101], [-0.09943, 51.69105], [-0.09852, 51.69093], [-0.09931, 51.69101]]], [[[-0.10575, 51.69187], [-0.10547, 51.69183], [-0.10572, 51.69184], [-0.10575, 51.69187]]], [[[-0.10612, 51.69182], [-0.10645, 51.69183], [-0.10578, 51.69188], [-0.10612, 51.69182]]], [[[-0.12177, 51.68854], [-0.12207, 51.68852], [-0.12092, 51.68868], [-0.12177, 51.68854]]], [[[-0.12241, 51.68853], [-0.12248, 51.68854], [-0.12208, 51.68852], [-0.12241, 51.68853]]], [[[-0.16352, 51.685], [-0.16354, 51.68459], [-0.16351, 51.68585], [-0.16352, 51.685]]], [[[-0.17993, 51.66998], [-0.18193, 51.6687], [-0.17674, 51.67208], [-0.17993, 51.66998]]], [[[-0.18495, 51.66851], [-0.18496, 51.66855], [-0.18196, 51.66868], [-0.18495, 51.66851]]], [[[-0.18944, 51.66584], [-0.18775, 51.66787], [-0.18575, 51.6685], [-0.18494, 51.66849], [-0.18209, 51.6686], [-0.18198, 51.66865], [-0.18589, 51.66284], [-0.16509, 51.65826], [-0.16355, 51.65821], [-0.1651, 51.65827], [-0.17524, 51.66054], [-0.17538, 51.66115], [-0.17259, 51.66154], [-0.17053, 51.66217], [-0.1694, 51.66207], [-0.16912, 51.66379], [-0.16851, 51.66465], [-0.16702, 51.6656], [-0.16573, 51.66576], [-0.16518, 51.66539], [-0.16458, 51.6656], [-0.16472, 51.66672], [-0.16307, 51.66691], [-0.16293, 51.66606], [-0.15989, 51.66634], [-0.15796, 51.66534], [-0.15814, 51.66455], [-0.15709, 51.66392], [-0.15583, 51.6616], [-0.15601, 51.66089], [-0.15647, 51.66061], [-0.15618, 51.66007], [-0.15672, 51.65943], [-0.15651, 51.65885], [-0.15702, 51.65782], [-0.15934, 51.65654], [-0.15826, 51.65629], [-0.15795, 51.65632], [-0.15473, 51.65554], [-0.15461, 51.65491], [-0.15675, 51.65493], [-0.15718, 51.65474], [-0.15856, 51.65541], [-0.16427, 51.65656], [-0.16481, 51.65638], [-0.16587, 51.65668], [-0.17292, 51.65724], [-0.17678, 51.65791], [-0.18242, 51.65839], [-0.18391, 51.65803], [-0.18536, 51.65806], [-0.18866, 51.65902], [-0.18917, 51.65806], [-0.18763, 51.65776], [-0.1877, 51.6565], [-0.1866, 51.65652], [-0.18659, 51.65623], [-0.19024, 51.65625], [-0.19028, 51.65486], [-0.1898, 51.65482], [-0.18995, 51.65421], [-0.19123, 51.65326], [-0.1918, 51.65313], [-0.19251, 51.65356], [-0.19333, 51.65315], [-0.193, 51.65272], [-0.19381, 51.65245], [-0.19522, 51.65378], [-0.19825, 51.658], [-0.20003, 51.65885], [-0.20028, 51.65864], [-0.20154, 51.6587], [-0.20104, 51.6626], [-0.20308, 51.6603], [-0.20875, 51.65961], [-0.21399, 51.65794], [-0.21669, 51.65679], [-0.22392, 51.65493], [-0.22301, 51.65344], [-0.22196, 51.65243], [-0.2222, 51.65217], [-0.22384, 51.65187], [-0.22552, 51.65103], [-0.22643, 51.65087], [-0.22669, 51.65123], [-0.22801, 51.651], [-0.22836, 51.65135], [-0.22911, 51.65105], [-0.2287, 51.65074], [-0.22986, 51.6499], [-0.23063, 51.65043], [-0.2339, 51.649], [-0.23265, 51.64837], [-0.23465, 51.64842], [-0.23469, 51.64777], [-0.23632, 51.64719], [-0.23774, 51.64705], [-0.23857, 51.64727], [-0.23942, 51.64705], [-0.23947, 51.64573], [-0.2391, 51.64498], [-0.24245, 51.64322], [-0.24342, 51.64194], [-0.24125, 51.64052], [-0.24043, 51.63927], [-0.23904, 51.63802], [-0.23733, 51.63734], [-0.23715, 51.63752], [-0.23521, 51.63717], [-0.23488, 51.63815], [-0.23629, 51.63868], [-0.23708, 51.63859], [-0.23819, 51.63905], [-0.23888, 51.63959], [-0.23982, 51.64104], [-0.23713, 51.64263], [-0.23892, 51.6442], [-0.23623, 51.64549], [-0.23582, 51.64504], [-0.23521, 51.64531], [-0.23466, 51.64493], [-0.23426, 51.64517], [-0.23468, 51.64542], [-0.23413, 51.64576], [-0.23453, 51.64611], [-0.2327, 51.64701], [-0.23229, 51.64668], [-0.23184, 51.64689], [-0.23199, 51.64701], [-0.23148, 51.64726], [-0.23183, 51.64756], [-0.23123, 51.6478], [-0.2298, 51.64703], [-0.2277, 51.64785], [-0.22404, 51.64506], [-0.22372, 51.64527], [-0.22266, 51.64483], [-0.22062, 51.64561], [-0.2189, 51.6445], [-0.2202, 51.64339], [-0.21868, 51.64281], [-0.21688, 51.64297], [-0.21606, 51.64147], [-0.21439, 51.64177], [-0.21204, 51.6415], [-0.21132, 51.64196], [-0.21215, 51.64332], [-0.21149, 51.64345], [-0.21004, 51.64157], [-0.20707, 51.64211], [-0.20705, 51.64247], [-0.20235, 51.64238], [-0.20148, 51.64272], [-0.20094, 51.64204], [-0.20034, 51.64221], [-0.20057, 51.64253], [-0.20029, 51.64261], [-0.19469, 51.64281], [-0.19324, 51.64546], [-0.19248, 51.64548], [-0.19233, 51.64667], [-0.19138, 51.64671], [-0.19136, 51.64698], [-0.19086, 51.64696], [-0.19011, 51.64469], [-0.18947, 51.64473], [-0.18923, 51.64364], [-0.18981, 51.64359], [-0.1888, 51.64147], [-0.18931, 51.64059], [-0.18751, 51.64009], [-0.18609, 51.64016], [-0.1858, 51.63986], [-0.18426, 51.63993], [-0.18367, 51.63906], [-0.1831, 51.63923], [-0.18256, 51.63852], [-0.18038, 51.63849], [-0.18038, 51.63833], [-0.18105, 51.6383], [-0.18071, 51.63785], [-0.17914, 51.63792], [-0.17983, 51.63778], [-0.17802, 51.63599], [-0.17732, 51.63621], [-0.17701, 51.63583], [-0.1778, 51.63573], [-0.17732, 51.63508], [-0.17655, 51.63517], [-0.17629, 51.63459], [-0.17739, 51.63457], [-0.17725, 51.63413], [-0.17981, 51.63402], [-0.17927, 51.632], [-0.17943, 51.63058], [-0.17979, 51.63059], [-0.17986, 51.63022], [-0.18173, 51.63058], [-0.18084, 51.63132], [-0.18135, 51.63322], [-0.18318, 51.63446], [-0.18361, 51.63437], [-0.18251, 51.63366], [-0.18472, 51.63288], [-0.18592, 51.63378], [-0.18761, 51.63323], [-0.18864, 51.63273], [-0.18839, 51.63249], [-0.18919, 51.63224], [-0.18973, 51.63274], [-0.1906, 51.63234], [-0.19087, 51.63253], [-0.19146, 51.6321], [-0.19791, 51.63528], [-0.19729, 51.63611], [-0.19814, 51.6363], [-0.1977, 51.63724], [-0.1979, 51.63797], [-0.20219, 51.63767], [-0.20285, 51.63479], [-0.205, 51.63506], [-0.20558, 51.63567], [-0.20654, 51.63534], [-0.20909, 51.63767], [-0.21037, 51.63723], [-0.20856, 51.63497], [-0.20845, 51.63432], [-0.20573, 51.6345], [-0.20372, 51.63438], [-0.202, 51.63391], [-0.20129, 51.63348], [-0.20098, 51.63312], [-0.20096, 51.63214], [-0.20215, 51.6321], [-0.20213, 51.63191], [-0.20106, 51.63153], [-0.20091, 51.63113], [-0.19959, 51.63012], [-0.19984, 51.62998], [-0.19925, 51.62963], [-0.19971, 51.62936], [-0.19873, 51.62861], [-0.19907, 51.62828], [-0.19702, 51.62699], [-0.1972, 51.62687], [-0.19599, 51.62594], [-0.19637, 51.62574], [-0.19534, 51.6245], [-0.19448, 51.62477], [-0.19427, 51.62441], [-0.19432, 51.62408], [-0.19517, 51.62353], [-0.19398, 51.62324], [-0.19428, 51.62293], [-0.19507, 51.62228], [-0.19695, 51.62182], [-0.19774, 51.62112], [-0.19733, 51.62031], [-0.19644, 51.61988], [-0.1968, 51.61943], [-0.19783, 51.61944], [-0.19816, 51.61912], [-0.19806, 51.6188], [-0.19745, 51.61857], [-0.19857, 51.61688], [-0.19958, 51.61389], [-0.19583, 51.61346], [-0.19568, 51.61333], [-0.19766, 51.61197], [-0.19562, 51.61089], [-0.19537, 51.61079], [-0.1937, 51.61175], [-0.19325, 51.61133], [-0.19436, 51.61091], [-0.19411, 51.61069], [-0.19467, 51.61049], [-0.19687, 51.60862], [-0.19754, 51.60885], [-0.19839, 51.60822], [-0.19885, 51.60835], [-0.19917, 51.60819], [-0.19886, 51.60805], [-0.19934, 51.60791], [-0.19853, 51.60744], [-0.19916, 51.60694], [-0.19851, 51.60663], [-0.1989, 51.60631], [-0.19945, 51.60643], [-0.20004, 51.60594], [-0.19953, 51.60579], [-0.20035, 51.6051], [-0.20123, 51.6053], [-0.20185, 51.60502], [-0.20254, 51.60532], [-0.2027, 51.60572], [-0.20656, 51.60731], [-0.20623, 51.60811], [-0.20798, 51.6086], [-0.20767, 51.60938], [-0.20572, 51.60929], [-0.20369, 51.61306], [-0.20359, 51.61418], [-0.20407, 51.61455], [-0.20518, 51.615], [-0.20634, 51.61492], [-0.20668, 51.61528], [-0.21036, 51.61511], [-0.21096, 51.61481], [-0.21387, 51.61477], [-0.21391, 51.61508], [-0.2158, 51.6153], [-0.21689, 51.61299], [-0.21863, 51.61271], [-0.22053, 51.61269], [-0.2195, 51.61439], [-0.22051, 51.61472], [-0.22153, 51.61301], [-0.2217, 51.61116], [-0.22143, 51.60969], [-0.22378, 51.60964], [-0.22321, 51.60979], [-0.22392, 51.61181], [-0.22454, 51.61179], [-0.22491, 51.61201], [-0.22587, 51.61179], [-0.22625, 51.61227], [-0.23015, 51.61138], [-0.23283, 51.61108], [-0.23285, 51.61058], [-0.23355, 51.61057], [-0.23334, 51.61111], [-0.2353, 51.61202], [-0.23604, 51.61163], [-0.23646, 51.61222], [-0.23871, 51.61108], [-0.23989, 51.61014], [-0.23994, 51.60959], [-0.2407, 51.60954], [-0.24076, 51.61028], [-0.24143, 51.61024], [-0.24237, 51.60925], [-0.24414, 51.61045], [-0.24425, 51.61079], [-0.24409, 51.6112], [-0.24277, 51.6122], [-0.24338, 51.61265], [-0.24082, 51.61564], [-0.23692, 51.6152], [-0.2367, 51.61431], [-0.23579, 51.61421], [-0.23574, 51.61472], [-0.23506, 51.6147], [-0.23517, 51.61521], [-0.23571, 51.61512], [-0.23557, 51.61644], [-0.23633, 51.61649], [-0.23616, 51.61784], [-0.2341, 51.61772], [-0.23392, 51.61868], [-0.23481, 51.61881], [-0.23432, 51.61981], [-0.23661, 51.62066], [-0.23701, 51.62046], [-0.23812, 51.62084], [-0.23854, 51.61942], [-0.23981, 51.61943], [-0.24067, 51.61696], [-0.24496, 51.61766], [-0.24467, 51.61887], [-0.24382, 51.62032], [-0.23916, 51.62313], [-0.24142, 51.62466], [-0.24037, 51.62539], [-0.23833, 51.62405], [-0.23692, 51.62524], [-0.24028, 51.627], [-0.24137, 51.62729], [-0.24145, 51.62754], [-0.24218, 51.62637], [-0.24359, 51.62541], [-0.24414, 51.62526], [-0.24459, 51.62589], [-0.24762, 51.62545], [-0.24735, 51.62657], [-0.24545, 51.62802], [-0.24685, 51.62933], [-0.24897, 51.62806], [-0.24896, 51.62786], [-0.25142, 51.62786], [-0.25158, 51.62849], [-0.25199, 51.62779], [-0.2545, 51.62777], [-0.25453, 51.62726], [-0.2581, 51.62861], [-0.26026, 51.62745], [-0.26016, 51.62704], [-0.26071, 51.62654], [-0.26179, 51.62829], [-0.26261, 51.63159], [-0.2644, 51.63467], [-0.2648, 51.63503], [-0.26532, 51.63485], [-0.26633, 51.63559], [-0.26622, 51.63598], [-0.27165, 51.63778], [-0.26732, 51.63198], [-0.27074, 51.63187], [-0.27336, 51.63128], [-0.27306, 51.63006], [-0.27628, 51.62977], [-0.27778, 51.62865], [-0.28006, 51.6286], [-0.27981, 51.63004], [-0.28086, 51.62991], [-0.28142, 51.62693], [-0.28043, 51.6248], [-0.2812, 51.62431], [-0.28014, 51.62256], [-0.28075, 51.6227], [-0.28099, 51.62232], [-0.28093, 51.62275], [-0.2819, 51.62305], [-0.28307, 51.62329], [-0.28332, 51.62288], [-0.28641, 51.62363], [-0.28778, 51.62428], [-0.28838, 51.62378], [-0.2927, 51.62195], [-0.29378, 51.62288], [-0.29155, 51.62441], [-0.29386, 51.62523], [-0.29411, 51.6255], [-0.29369, 51.62625], [-0.29461, 51.6266], [-0.29465, 51.62684], [-0.29545, 51.62677], [-0.29567, 51.62746], [-0.29659, 51.62745], [-0.29618, 51.62608], [-0.29706, 51.62573], [-0.29264, 51.62174], [-0.29363, 51.62158], [-0.29341, 51.622], [-0.29505, 51.62345], [-0.29795, 51.62249], [-0.30103, 51.62207], [-0.30118, 51.62247], [-0.3041, 51.62214], [-0.30568, 51.62157], [-0.30637, 51.6217], [-0.30715, 51.62098], [-0.30878, 51.62043], [-0.30975, 51.62127], [-0.31179, 51.62212], [-0.31227, 51.62172], [-0.31332, 51.62243], [-0.31419, 51.62188], [-0.3139, 51.62165], [-0.3145, 51.62123], [-0.3154, 51.6217], [-0.31639, 51.62107], [-0.31772, 51.62191], [-0.31877, 51.62312], [-0.32174, 51.62517], [-0.32414, 51.6248], [-0.32463, 51.62425], [-0.32465, 51.62352], [-0.32434, 51.62243], [-0.32259, 51.61929], [-0.32246, 51.61777], [-0.32218, 51.61772], [-0.32294, 51.61707], [-0.32254, 51.6167], [-0.3226, 51.61628], [-0.32362, 51.61657], [-0.32448, 51.61769], [-0.32656, 51.61718], [-0.32729, 51.61772], [-0.32949, 51.61828], [-0.32919, 51.61754], [-0.32941, 51.61737], [-0.33192, 51.61674], [-0.33235, 51.61617], [-0.33281, 51.61603], [-0.33271, 51.61518], [-0.33231, 51.61566], [-0.33256, 51.61598], [-0.33166, 51.61624], [-0.33151, 51.61525], [-0.3322, 51.61519], [-0.33177, 51.61369], [-0.33398, 51.61463], [-0.33527, 51.6143], [-0.33314, 51.61242], [-0.33518, 51.61176], [-0.33916, 51.61097], [-0.33949, 51.61142], [-0.34015, 51.61139], [-0.34034, 51.6125], [-0.3422, 51.61232], [-0.3419, 51.61096], [-0.34223, 51.61074], [-0.34291, 51.61075], [-0.34303, 51.61166], [-0.34405, 51.61247], [-0.34434, 51.61476], [-0.34578, 51.61442], [-0.34587, 51.61403], [-0.3491, 51.61325], [-0.34811, 51.611], [-0.35303, 51.61054], [-0.35279, 51.60979], [-0.35219, 51.60917], [-0.3519, 51.6092], [-0.35176, 51.60877], [-0.35228, 51.60871], [-0.35244, 51.60819], [-0.35426, 51.60793], [-0.3551, 51.60979], [-0.35924, 51.60881], [-0.35966, 51.60893], [-0.35981, 51.60954], [-0.35629, 51.61082], [-0.36246, 51.61708], [-0.36328, 51.61758], [-0.36493, 51.61798], [-0.36704, 51.61652], [-0.3701, 51.6154], [-0.37252, 51.61502], [-0.37377, 51.61583], [-0.37551, 51.61542], [-0.37808, 51.61781], [-0.37838, 51.6178], [-0.37897, 51.61772], [-0.37707, 51.61586], [-0.37768, 51.61504], [-0.37888, 51.6149], [-0.37866, 51.61354], [-0.3796, 51.6117], [-0.37601, 51.61094], [-0.37573, 51.61127], [-0.37595, 51.61076], [-0.37542, 51.61056], [-0.37626, 51.60971], [-0.37968, 51.61026], [-0.3809, 51.60999], [-0.38543, 51.61071], [-0.38919, 51.61046], [-0.38944, 51.6104], [-0.38958, 51.6083], [-0.39027, 51.6069], [-0.39426, 51.60585], [-0.39824, 51.60544], [-0.40176, 51.60661], [-0.40237, 51.60745], [-0.40369, 51.6078], [-0.40542, 51.60891], [-0.40867, 51.60928], [-0.40563, 51.61079], [-0.4062, 51.6125], [-0.40779, 51.61256], [-0.40935, 51.6129], [-0.40927, 51.61364], [-0.40401, 51.61318], [-0.40397, 51.61276], [-0.404, 51.61318], [-0.39946, 51.61341], [-0.39942, 51.61342], [-0.39886, 51.61355], [-0.39262, 51.61519], [-0.3869, 51.61559], [-0.38383, 51.61638], [-0.38251, 51.61713], [-0.38199, 51.61742], [-0.37621, 51.61814], [-0.37756, 51.61781], [-0.37584, 51.61819], [-0.37527, 51.61834], [-0.37184, 51.61928], [-0.37161, 51.61935], [-0.37044, 51.61981], [-0.36952, 51.62022], [-0.36947, 51.62024], [-0.36817, 51.62065], [-0.36563, 51.62131], [-0.36682, 51.62083], [-0.36624, 51.62102], [-0.36554, 51.62133], [-0.36343, 51.62254], [-0.36334, 51.62265], [-0.36309, 51.62291], [-0.36262, 51.6235], [-0.36244, 51.6235], [-0.36176, 51.62373], [-0.35971, 51.62524], [-0.35768, 51.62541], [-0.35049, 51.62658], [-0.34921, 51.6269], [-0.34912, 51.62694], [-0.34892, 51.62701], [-0.34511, 51.62833], [-0.3443, 51.62867], [-0.34461, 51.62856], [-0.33989, 51.63072], [-0.34182, 51.62983], [-0.34332, 51.62913], [-0.33985, 51.6307], [-0.33813, 51.62935], [-0.33592, 51.63114], [-0.33481, 51.63071], [-0.33432, 51.63107], [-0.33492, 51.63133], [-0.33354, 51.6323], [-0.33399, 51.63255], [-0.33299, 51.63378], [-0.33264, 51.6337], [-0.32994, 51.63535], [-0.32704, 51.63644], [-0.32724, 51.63644], [-0.32655, 51.63672], [-0.32702, 51.63645], [-0.32656, 51.63669], [-0.32047, 51.63797], [-0.31981, 51.6382], [-0.31757, 51.64019], [-0.31672, 51.64052], [-0.31607, 51.64023], [-0.31478, 51.63973], [-0.31248, 51.639], [-0.30537, 51.63706], [-0.30433, 51.63632], [-0.30378, 51.63648], [-0.30377, 51.63648], [-0.30272, 51.63614], [-0.30012, 51.63577], [-0.29613, 51.63543], [-0.2945, 51.63563], [-0.29444, 51.63564], [-0.29439, 51.63565], [-0.29438, 51.63565], [-0.29289, 51.63614], [-0.29187, 51.63648], [-0.28834, 51.63647], [-0.28779, 51.63651], [-0.2855, 51.63695], [-0.28517, 51.63707], [-0.28387, 51.63779], [-0.28138, 51.63833], [-0.27945, 51.63828], [-0.28139, 51.63835], [-0.27861, 51.63832], [-0.27648, 51.63887], [-0.27591, 51.63879], [-0.27371, 51.63867], [-0.27418, 51.63931], [-0.27287, 51.6421], [-0.27004, 51.64209], [-0.26825, 51.64239], [-0.26834, 51.6438], [-0.26834, 51.64382], [-0.26677, 51.6441], [-0.26522, 51.64402], [-0.26436, 51.64363], [-0.26403, 51.64378], [-0.26329, 51.64481], [-0.2622, 51.64428], [-0.26162, 51.644], [-0.26161, 51.64399], [-0.26086, 51.64268], [-0.26055, 51.64259], [-0.26125, 51.64354], [-0.26045, 51.64254], [-0.25838, 51.64199], [-0.25737, 51.64181], [-0.25762, 51.6419], [-0.25735, 51.64184], [-0.25617, 51.64349], [-0.25544, 51.64321], [-0.25466, 51.6436], [-0.25425, 51.64352], [-0.25176, 51.64683], [-0.25086, 51.64886], [-0.24919, 51.65597], [-0.24787, 51.65525], [-0.24674, 51.65558], [-0.24362, 51.65669], [-0.24258, 51.65683], [-0.24137, 51.6572], [-0.24099, 51.65684], [-0.2392, 51.6574], [-0.23797, 51.65779], [-0.23799, 51.65782], [-0.2381, 51.65799], [-0.23827, 51.65825], [-0.23767, 51.65841], [-0.23668, 51.65877], [-0.23471, 51.659], [-0.23423, 51.65825], [-0.23354, 51.65843], [-0.22892, 51.65998], [-0.22883, 51.65993], [-0.22881, 51.65992], [-0.22849, 51.65997], [-0.22845, 51.65919], [-0.22806, 51.65859], [-0.22652, 51.65722], [-0.22646, 51.65716], [-0.22586, 51.65748], [-0.22641, 51.65722], [-0.22604, 51.65763], [-0.22391, 51.65861], [-0.2198, 51.66066], [-0.21927, 51.66079], [-0.21889, 51.66006], [-0.2173, 51.66054], [-0.21577, 51.66124], [-0.21863, 51.66017], [-0.21339, 51.66238], [-0.21219, 51.6614], [-0.21215, 51.66136], [-0.21213, 51.66135], [-0.20783, 51.66283], [-0.20786, 51.66286], [-0.20974, 51.6654], [-0.21112, 51.66696], [-0.20981, 51.66755], [-0.20968, 51.66748], [-0.20965, 51.66746], [-0.20796, 51.66659], [-0.20561, 51.66857], [-0.20218, 51.66776], [-0.20258, 51.66928], [-0.20333, 51.67011], [-0.20188, 51.67003], [-0.2001, 51.67009], [-0.19986, 51.67014], [-0.19901, 51.66821], [-0.19691, 51.66814], [-0.19797, 51.66686], [-0.19899, 51.667], [-0.1991, 51.66651], [-0.19987, 51.66657], [-0.2008, 51.66365], [-0.19898, 51.66345], [-0.19913, 51.6618], [-0.19852, 51.66165], [-0.19781, 51.66241], [-0.19705, 51.662], [-0.19665, 51.66238], [-0.19749, 51.66317], [-0.19792, 51.66302], [-0.19815, 51.66396], [-0.19856, 51.66403], [-0.19713, 51.66641], [-0.19613, 51.66635], [-0.19666, 51.66548], [-0.19577, 51.66532], [-0.19548, 51.66527], [-0.19248, 51.66472], [-0.19107, 51.6639], [-0.19103, 51.66393], [-0.18944, 51.66584]], [[-0.37908, 51.61771], [-0.38037, 51.61748], [-0.37897, 51.61772], [-0.37908, 51.61771]], [[-0.36812, 51.62066], [-0.36692, 51.62079], [-0.36682, 51.62083], [-0.36812, 51.62066]], [[-0.34407, 51.62876], [-0.34368, 51.62896], [-0.3443, 51.62867], [-0.34407, 51.62876]], [[-0.27853, 51.63832], [-0.27782, 51.63849], [-0.27861, 51.63832], [-0.27853, 51.63832]], [[-0.3191, 51.63858], [-0.31965, 51.63828], [-0.31917, 51.63851], [-0.31904, 51.63862], [-0.31879, 51.63889], [-0.31864, 51.63909], [-0.3191, 51.63858]], [[-0.30447, 51.63632], [-0.30445, 51.63635], [-0.30456, 51.63638], [-0.30447, 51.63632]], [[-0.27095, 51.64205], [-0.27133, 51.64207], [-0.2711, 51.64205], [-0.27095, 51.64205]], [[-0.27063, 51.64205], [-0.27072, 51.64206], [-0.27095, 51.64205], [-0.27063, 51.64205]], [[-0.27064, 51.64206], [-0.27063, 51.64206], [-0.27048, 51.64207], [-0.27064, 51.64206]], [[-0.30489, 51.63567], [-0.30518, 51.63516], [-0.30554, 51.63438], [-0.30489, 51.63567]], [[-0.30558, 51.63417], [-0.30557, 51.63413], [-0.30556, 51.63429], [-0.30558, 51.63417]], [[-0.30547, 51.63354], [-0.30542, 51.63338], [-0.30526, 51.63311], [-0.30547, 51.63354]], [[-0.30402, 51.63154], [-0.30376, 51.63135], [-0.30525, 51.63309], [-0.30402, 51.63154]], [[-0.30251, 51.63043], [-0.30313, 51.63088], [-0.30241, 51.63035], [-0.30251, 51.63043]], [[-0.30009, 51.62821], [-0.3013, 51.62939], [-0.30163, 51.62969], [-0.30177, 51.62981], [-0.30197, 51.62998], [-0.30009, 51.62821]], [[-0.29836, 51.62677], [-0.29998, 51.62811], [-0.29916, 51.62738], [-0.29836, 51.62677]], [[-0.16275, 51.65801], [-0.16348, 51.65819], [-0.16052, 51.65681], [-0.16275, 51.65801]], [[-0.21699, 51.61774], [-0.21517, 51.61745], [-0.2151, 51.61767], [-0.21581, 51.61787], [-0.21545, 51.61844], [-0.21324, 51.61818], [-0.21283, 51.61953], [-0.21378, 51.61945], [-0.21391, 51.61982], [-0.21459, 51.61948], [-0.21555, 51.61948], [-0.21699, 51.61774]], [[-0.2285, 51.61838], [-0.22877, 51.61824], [-0.23049, 51.61654], [-0.22924, 51.61641], [-0.22803, 51.61684], [-0.22762, 51.61649], [-0.2279, 51.6164], [-0.22769, 51.61613], [-0.22721, 51.61615], [-0.22632, 51.61511], [-0.22579, 51.6124], [-0.22469, 51.61228], [-0.22491, 51.6145], [-0.22663, 51.61793], [-0.2285, 51.61838]], [[-0.38049, 51.61746], [-0.38045, 51.61747], [-0.38095, 51.61748], [-0.38049, 51.61746]], [[-0.40142, 51.61317], [-0.40133, 51.61318], [-0.40098, 51.61326], [-0.40142, 51.61317]], [[-0.40247, 51.60784], [-0.40244, 51.60763], [-0.40239, 51.60749], [-0.40246, 51.60784], [-0.40247, 51.60784]], [[-0.40271, 51.60855], [-0.40279, 51.60854], [-0.40253, 51.60826], [-0.40271, 51.60855]], [[-0.40285, 51.60865], [-0.40291, 51.60873], [-0.40279, 51.60854], [-0.40285, 51.60865]], [[-0.40315, 51.60897], [-0.40322, 51.6091], [-0.40319, 51.60903], [-0.40315, 51.60897]], [[-0.40332, 51.60947], [-0.40343, 51.61008], [-0.40337, 51.60971], [-0.40332, 51.60947]], [[-0.4034, 51.61059], [-0.40341, 51.61066], [-0.4034, 51.61048], [-0.4034, 51.61059]], [[-0.40364, 51.6117], [-0.40384, 51.61224], [-0.40355, 51.61139], [-0.40364, 51.6117]]], [[[-0.37174, 51.61932], [-0.37389, 51.61882], [-0.36952, 51.62022], [-0.37174, 51.61932]]], [[[-0.37527, 51.61834], [-0.37549, 51.6183], [-0.37451, 51.61862], [-0.37527, 51.61834]]], [[[-0.43586, 51.61917], [-0.43607, 51.6192], [-0.43618, 51.61933], [-0.43464, 51.61887], [-0.43586, 51.61917]]], [[[-0.43745, 51.61962], [-0.43814, 51.61988], [-0.43663, 51.61946], [-0.43745, 51.61962]]], [[[-0.43938, 51.61997], [-0.43984, 51.62002], [-0.43848, 51.61994], [-0.43938, 51.61997]]], [[[-0.44204, 51.61965], [-0.44325, 51.6195], [-0.44071, 51.62004], [-0.44204, 51.61965]]], [[[-0.44373, 51.61953], [-0.44395, 51.61851], [-0.44474, 51.61853], [-0.44475, 51.61729], [-0.44394, 51.6173], [-0.44339, 51.61655], [-0.43949, 51.61506], [-0.43927, 51.61475], [-0.44033, 51.61361], [-0.43974, 51.61238], [-0.44049, 51.61195], [-0.44056, 51.61095], [-0.44113, 51.61001], [-0.44148, 51.61025], [-0.44203, 51.60999], [-0.44509, 51.60775], [-0.44577, 51.60813], [-0.44648, 51.6075], [-0.44753, 51.60709], [-0.44704, 51.60639], [-0.44773, 51.60462], [-0.44699, 51.60446], [-0.44717, 51.60415], [-0.44628, 51.60399], [-0.44667, 51.60302], [-0.44664, 51.60126], [-0.44512, 51.59848], [-0.44406, 51.59721], [-0.44034, 51.59416], [-0.43683, 51.58971], [-0.43725, 51.58969], [-0.43705, 51.58775], [-0.44001, 51.58665], [-0.44058, 51.58703], [-0.44135, 51.58659], [-0.44078, 51.58621], [-0.44331, 51.58407], [-0.44657, 51.58027], [-0.44786, 51.58], [-0.44858, 51.58133], [-0.44892, 51.58524], [-0.45051, 51.58979], [-0.45415, 51.59105], [-0.45686, 51.5925], [-0.45976, 51.59356], [-0.46119, 51.59487], [-0.46425, 51.59616], [-0.46641, 51.59652], [-0.47011, 51.59645], [-0.47261, 51.59819], [-0.47528, 51.6015], [-0.47475, 51.60196], [-0.47267, 51.60186], [-0.47253, 51.60256], [-0.47082, 51.60412], [-0.46839, 51.60561], [-0.46976, 51.60641], [-0.46884, 51.60737], [-0.46632, 51.60933], [-0.46551, 51.60906], [-0.46532, 51.60927], [-0.46494, 51.60911], [-0.46462, 51.60971], [-0.46296, 51.61083], [-0.46281, 51.61109], [-0.46336, 51.61148], [-0.45989, 51.6126], [-0.45831, 51.61252], [-0.45716, 51.61216], [-0.45571, 51.61261], [-0.45587, 51.61258], [-0.45562, 51.61264], [-0.45488, 51.61286], [-0.44939, 51.61506], [-0.44907, 51.61522], [-0.44887, 51.61531], [-0.4486, 51.61547], [-0.44805, 51.61594], [-0.44739, 51.61725], [-0.44552, 51.61962], [-0.44373, 51.61953]]], [[[-0.44824, 51.61579], [-0.44874, 51.61542], [-0.44888, 51.61533], [-0.44754, 51.61704], [-0.44824, 51.61579]]], [[[-0.44907, 51.61522], [-0.4505, 51.61467], [-0.44888, 51.61532], [-0.44907, 51.61522]]], [[[-0.45718, 51.61231], [-0.45713, 51.61229], [-0.45717, 51.6123], [-0.45718, 51.61231]]], [[[-0.46007, 51.61273], [-0.46371, 51.61148], [-0.4703, 51.60641], [-0.47274, 51.60579], [-0.47714, 51.60766], [-0.47663, 51.60812], [-0.47895, 51.60919], [-0.4766, 51.6123], [-0.47598, 51.61477], [-0.47498, 51.61642], [-0.4751, 51.61718], [-0.47388, 51.61833], [-0.47247, 51.61899], [-0.47284, 51.61914], [-0.4741, 51.6184], [-0.47531, 51.61723], [-0.47524, 51.6164], [-0.47623, 51.61474], [-0.47683, 51.61231], [-0.4789, 51.60951], [-0.48233, 51.61014], [-0.48115, 51.60836], [-0.48072, 51.60697], [-0.48162, 51.60493], [-0.48484, 51.60498], [-0.48509, 51.60469], [-0.48774, 51.60487], [-0.49138, 51.60567], [-0.49087, 51.60806], [-0.49194, 51.60811], [-0.49232, 51.60762], [-0.49318, 51.60752], [-0.4931, 51.60766], [-0.49438, 51.608], [-0.49439, 51.60872], [-0.49541, 51.60874], [-0.49543, 51.60916], [-0.4959, 51.60913], [-0.49602, 51.60931], [-0.4962, 51.61164], [-0.49777, 51.61142], [-0.49728, 51.61374], [-0.49686, 51.61367], [-0.49735, 51.6131], [-0.495, 51.61289], [-0.49456, 51.61311], [-0.49442, 51.61379], [-0.49484, 51.61458], [-0.49702, 51.61462], [-0.4971, 51.61483], [-0.49705, 51.61485], [-0.49703, 51.61489], [-0.49649, 51.61617], [-0.49626, 51.61649], [-0.49611, 51.61673], [-0.49602, 51.61688], [-0.49584, 51.6177], [-0.49551, 51.61815], [-0.49539, 51.61848], [-0.49533, 51.61884], [-0.49532, 51.61894], [-0.49533, 51.61895], [-0.49538, 51.61912], [-0.49593, 51.61966], [-0.49617, 51.6198], [-0.49684, 51.62051], [-0.49693, 51.62058], [-0.49765, 51.62078], [-0.49911, 51.62103], [-0.50012, 51.62206], [-0.50012, 51.6223], [-0.50001, 51.62265], [-0.49998, 51.62278], [-0.49997, 51.62285], [-0.50005, 51.62365], [-0.4985, 51.62466], [-0.49849, 51.62466], [-0.49839, 51.62473], [-0.49842, 51.6247], [-0.49837, 51.62474], [-0.49836, 51.62476], [-0.4983, 51.62492], [-0.49831, 51.62483], [-0.4981, 51.62544], [-0.49809, 51.62545], [-0.49803, 51.62549], [-0.49792, 51.62562], [-0.49784, 51.62576], [-0.49783, 51.62576], [-0.49773, 51.62608], [-0.4977, 51.6262], [-0.49763, 51.62653], [-0.49764, 51.62661], [-0.49764, 51.62662], [-0.49764, 51.62663], [-0.49766, 51.62678], [-0.4977, 51.62686], [-0.49778, 51.62695], [-0.50014, 51.62866], [-0.49961, 51.62943], [-0.49923, 51.63047], [-0.49818, 51.63106], [-0.49713, 51.63168], [-0.49615, 51.63174], [-0.49552, 51.63117], [-0.49421, 51.63105], [-0.49348, 51.63056], [-0.49154, 51.63076], [-0.49182, 51.63065], [-0.49152, 51.63075], [-0.48818, 51.62696], [-0.48814, 51.62694], [-0.48812, 51.62693], [-0.48805, 51.6269], [-0.47867, 51.6225], [-0.47664, 51.62185], [-0.46915, 51.61684], [-0.46584, 51.61534], [-0.46445, 51.61477], [-0.45843, 51.61269], [-0.46007, 51.61273]], [[-0.48982, 51.62869], [-0.48989, 51.62877], [-0.48974, 51.62843], [-0.48982, 51.62869]], [[-0.49334, 51.62656], [-0.49352, 51.62703], [-0.49433, 51.62737], [-0.49496, 51.6253], [-0.49187, 51.6273], [-0.48917, 51.62792], [-0.48925, 51.62806], [-0.49152, 51.62759], [-0.49334, 51.62656]], [[-0.47545, 51.62093], [-0.4756, 51.62098], [-0.47573, 51.6211], [-0.47563, 51.62098], [-0.47545, 51.62093]], [[-0.47375, 51.61977], [-0.47405, 51.62003], [-0.47506, 51.62067], [-0.47375, 51.61977]], [[-0.48547, 51.61478], [-0.48431, 51.61571], [-0.48543, 51.61603], [-0.48617, 51.61495], [-0.4844, 51.61268], [-0.48323, 51.61371], [-0.48547, 51.61478]]], [[[-0.49756, 51.62075], [-0.49688, 51.62053], [-0.4986, 51.62092], [-0.49756, 51.62075]]], [[[-0.4955, 51.61919], [-0.49533, 51.61895], [-0.49608, 51.61971], [-0.4955, 51.61919]]], [[[-0.49552, 51.61816], [-0.49581, 51.61778], [-0.49533, 51.61893], [-0.49552, 51.61816]]], [[[-0.49607, 51.61682], [-0.49646, 51.61623], [-0.496, 51.61734], [-0.49607, 51.61682]]], [[[-0.49786, 51.61415], [-0.4979, 51.61407], [-0.49779, 51.61438], [-0.49786, 51.61415]]], [[[-0.4979, 51.61323], [-0.49825, 51.61272], [-0.49854, 51.61216], [-0.4986, 51.61147], [-0.49786, 51.61331], [-0.49776, 51.61444], [-0.49727, 51.61474], [-0.49756, 51.61303], [-0.49861, 51.61064], [-0.49891, 51.61109], [-0.49795, 51.61393], [-0.4979, 51.61323]]], [[[-0.49879, 51.61068], [-0.49893, 51.61017], [-0.49894, 51.61104], [-0.49879, 51.61068]]], [[[-0.4984, 51.60959], [-0.49838, 51.60941], [-0.49892, 51.61014], [-0.4984, 51.60959]]], [[[-0.49626, 51.60245], [-0.49658, 51.60271], [-0.49635, 51.60259], [-0.49626, 51.60245]]], [[[-0.49668, 51.60142], [-0.49625, 51.60243], [-0.49624, 51.60254], [-0.49712, 51.60327], [-0.49718, 51.60452], [-0.4966, 51.60358], [-0.49187, 51.59859], [-0.49024, 51.59732], [-0.48856, 51.59518], [-0.48841, 51.59363], [-0.48605, 51.58737], [-0.48777, 51.58676], [-0.49339, 51.58395], [-0.49483, 51.58478], [-0.49494, 51.58655], [-0.49574, 51.58812], [-0.49721, 51.58934], [-0.49791, 51.59096], [-0.49795, 51.59099], [-0.49802, 51.59101], [-0.49882, 51.59122], [-0.49862, 51.5919], [-0.49954, 51.59214], [-0.49878, 51.59308], [-0.49856, 51.59444], [-0.4994, 51.59532], [-0.49961, 51.59665], [-0.49964, 51.59671], [-0.49995, 51.59743], [-0.50054, 51.59852], [-0.50052, 51.59931], [-0.50058, 51.59986], [-0.50077, 51.60034], [-0.50069, 51.60045], [-0.50067, 51.60048], [-0.50017, 51.60123], [-0.49923, 51.60137], [-0.49812, 51.60091], [-0.49739, 51.60096], [-0.49738, 51.60096], [-0.4972, 51.60103], [-0.49674, 51.60135], [-0.49668, 51.60142]], [[-0.49787, 51.60089], [-0.49753, 51.60092], [-0.49739, 51.60096], [-0.49787, 51.60089]], [[-0.49689, 51.60121], [-0.49713, 51.60107], [-0.49701, 51.60113], [-0.49689, 51.60121]]], [[[-0.49319, 51.58384], [-0.49258, 51.58429], [-0.48602, 51.58723], [-0.48166, 51.57159], [-0.4816, 51.56932], [-0.48256, 51.56679], [-0.48195, 51.56256], [-0.48278, 51.56285], [-0.48225, 51.56392], [-0.48322, 51.56514], [-0.48267, 51.56564], [-0.48258, 51.56568], [-0.4826, 51.5657], [-0.48258, 51.56573], [-0.48476, 51.56687], [-0.48401, 51.5712], [-0.48414, 51.5715], [-0.48421, 51.57158], [-0.48501, 51.57224], [-0.48545, 51.57384], [-0.48454, 51.5743], [-0.48398, 51.57509], [-0.48412, 51.57528], [-0.48425, 51.57534], [-0.48805, 51.57646], [-0.48808, 51.57693], [-0.48822, 51.57703], [-0.48886, 51.57727], [-0.48942, 51.57816], [-0.48855, 51.57962], [-0.48958, 51.58173], [-0.49248, 51.58343], [-0.49213, 51.58329], [-0.49319, 51.58384]], [[-0.4886, 51.57943], [-0.48856, 51.5795], [-0.48855, 51.57962], [-0.4886, 51.57943]], [[-0.48345, 51.5664], [-0.48311, 51.56618], [-0.48331, 51.56635], [-0.48345, 51.5664]], [[-0.48454, 51.56757], [-0.4844, 51.56801], [-0.48436, 51.56815], [-0.48454, 51.56757]], [[-0.48463, 51.5673], [-0.48472, 51.567], [-0.4846, 51.56735], [-0.48454, 51.56757], [-0.48463, 51.5673]], [[-0.48409, 51.57031], [-0.48405, 51.57072], [-0.48408, 51.57058], [-0.48409, 51.57031]], [[-0.48412, 51.57473], [-0.48435, 51.57449], [-0.48417, 51.57467], [-0.48412, 51.57473]], [[-0.48858, 51.57975], [-0.48863, 51.57992], [-0.4887, 51.58021], [-0.48891, 51.5807], [-0.48858, 51.57975]], [[-0.4892, 51.5811], [-0.48902, 51.58088], [-0.48931, 51.58128], [-0.4892, 51.5811]], [[-0.49051, 51.58247], [-0.48992, 51.58207], [-0.49048, 51.58248], [-0.49082, 51.58269], [-0.49051, 51.58247]], [[-0.483, 51.56519], [-0.48291, 51.56538], [-0.48298, 51.5653], [-0.483, 51.56519]]], [[[-0.48119, 51.56215], [-0.48131, 51.56232], [-0.48168, 51.56247], [-0.48236, 51.56708], [-0.48143, 51.56954], [-0.48144, 51.57157], [-0.48582, 51.58729], [-0.48271, 51.58849], [-0.48244, 51.58823], [-0.48205, 51.58836], [-0.48139, 51.58694], [-0.48014, 51.587], [-0.478, 51.58792], [-0.47491, 51.58627], [-0.47117, 51.58359], [-0.47086, 51.58283], [-0.4712, 51.58113], [-0.47065, 51.57883], [-0.4708, 51.5771], [-0.46973, 51.57507], [-0.46851, 51.57454], [-0.46794, 51.574], [-0.46582, 51.56765], [-0.4677, 51.56657], [-0.46855, 51.5651], [-0.46943, 51.56546], [-0.47148, 51.5631], [-0.47229, 51.56049], [-0.47032, 51.55967], [-0.46967, 51.55911], [-0.47712, 51.55979], [-0.47741, 51.56027], [-0.48043, 51.56083], [-0.4806, 51.56083], [-0.48103, 51.56073], [-0.48075, 51.56178], [-0.48279, 51.56282], [-0.48119, 51.56215]]], [[[-0.47243, 51.55896], [-0.4697, 51.55822], [-0.47201, 51.55801], [-0.4723, 51.55823], [-0.47202, 51.55841], [-0.47261, 51.55832], [-0.47306, 51.55866], [-0.47425, 51.55834], [-0.47595, 51.5556], [-0.4766, 51.55573], [-0.47687, 51.55513], [-0.47823, 51.55421], [-0.47899, 51.55467], [-0.47775, 51.55485], [-0.47733, 51.55527], [-0.4766, 51.55803], [-0.47689, 51.55956], [-0.47243, 51.55896]], [[-0.47663, 51.55901], [-0.47665, 51.55903], [-0.47669, 51.55896], [-0.47663, 51.55901]]], [[[-0.48912, 51.54586], [-0.49058, 51.54602], [-0.4908, 51.54542], [-0.49046, 51.54529], [-0.49181, 51.54211], [-0.48959, 51.54178], [-0.49054, 51.54124], [-0.49164, 51.54101], [-0.49158, 51.54082], [-0.49358, 51.54097], [-0.49182, 51.54157], [-0.49181, 51.54157], [-0.49179, 51.5416], [-0.49203, 51.54258], [-0.49078, 51.545], [-0.49079, 51.54507], [-0.49085, 51.54514], [-0.49096, 51.54521], [-0.49156, 51.54534], [-0.49134, 51.54609], [-0.48937, 51.54633], [-0.48923, 51.54644], [-0.48921, 51.54661], [-0.48944, 51.5472], [-0.48854, 51.54729], [-0.48912, 51.54586]], [[-0.49204, 51.54142], [-0.49189, 51.5415], [-0.49182, 51.54157], [-0.49204, 51.54142]]], [[[-0.49418, 51.53993], [-0.49354, 51.5408], [-0.49299, 51.54074], [-0.49509, 51.5387], [-0.49244, 51.53899], [-0.49137, 51.53975], [-0.49199, 51.5392], [-0.49259, 51.53891], [-0.49472, 51.53859], [-0.49455, 51.53838], [-0.49517, 51.53819], [-0.49439, 51.53762], [-0.49376, 51.53661], [-0.49205, 51.53606], [-0.49035, 51.53439], [-0.4892, 51.52961], [-0.48848, 51.52939], [-0.48637, 51.52991], [-0.48614, 51.53014], [-0.48603, 51.52989], [-0.48897, 51.52909], [-0.48989, 51.53069], [-0.4899, 51.53052], [-0.49013, 51.53207], [-0.49117, 51.53325], [-0.49048, 51.53416], [-0.49121, 51.53432], [-0.49148, 51.53481], [-0.49165, 51.53498], [-0.49327, 51.53587], [-0.49448, 51.53744], [-0.49463, 51.5376], [-0.49469, 51.53765], [-0.4951, 51.53799], [-0.49548, 51.53842], [-0.49527, 51.53872], [-0.49475, 51.53913], [-0.49456, 51.53935], [-0.49432, 51.53977], [-0.49521, 51.53881], [-0.49362, 51.54095], [-0.49418, 51.53993]]], [[[-0.48897, 51.52903], [-0.48596, 51.52975], [-0.48573, 51.52852], [-0.48627, 51.52625], [-0.48603, 51.52479], [-0.48471, 51.52191], [-0.48277, 51.51969], [-0.48223, 51.51951], [-0.47931, 51.51702], [-0.47975, 51.51469], [-0.47887, 51.51162], [-0.48287, 51.51207], [-0.48461, 51.51141], [-0.4853, 51.51027], [-0.48623, 51.51027], [-0.48631, 51.51048], [-0.48642, 51.51051], [-0.48679, 51.51048], [-0.48638, 51.51048], [-0.48633, 51.51031], [-0.4868, 51.51048], [-0.48965, 51.51149], [-0.48992, 51.51333], [-0.48971, 51.51244], [-0.48987, 51.51342], [-0.48963, 51.51377], [-0.48987, 51.5135], [-0.4895, 51.51396], [-0.48956, 51.51414], [-0.49112, 51.5152], [-0.491, 51.51517], [-0.49137, 51.51553], [-0.49233, 51.51708], [-0.49163, 51.5189], [-0.49037, 51.52017], [-0.49115, 51.52132], [-0.4905, 51.52263], [-0.4902, 51.5248], [-0.49082, 51.52644], [-0.48946, 51.52762], [-0.48897, 51.52907], [-0.48897, 51.52903]], [[-0.49034, 51.52019], [-0.49034, 51.52055], [-0.49039, 51.52062], [-0.49037, 51.52017], [-0.49034, 51.52019]], [[-0.48914, 51.52823], [-0.48908, 51.52833], [-0.48907, 51.52838], [-0.48914, 51.52823]], [[-0.48965, 51.5274], [-0.48955, 51.5275], [-0.48968, 51.52738], [-0.48965, 51.5274]], [[-0.49042, 51.51995], [-0.49048, 51.5198], [-0.49042, 51.51992], [-0.49042, 51.51995]], [[-0.4906, 51.51969], [-0.49057, 51.5197], [-0.49056, 51.51971], [-0.4906, 51.51969]], [[-0.48832, 51.51111], [-0.48753, 51.51083], [-0.48742, 51.51085], [-0.48874, 51.51135], [-0.48832, 51.51111]]], [[[-0.48555, 51.51009], [-0.48554, 51.51003], [-0.48591, 51.51016], [-0.48555, 51.51009]]], [[[-0.48554, 51.50985], [-0.48585, 51.50984], [-0.48555, 51.51002], [-0.48554, 51.50985]]], [[[-0.48496, 51.50929], [-0.48489, 51.5091], [-0.48575, 51.50976], [-0.48496, 51.50929]]], [[[-0.48435, 51.50871], [-0.48427, 51.50861], [-0.48449, 51.50878], [-0.48435, 51.50871]]], [[[-0.48359, 51.50808], [-0.48358, 51.50805], [-0.48356, 51.5079], [-0.48383, 51.50786], [-0.48359, 51.50808]]], [[[-0.48337, 51.50733], [-0.48329, 51.50724], [-0.48327, 51.50721], [-0.48324, 51.50718], [-0.48327, 51.5069], [-0.48358, 51.50745], [-0.48337, 51.50733]]], [[[-0.48147, 51.50632], [-0.48016, 51.50487], [-0.48069, 51.50428], [-0.48015, 51.50384], [-0.48075, 51.50376], [-0.48075, 51.5034], [-0.48137, 51.50308], [-0.4823, 51.5017], [-0.48233, 51.50066], [-0.48344, 51.50099], [-0.48552, 51.50236], [-0.48469, 51.5036], [-0.48526, 51.50402], [-0.4849, 51.50436], [-0.4849, 51.50437], [-0.4849, 51.50439], [-0.48489, 51.5044], [-0.48491, 51.50443], [-0.4851, 51.50517], [-0.48395, 51.50569], [-0.48318, 51.5067], [-0.48147, 51.50632]]], [[[-0.48339, 51.50076], [-0.48191, 51.50047], [-0.48085, 51.49974], [-0.48032, 51.50002], [-0.48031, 51.50047], [-0.47959, 51.50055], [-0.47695, 51.50226], [-0.47662, 51.50213], [-0.47637, 51.50239], [-0.47621, 51.50187], [-0.47455, 51.50172], [-0.47377, 51.50342], [-0.47204, 51.50325], [-0.47179, 51.50408], [-0.47128, 51.50419], [-0.47214, 51.49951], [-0.4755, 51.49963], [-0.47576, 51.49902], [-0.47772, 51.49896], [-0.47938, 51.4947], [-0.48732, 51.4948], [-0.48867, 51.49502], [-0.48964, 51.49544], [-0.48961, 51.49553], [-0.48878, 51.49594], [-0.4887, 51.49597], [-0.48865, 51.49683], [-0.48908, 51.49744], [-0.4895, 51.49756], [-0.48947, 51.4976], [-0.48949, 51.49759], [-0.48947, 51.49761], [-0.48886, 51.49853], [-0.48885, 51.49856], [-0.48927, 51.49861], [-0.4889, 51.4986], [-0.48892, 51.49861], [-0.4896, 51.49865], [-0.48975, 51.49901], [-0.48961, 51.49917], [-0.48871, 51.5002], [-0.48798, 51.50026], [-0.48781, 51.50032], [-0.48774, 51.50033], [-0.4875, 51.50036], [-0.48759, 51.50033], [-0.48748, 51.50035], [-0.48724, 51.50097], [-0.48654, 51.50081], [-0.48638, 51.50081], [-0.48632, 51.50082], [-0.48629, 51.50084], [-0.48669, 51.50091], [-0.48626, 51.50086], [-0.4863, 51.50174], [-0.4856, 51.50222], [-0.48339, 51.50076]], [[-0.48889, 51.49847], [-0.48891, 51.49834], [-0.48886, 51.49853], [-0.48889, 51.49847]], [[-0.48884, 51.49857], [-0.48888, 51.49859], [-0.48885, 51.49856], [-0.48884, 51.49857]], [[-0.48929, 51.49943], [-0.48915, 51.49956], [-0.48901, 51.49973], [-0.48961, 51.49917], [-0.48929, 51.49943]], [[-0.48875, 51.49991], [-0.48877, 51.49998], [-0.48891, 51.4998], [-0.48875, 51.49991]], [[-0.4889, 51.49827], [-0.4889, 51.4983], [-0.48897, 51.49822], [-0.4889, 51.49827]]], [[[-0.48968, 51.49504], [-0.48951, 51.49519], [-0.48813, 51.49475], [-0.48343, 51.4945], [-0.48999, 51.49474], [-0.48997, 51.49485], [-0.48996, 51.49487], [-0.48968, 51.4954], [-0.48968, 51.49504]], [[-0.4899, 51.49496], [-0.48969, 51.49504], [-0.48987, 51.49498], [-0.4899, 51.49496]]], [[[-0.49048, 51.49414], [-0.4905, 51.49387], [-0.49088, 51.49371], [-0.49022, 51.49446], [-0.49048, 51.49414]]], [[[-0.49139, 51.49311], [-0.49141, 51.49311], [-0.49133, 51.49319], [-0.49139, 51.49311]]], [[[-0.49261, 51.49281], [-0.49326, 51.49283], [-0.49413, 51.49274], [-0.49242, 51.49295], [-0.49261, 51.49281]]], [[[-0.49479, 51.49259], [-0.49496, 51.49182], [-0.49533, 51.49201], [-0.49479, 51.49259]]], [[[-0.49494, 51.49171], [-0.49494, 51.49132], [-0.4953, 51.49196], [-0.49494, 51.49171]]], [[[-0.495, 51.49126], [-0.49503, 51.49125], [-0.49494, 51.49132], [-0.495, 51.49126]]], [[[-0.49603, 51.49053], [-0.49609, 51.49054], [-0.49598, 51.49055], [-0.49603, 51.49053]]], [[[-0.49677, 51.48857], [-0.4987, 51.48613], [-0.49896, 51.48668], [-0.49901, 51.48673], [-0.49905, 51.48677], [-0.49914, 51.48679], [-0.49959, 51.48685], [-0.49902, 51.48786], [-0.49911, 51.48847], [-0.49833, 51.48845], [-0.49822, 51.48849], [-0.49794, 51.48881], [-0.498, 51.489], [-0.49856, 51.4893], [-0.49835, 51.4894], [-0.49822, 51.48944], [-0.49811, 51.48946], [-0.49755, 51.48978], [-0.49725, 51.48982], [-0.49704, 51.48971], [-0.49673, 51.48979], [-0.49647, 51.48991], [-0.49642, 51.49003], [-0.49645, 51.49014], [-0.49671, 51.49017], [-0.49672, 51.49049], [-0.49603, 51.49053], [-0.49677, 51.48857]]], [[[-0.4989, 51.48568], [-0.49912, 51.48566], [-0.49896, 51.48582], [-0.4989, 51.48568]]], [[[-0.50211, 51.48191], [-0.50299, 51.48043], [-0.50299, 51.48129], [-0.50256, 51.48184], [-0.50211, 51.48191]]], [[[-0.48924, 51.54653], [-0.48931, 51.54639], [-0.48942, 51.54682], [-0.48924, 51.54653]]], [[[-0.49643, 51.49003], [-0.49665, 51.48984], [-0.4967, 51.49014], [-0.49643, 51.49003]]], [[[-0.49715, 51.48983], [-0.49721, 51.48987], [-0.49668, 51.48983], [-0.49715, 51.48983]]], [[[-0.49734, 51.48987], [-0.49737, 51.48988], [-0.49731, 51.48988], [-0.49734, 51.48987]]], [[[-0.49755, 51.48978], [-0.49766, 51.48975], [-0.49738, 51.48988], [-0.49755, 51.48978]]], [[[-0.49822, 51.48944], [-0.49828, 51.48944], [-0.49805, 51.48955], [-0.49822, 51.48944]]], [[[-0.498, 51.48893], [-0.49798, 51.48888], [-0.49816, 51.48899], [-0.498, 51.48893]]], [[[-0.49887, 51.48851], [-0.4989, 51.48854], [-0.4987, 51.48851], [-0.49887, 51.48851]]], [[[-0.36249, 51.62354], [-0.3618, 51.62373], [-0.36225, 51.62359], [-0.36249, 51.62354]]], [[[-0.50053, 51.59926], [-0.50057, 51.599], [-0.50059, 51.59953], [-0.50053, 51.59926]]], [[[-0.50063, 51.59993], [-0.50057, 51.59969], [-0.50075, 51.60006], [-0.50063, 51.59993]]], [[[-0.48049, 51.56082], [-0.48042, 51.56081], [-0.48065, 51.56077], [-0.48049, 51.56082]]], [[[-0.49029, 51.52485], [-0.49026, 51.52459], [-0.49041, 51.52509], [-0.49029, 51.52485]]], [[[-0.49955, 51.48694], [-0.49965, 51.48687], [-0.49957, 51.48701], [-0.49955, 51.48694]]], [[[-0.49914, 51.48679], [-0.49901, 51.48673], [-0.49934, 51.48678], [-0.49914, 51.48679]]], [[[-0.49448, 51.53744], [-0.49409, 51.53675], [-0.49517, 51.53805], [-0.49504, 51.53791], [-0.49448, 51.53744]]], [[[-0.49174, 51.53501], [-0.49165, 51.53495], [-0.49269, 51.5355], [-0.49174, 51.53501]]], [[[-0.4915, 51.53479], [-0.49149, 51.53475], [-0.49157, 51.53488], [-0.4915, 51.53479]]], [[[-0.49091, 51.54516], [-0.49081, 51.54505], [-0.49126, 51.54522], [-0.49091, 51.54516]]], [[[-0.48419, 51.5715], [-0.48409, 51.57128], [-0.48466, 51.57188], [-0.48419, 51.5715]]], [[[-0.48544, 51.57363], [-0.48541, 51.57344], [-0.48552, 51.5738], [-0.48544, 51.57363]]], [[[-0.48403, 51.57513], [-0.48454, 51.5753], [-0.48412, 51.57526], [-0.48403, 51.57513]]], [[[-0.48818, 51.57699], [-0.48812, 51.57694], [-0.48854, 51.57711], [-0.48818, 51.57699]]], [[[-0.4881, 51.57684], [-0.4881, 51.57678], [-0.48812, 51.57694], [-0.4881, 51.57684]]], [[[-0.48912, 51.57757], [-0.48936, 51.57799], [-0.48921, 51.57776], [-0.48912, 51.57757]]], [[[-0.49791, 51.59096], [-0.49808, 51.59101], [-0.49802, 51.59101], [-0.49791, 51.59096]]], [[[-0.49986, 51.59718], [-0.49964, 51.59671], [-0.50036, 51.59815], [-0.49986, 51.59718]]], [[[-0.48602, 51.50194], [-0.48615, 51.50189], [-0.48594, 51.50204], [-0.48602, 51.50194]]], [[[-0.48783, 51.50032], [-0.48798, 51.50029], [-0.488, 51.50029], [-0.48783, 51.50032]]], [[[-0.48915, 51.49744], [-0.48908, 51.49739], [-0.48929, 51.49747], [-0.48915, 51.49744]]], [[[-0.49998, 51.62278], [-0.50013, 51.62229], [-0.50008, 51.62307], [-0.49998, 51.62278]]], [[[-0.49776, 51.62691], [-0.49764, 51.62663], [-0.49871, 51.62749], [-0.49776, 51.62691]]], [[[-0.49784, 51.62576], [-0.49809, 51.62545], [-0.49764, 51.62661], [-0.49784, 51.62576]]], [[[-0.49818, 51.63106], [-0.49819, 51.63106], [-0.49831, 51.63102], [-0.49803, 51.63117], [-0.49818, 51.63106]]], [[[-0.49971, 51.62934], [-0.49998, 51.62914], [-0.49965, 51.62976], [-0.49971, 51.62934]]], [[[-0.39097, 51.61533], [-0.39209, 51.61524], [-0.39069, 51.61537], [-0.39097, 51.61533]]], [[[-0.39854, 51.61364], [-0.39942, 51.61342], [-0.39841, 51.61368], [-0.39854, 51.61364]]], [[[-0.46588, 51.61537], [-0.46665, 51.61574], [-0.46552, 51.61525], [-0.46588, 51.61537]]], [[[-0.34922, 51.62691], [-0.34988, 51.62675], [-0.35048, 51.62659], [-0.35049, 51.62658], [-0.35504, 51.62599], [-0.34922, 51.62691]]], [[[-0.35753, 51.62546], [-0.35897, 51.62537], [-0.3553, 51.62595], [-0.35753, 51.62546]]], [[[-0.32147, 51.63778], [-0.32281, 51.63755], [-0.3198, 51.63822], [-0.32147, 51.63778]]], [[[-0.31489, 51.63978], [-0.31667, 51.64053], [-0.3123, 51.63896], [-0.31489, 51.63978]]], [[[-0.303, 51.6363], [-0.3027, 51.63623], [-0.30281, 51.63619], [-0.303, 51.6363]]], [[[-0.28839, 51.63651], [-0.28828, 51.63651], [-0.28834, 51.6365], [-0.28839, 51.63651]]], [[[-0.30018, 51.63581], [-0.30069, 51.63598], [-0.29878, 51.63576], [-0.30018, 51.63581]]], [[[-0.28521, 51.6371], [-0.28505, 51.63718], [-0.28512, 51.63713], [-0.28521, 51.6371]]], [[[-0.27648, 51.63887], [-0.27449, 51.63873], [-0.27588, 51.63881], [-0.27648, 51.63887]]], [[[-0.2622, 51.64428], [-0.26229, 51.64434], [-0.26197, 51.64418], [-0.2622, 51.64428]]], [[[-0.26405, 51.64379], [-0.26418, 51.64383], [-0.26334, 51.64476], [-0.26405, 51.64379]]], [[[-0.25839, 51.64203], [-0.25839, 51.64207], [-0.25794, 51.64197], [-0.25839, 51.64203]]], [[[-0.24257, 51.65685], [-0.24307, 51.65682], [-0.24166, 51.65714], [-0.24257, 51.65685]]], [[[-0.24677, 51.65561], [-0.24692, 51.65557], [-0.24666, 51.65566], [-0.24677, 51.65561]]], [[[-0.23764, 51.65843], [-0.23791, 51.65837], [-0.23742, 51.65853], [-0.23764, 51.65843]]], [[[-0.22839, 51.65952], [-0.22843, 51.65979], [-0.22826, 51.65923], [-0.22839, 51.65952]]], [[[-0.22883, 51.65993], [-0.22888, 51.65997], [-0.22863, 51.65997], [-0.22883, 51.65993]]], [[[-0.233, 51.65862], [-0.2335, 51.65849], [-0.23199, 51.65898], [-0.233, 51.65862]]], [[[-0.2221, 51.65953], [-0.22243, 51.65938], [-0.22174, 51.65972], [-0.2221, 51.65953]]], [[[-0.22396, 51.65862], [-0.22446, 51.6584], [-0.22325, 51.65898], [-0.22396, 51.65862]]], [[[-0.2097, 51.6653], [-0.20787, 51.66287], [-0.21113, 51.66695], [-0.2097, 51.6653]]], [[[-0.20106, 51.67007], [-0.2033, 51.67013], [-0.19987, 51.67017], [-0.20106, 51.67007]]], [[[-0.20223, 51.66781], [-0.2025, 51.66887], [-0.20238, 51.66846], [-0.20223, 51.66781]]], [[[-0.20615, 51.66816], [-0.20564, 51.6686], [-0.20574, 51.66849], [-0.20615, 51.66816]]], [[[-0.49568, 51.49003], [-0.49565, 51.49079], [-0.49521, 51.49112], [-0.49568, 51.49003]]], [[[-0.49453, 51.49098], [-0.49499, 51.49022], [-0.49421, 51.49273], [-0.49365, 51.49272], [-0.49362, 51.49211], [-0.49453, 51.49098]]], [[[-0.49345, 51.49202], [-0.49345, 51.49276], [-0.49268, 51.49276], [-0.49199, 51.493], [-0.49345, 51.49202]]], [[[-0.48609, 51.59973], [-0.48548, 51.5996], [-0.4858, 51.59913], [-0.48518, 51.59906], [-0.48519, 51.5987], [-0.48472, 51.59868], [-0.48474, 51.59786], [-0.48319, 51.59709], [-0.48282, 51.59641], [-0.48506, 51.59628], [-0.48604, 51.59652], [-0.48782, 51.5952], [-0.4863, 51.59362], [-0.48752, 51.59325], [-0.48683, 51.5928], [-0.48591, 51.5912], [-0.48692, 51.59081], [-0.48666, 51.59169], [-0.48785, 51.59331], [-0.48826, 51.59546], [-0.48996, 51.59746], [-0.49165, 51.59875], [-0.49628, 51.60361], [-0.4971, 51.60487], [-0.4965, 51.60494], [-0.49745, 51.60727], [-0.49739, 51.60833], [-0.49624, 51.60714], [-0.49596, 51.60802], [-0.49509, 51.60779], [-0.49499, 51.60742], [-0.496, 51.60697], [-0.49527, 51.60656], [-0.48936, 51.60495], [-0.48687, 51.60471], [-0.4868, 51.60399], [-0.48762, 51.60397], [-0.48739, 51.60299], [-0.48669, 51.603], [-0.48667, 51.60243], [-0.48577, 51.60246], [-0.4846, 51.60206], [-0.48609, 51.59973]]], [[[-0.44739, 51.43615], [-0.44729, 51.4365], [-0.44733, 51.43633], [-0.44735, 51.43626], [-0.44739, 51.43615]]], [[[-0.44755, 51.43551], [-0.44771, 51.43503], [-0.44748, 51.43585], [-0.44755, 51.43551]]], [[[-0.45907, 51.45341], [-0.45929, 51.45271], [-0.459, 51.45385], [-0.45907, 51.45341]]], [[[-0.46148, 51.44904], [-0.46132, 51.45238], [-0.46141, 51.45032], [-0.46148, 51.44904]]], [[[-0.46143, 51.44899], [-0.46148, 51.44899], [-0.46143, 51.449], [-0.46143, 51.44899]]], [[[-0.45808, 51.4492], [-0.4575, 51.4491], [-0.46134, 51.449], [-0.45808, 51.4492]]], [[[-0.45732, 51.44425], [-0.4573, 51.44449], [-0.45372, 51.44465], [-0.45285, 51.44524], [-0.4526, 51.44574], [-0.45126, 51.44574], [-0.45174, 51.44778], [-0.44998, 51.44808], [-0.44887, 51.44637], [-0.44718, 51.44508], [-0.44575, 51.44458], [-0.4442, 51.4447], [-0.44361, 51.44508], [-0.4412, 51.44848], [-0.438, 51.44805], [-0.43733, 51.44833], [-0.43644, 51.44821], [-0.43682, 51.44739], [-0.43491, 51.44657], [-0.43464, 51.44625], [-0.43383, 51.44768], [-0.43115, 51.4471], [-0.43022, 51.44787], [-0.42974, 51.44894], [-0.43219, 51.44978], [-0.43194, 51.44998], [-0.42896, 51.45006], [-0.42778, 51.45039], [-0.42875, 51.44949], [-0.42904, 51.44873], [-0.42873, 51.44843], [-0.42999, 51.44692], [-0.42633, 51.44673], [-0.4248, 51.44622], [-0.42496, 51.44459], [-0.42579, 51.44441], [-0.42658, 51.44065], [-0.42578, 51.4374], [-0.42793, 51.43722], [-0.42842, 51.43511], [-0.42809, 51.43486], [-0.42642, 51.43472], [-0.42745, 51.43171], [-0.42588, 51.43174], [-0.4259, 51.43142], [-0.42356, 51.43119], [-0.4236, 51.43113], [-0.42358, 51.43109], [-0.42352, 51.43091], [-0.4242, 51.43098], [-0.42747, 51.43083], [-0.42685, 51.43083], [-0.42749, 51.43082], [-0.42783, 51.42929], [-0.42942, 51.42939], [-0.42953, 51.4288], [-0.43147, 51.42895], [-0.43154, 51.42895], [-0.43136, 51.42893], [-0.4319, 51.42897], [-0.43264, 51.42902], [-0.43998, 51.43063], [-0.43972, 51.43463], [-0.44074, 51.4347], [-0.44071, 51.43499], [-0.44155, 51.43564], [-0.44485, 51.4358], [-0.4448, 51.4362], [-0.44733, 51.43633], [-0.44629, 51.44], [-0.45292, 51.43864], [-0.45645, 51.43823], [-0.4558, 51.44015], [-0.45534, 51.44218], [-0.45557, 51.44228], [-0.45629, 51.44253], [-0.45744, 51.443], [-0.45732, 51.44446], [-0.45732, 51.44425]], [[-0.42766, 51.4304], [-0.42783, 51.4294], [-0.42765, 51.43034], [-0.42749, 51.43082], [-0.42766, 51.4304]], [[-0.43939, 51.4415], [-0.4421, 51.44092], [-0.44059, 51.43657], [-0.44069, 51.43604], [-0.43953, 51.43598], [-0.43922, 51.43606], [-0.43874, 51.43763], [-0.44023, 51.43781], [-0.43939, 51.4415]]], [[[-0.42354, 51.43104], [-0.42355, 51.43103], [-0.42358, 51.43109], [-0.42354, 51.43104]]], [[[-0.42231, 51.43177], [-0.42118, 51.43216], [-0.42276, 51.4315], [-0.42231, 51.43177]]], [[[-0.41885, 51.43227], [-0.41861, 51.43212], [-0.41904, 51.43234], [-0.41885, 51.43227]]], [[[-0.4175, 51.43197], [-0.4173, 51.43192], [-0.41826, 51.43187], [-0.4175, 51.43197]]], [[[-0.4177, 51.43203], [-0.41836, 51.43187], [-0.41855, 51.43208], [-0.41791, 51.43285], [-0.41729, 51.43302], [-0.41846, 51.43499], [-0.41688, 51.43595], [-0.41233, 51.43728], [-0.41269, 51.43639], [-0.41206, 51.43547], [-0.40627, 51.4348], [-0.40393, 51.43068], [-0.40494, 51.43072], [-0.40445, 51.43058], [-0.40519, 51.42915], [-0.40418, 51.42886], [-0.40391, 51.4295], [-0.40327, 51.42973], [-0.40271, 51.42951], [-0.40135, 51.43029], [-0.39801, 51.43135], [-0.39818, 51.43232], [-0.40008, 51.43527], [-0.4026, 51.43812], [-0.404, 51.43908], [-0.40036, 51.44168], [-0.40275, 51.44335], [-0.39999, 51.44528], [-0.39976, 51.44518], [-0.40008, 51.4449], [-0.39721, 51.44373], [-0.3967, 51.44423], [-0.39751, 51.44457], [-0.39665, 51.44515], [-0.39601, 51.44611], [-0.3969, 51.44693], [-0.39573, 51.44707], [-0.39549, 51.44792], [-0.39637, 51.44843], [-0.40208, 51.44881], [-0.40213, 51.44905], [-0.40291, 51.44886], [-0.40321, 51.44921], [-0.39103, 51.45108], [-0.39148, 51.45159], [-0.39186, 51.45153], [-0.39235, 51.45239], [-0.39391, 51.45386], [-0.3969, 51.45414], [-0.39891, 51.4549], [-0.39953, 51.45538], [-0.40096, 51.45565], [-0.40043, 51.45663], [-0.40241, 51.45879], [-0.40194, 51.45889], [-0.40229, 51.4596], [-0.40395, 51.45961], [-0.4033, 51.45981], [-0.40312, 51.46088], [-0.40317, 51.46344], [-0.40373, 51.46428], [-0.40438, 51.4641], [-0.4051, 51.46481], [-0.40729, 51.46382], [-0.40998, 51.46305], [-0.41081, 51.46371], [-0.41145, 51.46379], [-0.41475, 51.46236], [-0.4151, 51.46315], [-0.41579, 51.46352], [-0.41311, 51.46473], [-0.41475, 51.46504], [-0.41469, 51.46546], [-0.4158, 51.46645], [-0.41673, 51.466], [-0.41764, 51.46623], [-0.418, 51.46568], [-0.4198, 51.46604], [-0.42021, 51.46714], [-0.4144, 51.4689], [-0.41366, 51.46804], [-0.41251, 51.46844], [-0.41016, 51.46716], [-0.40945, 51.46768], [-0.4105, 51.46874], [-0.41111, 51.4686], [-0.41147, 51.46898], [-0.41164, 51.46973], [-0.41113, 51.46989], [-0.4113, 51.47037], [-0.41301, 51.46966], [-0.41498, 51.4721], [-0.41713, 51.47407], [-0.41804, 51.47556], [-0.41903, 51.476], [-0.42043, 51.47623], [-0.42065, 51.47781], [-0.41806, 51.47789], [-0.41845, 51.47858], [-0.41874, 51.48059], [-0.41751, 51.48053], [-0.4175, 51.48116], [-0.41565, 51.48079], [-0.41578, 51.4804], [-0.41531, 51.48028], [-0.41508, 51.4795], [-0.4145, 51.47932], [-0.41544, 51.47906], [-0.41454, 51.47621], [-0.41257, 51.47624], [-0.41275, 51.47553], [-0.4123, 51.47568], [-0.41082, 51.47379], [-0.41278, 51.47309], [-0.40969, 51.46897], [-0.40848, 51.46942], [-0.40879, 51.4697], [-0.40701, 51.47028], [-0.40716, 51.47041], [-0.40607, 51.47112], [-0.40603, 51.47174], [-0.40522, 51.47203], [-0.40365, 51.47205], [-0.40347, 51.4709], [-0.40443, 51.47058], [-0.40434, 51.46982], [-0.4057, 51.47078], [-0.40648, 51.47029], [-0.40781, 51.4684], [-0.40664, 51.46742], [-0.40395, 51.46911], [-0.40252, 51.46783], [-0.40058, 51.46667], [-0.40209, 51.46539], [-0.40008, 51.4636], [-0.39917, 51.46168], [-0.39922, 51.46118], [-0.39619, 51.4612], [-0.39614, 51.4627], [-0.39428, 51.46333], [-0.39305, 51.4612], [-0.38696, 51.46318], [-0.38507, 51.46106], [-0.38491, 51.46051], [-0.38199, 51.45872], [-0.37723, 51.45879], [-0.37441, 51.45956], [-0.37302, 51.45753], [-0.37526, 51.45627], [-0.37647, 51.45526], [-0.37526, 51.45621], [-0.37452, 51.4552], [-0.37589, 51.45385], [-0.37747, 51.45448], [-0.38032, 51.45225], [-0.38479, 51.45205], [-0.38986, 51.45138], [-0.38964, 51.4505], [-0.3873, 51.45055], [-0.38706, 51.44954], [-0.38598, 51.4488], [-0.38484, 51.44689], [-0.38385, 51.44608], [-0.38421, 51.44579], [-0.38416, 51.44576], [-0.38551, 51.44454], [-0.38666, 51.44494], [-0.3892, 51.44528], [-0.38908, 51.44562], [-0.38975, 51.44569], [-0.38989, 51.44631], [-0.39077, 51.44706], [-0.39504, 51.44409], [-0.39603, 51.44452], [-0.39701, 51.44363], [-0.3946, 51.44258], [-0.39402, 51.44291], [-0.39445, 51.44252], [-0.39208, 51.44159], [-0.39162, 51.44197], [-0.39121, 51.4418], [-0.39164, 51.44141], [-0.38986, 51.44052], [-0.39067, 51.43965], [-0.39033, 51.43952], [-0.39081, 51.43888], [-0.39128, 51.43894], [-0.39225, 51.43593], [-0.39369, 51.43574], [-0.39451, 51.43483], [-0.39315, 51.43359], [-0.3955, 51.43256], [-0.39334, 51.431], [-0.39597, 51.42922], [-0.39552, 51.42833], [-0.39617, 51.42787], [-0.39646, 51.42717], [-0.39478, 51.42766], [-0.39366, 51.42709], [-0.38935, 51.42692], [-0.39033, 51.42821], [-0.3895, 51.42857], [-0.38873, 51.42804], [-0.38791, 51.42862], [-0.38793, 51.42862], [-0.38671, 51.4296], [-0.38529, 51.428], [-0.3861, 51.42782], [-0.38636, 51.42734], [-0.38708, 51.42717], [-0.38693, 51.42689], [-0.38725, 51.42671], [-0.38408, 51.42269], [-0.38415, 51.42239], [-0.38301, 51.42171], [-0.38127, 51.41868], [-0.3829, 51.41859], [-0.38281, 51.41822], [-0.38525, 51.41936], [-0.38664, 51.42008], [-0.38742, 51.42045], [-0.39134, 51.42235], [-0.39132, 51.42232], [-0.39217, 51.42264], [-0.39259, 51.42277], [-0.39324, 51.42296], [-0.39401, 51.42314], [-0.39486, 51.4233], [-0.39613, 51.42346], [-0.39745, 51.42354], [-0.39877, 51.42356], [-0.40025, 51.42349], [-0.40146, 51.42336], [-0.40228, 51.42322], [-0.40262, 51.42315], [-0.40201, 51.42325], [-0.40536, 51.42248], [-0.40263, 51.42315], [-0.40537, 51.42249], [-0.40844, 51.42383], [-0.40873, 51.42494], [-0.40898, 51.42545], [-0.41082, 51.42733], [-0.41134, 51.4276], [-0.41156, 51.42766], [-0.41305, 51.42785], [-0.41239, 51.42877], [-0.4143, 51.42929], [-0.41375, 51.43007], [-0.41381, 51.43008], [-0.41789, 51.43104], [-0.4173, 51.43192], [-0.41729, 51.43192], [-0.41726, 51.43197], [-0.4175, 51.43197], [-0.4177, 51.43203]], [[-0.3871, 51.42818], [-0.38734, 51.42848], [-0.38791, 51.42862], [-0.3871, 51.42818]], [[-0.38457, 51.42177], [-0.38475, 51.42148], [-0.38417, 51.42237], [-0.38457, 51.42177]], [[-0.38508, 51.42113], [-0.38512, 51.42107], [-0.38516, 51.42098], [-0.38475, 51.42148], [-0.38508, 51.42113]], [[-0.38773, 51.44938], [-0.38765, 51.44937], [-0.38782, 51.44944], [-0.38773, 51.44938]], [[-0.38731, 51.44904], [-0.38722, 51.44894], [-0.38715, 51.44888], [-0.38697, 51.44872], [-0.38638, 51.44827], [-0.38747, 51.44924], [-0.38731, 51.44904]], [[-0.38625, 51.44812], [-0.38637, 51.44826], [-0.38624, 51.44805], [-0.38625, 51.44812]], [[-0.38639, 51.44754], [-0.38638, 51.44762], [-0.38639, 51.44758], [-0.38639, 51.44754]], [[-0.38641, 51.44728], [-0.38639, 51.44734], [-0.38638, 51.44751], [-0.38641, 51.44728]], [[-0.38627, 51.44691], [-0.38627, 51.44702], [-0.38632, 51.44711], [-0.38627, 51.44691]], [[-0.38626, 51.44679], [-0.38624, 51.44673], [-0.38622, 51.44671], [-0.38619, 51.4467], [-0.38626, 51.44679]], [[-0.38547, 51.42073], [-0.38569, 51.42085], [-0.38588, 51.42092], [-0.38598, 51.42096], [-0.38632, 51.42108], [-0.38547, 51.42073]], [[-0.38872, 51.42211], [-0.38822, 51.42188], [-0.38774, 51.42168], [-0.38872, 51.42211]], [[-0.39102, 51.42314], [-0.39104, 51.42315], [-0.39105, 51.4231], [-0.39104, 51.4231], [-0.39102, 51.42314]], [[-0.39275, 51.42344], [-0.39281, 51.42337], [-0.39118, 51.42317], [-0.39275, 51.42344]], [[-0.3926, 51.42318], [-0.39248, 51.42314], [-0.39284, 51.42334], [-0.3926, 51.42318]], [[-0.41137, 51.47051], [-0.41149, 51.47057], [-0.41133, 51.47044], [-0.41137, 51.47051]], [[-0.41378, 51.47246], [-0.41389, 51.47249], [-0.41331, 51.47202], [-0.41378, 51.47246]], [[-0.41438, 51.4728], [-0.41447, 51.473], [-0.41441, 51.47284], [-0.41438, 51.4728]], [[-0.41468, 51.47336], [-0.41457, 51.47321], [-0.41462, 51.4733], [-0.41468, 51.47336]], [[-0.41505, 51.47352], [-0.41497, 51.47351], [-0.41531, 51.4736], [-0.41505, 51.47352]], [[-0.41536, 51.47531], [-0.41531, 51.47537], [-0.4151, 51.47575], [-0.41536, 51.47531]], [[-0.41489, 51.47686], [-0.41489, 51.47691], [-0.41489, 51.47692], [-0.41492, 51.47666], [-0.41489, 51.47686]], [[-0.41522, 51.4776], [-0.4149, 51.47696], [-0.41505, 51.47734], [-0.41522, 51.4776]], [[-0.41591, 51.47909], [-0.41572, 51.47875], [-0.41574, 51.4788], [-0.41591, 51.47909]], [[-0.4163, 51.47991], [-0.41632, 51.47994], [-0.41625, 51.47975], [-0.4163, 51.47991]], [[-0.41644, 51.48004], [-0.41652, 51.48013], [-0.41648, 51.48007], [-0.41644, 51.48004]], [[-0.41669, 51.48043], [-0.41668, 51.48042], [-0.41668, 51.48047], [-0.4167, 51.4805], [-0.41672, 51.48052], [-0.41669, 51.48043]], [[-0.41677, 51.48067], [-0.41683, 51.48085], [-0.41683, 51.48082], [-0.41677, 51.48067]]], [[[-0.38769, 51.41933], [-0.38665, 51.42007], [-0.38703, 51.41975], [-0.38769, 51.41933]]], [[[-0.38686, 51.41985], [-0.38267, 51.41784], [-0.3815, 51.41532], [-0.37846, 51.41513], [-0.37802, 51.41362], [-0.37975, 51.41364], [-0.3862, 51.4144], [-0.38659, 51.41502], [-0.38643, 51.4153], [-0.38642, 51.41537], [-0.38651, 51.41653], [-0.38653, 51.41661], [-0.38676, 51.41765], [-0.38766, 51.41927], [-0.38727, 51.41886], [-0.38768, 51.41932], [-0.38686, 51.41985]], [[-0.38714, 51.41864], [-0.38722, 51.41877], [-0.38704, 51.41837], [-0.38714, 51.41864]]], [[[-0.3866, 51.41508], [-0.38675, 51.41747], [-0.38653, 51.41661], [-0.3866, 51.41508]]], [[[-0.41087, 51.42734], [-0.41109, 51.42739], [-0.41106, 51.42744], [-0.41087, 51.42734]]], [[[-0.4235, 51.43088], [-0.42538, 51.43085], [-0.4242, 51.43098], [-0.4235, 51.43088]]], [[[-0.39962, 51.42351], [-0.39836, 51.42354], [-0.40152, 51.42333], [-0.39962, 51.42351]]], [[[-0.39634, 51.42346], [-0.39473, 51.42326], [-0.39781, 51.42353], [-0.39634, 51.42346]]], [[[-0.39258, 51.42276], [-0.39154, 51.42238], [-0.39437, 51.4232], [-0.39258, 51.42276]]], [[[-0.45601, 51.43981], [-0.45619, 51.43925], [-0.45588, 51.44038], [-0.45601, 51.43981]]], [[[-0.45539, 51.44212], [-0.45672, 51.44269], [-0.45629, 51.44253], [-0.45546, 51.44221], [-0.45539, 51.44212]]], [[[-0.40878, 51.42496], [-0.40877, 51.42477], [-0.40893, 51.42524], [-0.40878, 51.42496]]], [[[-0.44792, 51.44872], [-0.45745, 51.44682], [-0.45746, 51.44909], [-0.4575, 51.4491], [-0.45805, 51.44921], [-0.45758, 51.45276], [-0.45515, 51.45297], [-0.45503, 51.45389], [-0.45444, 51.45393], [-0.45453, 51.45466], [-0.45507, 51.45477], [-0.45446, 51.45501], [-0.44843, 51.45368], [-0.44443, 51.45332], [-0.44792, 51.44872]]], [[[-0.48952, 51.4804], [-0.48957, 51.48078], [-0.48849, 51.48116], [-0.48858, 51.48146], [-0.48785, 51.48137], [-0.4879, 51.48162], [-0.48741, 51.48161], [-0.48769, 51.4805], [-0.48822, 51.48048], [-0.48903, 51.47988], [-0.489, 51.47929], [-0.4912, 51.47907], [-0.49136, 51.4797], [-0.49009, 51.47967], [-0.49017, 51.48018], [-0.48952, 51.4804]]], [[[-0.48911, 51.48249], [-0.49057, 51.48161], [-0.49166, 51.48148], [-0.49233, 51.48066], [-0.49299, 51.48052], [-0.49265, 51.48025], [-0.49294, 51.47985], [-0.49275, 51.47916], [-0.49407, 51.47892], [-0.49395, 51.47916], [-0.49446, 51.47968], [-0.49222, 51.48331], [-0.49153, 51.48349], [-0.48783, 51.48334], [-0.48599, 51.48304], [-0.48611, 51.4825], [-0.4884, 51.48244], [-0.48766, 51.48304], [-0.48818, 51.48321], [-0.48875, 51.48306], [-0.48911, 51.48249]]], [[[-0.45693, 51.48411], [-0.46275, 51.48414], [-0.46325, 51.48123], [-0.46549, 51.4815], [-0.46548, 51.48346], [-0.46634, 51.48347], [-0.46631, 51.48419], [-0.46788, 51.48434], [-0.46934, 51.48172], [-0.47245, 51.48185], [-0.47236, 51.48417], [-0.47605, 51.4842], [-0.47605, 51.48891], [-0.47574, 51.48903], [-0.47542, 51.48835], [-0.47484, 51.48841], [-0.47431, 51.4891], [-0.45987, 51.48936], [-0.45892, 51.48973], [-0.45867, 51.4895], [-0.45788, 51.48964], [-0.45742, 51.48931], [-0.45706, 51.48826], [-0.45657, 51.48823], [-0.45643, 51.48766], [-0.4569, 51.48764], [-0.45686, 51.48645], [-0.45625, 51.4864], [-0.45693, 51.48411]]], [[[-0.45591, 51.48974], [-0.45393, 51.48976], [-0.45286, 51.48533], [-0.45462, 51.48618], [-0.45516, 51.48832], [-0.45591, 51.48974]]], [[[-0.47716, 51.48951], [-0.47933, 51.48955], [-0.47939, 51.48903], [-0.48046, 51.4891], [-0.4805, 51.48878], [-0.47941, 51.48843], [-0.47969, 51.48818], [-0.48212, 51.48818], [-0.48271, 51.48717], [-0.48098, 51.4871], [-0.48099, 51.48669], [-0.47958, 51.48665], [-0.47872, 51.48708], [-0.47859, 51.48552], [-0.47622, 51.48552], [-0.47637, 51.48363], [-0.48213, 51.48428], [-0.48119, 51.48567], [-0.48053, 51.48603], [-0.48431, 51.48615], [-0.4858, 51.48401], [-0.48592, 51.48329], [-0.48946, 51.4837], [-0.49188, 51.4837], [-0.49267, 51.48397], [-0.49363, 51.48361], [-0.50019, 51.48379], [-0.4971, 51.48688], [-0.49399, 51.4913], [-0.492, 51.4928], [-0.48988, 51.49372], [-0.48757, 51.49403], [-0.47567, 51.49432], [-0.46913, 51.4948], [-0.46959, 51.49229], [-0.47202, 51.49125], [-0.47385, 51.49001], [-0.47415, 51.49019], [-0.47539, 51.48967], [-0.47711, 51.48969], [-0.47716, 51.48951]]], [[[-0.47373, 51.48989], [-0.471, 51.49159], [-0.46759, 51.49262], [-0.46093, 51.49364], [-0.45909, 51.49411], [-0.45755, 51.49283], [-0.45784, 51.4916], [-0.45851, 51.49161], [-0.45851, 51.49075], [-0.45901, 51.49074], [-0.459, 51.49026], [-0.46005, 51.48983], [-0.46059, 51.48983], [-0.46061, 51.48951], [-0.46981, 51.48937], [-0.46974, 51.48989], [-0.47373, 51.48989]]], [[[-0.45653, 51.49006], [-0.45702, 51.49087], [-0.4567, 51.49182], [-0.45713, 51.49187], [-0.45687, 51.49257], [-0.45724, 51.49258], [-0.45865, 51.49423], [-0.45699, 51.49552], [-0.45425, 51.49512], [-0.45374, 51.49428], [-0.45396, 51.48992], [-0.45653, 51.49006]]], [[[-0.49003, 51.49446], [-0.48271, 51.49419], [-0.48829, 51.49413], [-0.49066, 51.49368], [-0.49044, 51.49385], [-0.49003, 51.49446]]], [[[-0.46916, 51.49244], [-0.46892, 51.4948], [-0.46243, 51.49556], [-0.45751, 51.49556], [-0.45877, 51.49458], [-0.46039, 51.49392], [-0.46916, 51.49244]]], [[[-0.45224, 51.4962], [-0.45282, 51.49669], [-0.45251, 51.49742], [-0.45179, 51.49748], [-0.44912, 51.49672], [-0.44537, 51.49619], [-0.44211, 51.49507], [-0.43994, 51.49471], [-0.45224, 51.4962]]], [[[-0.45337, 51.4969], [-0.45427, 51.49634], [-0.45673, 51.49614], [-0.456, 51.4967], [-0.45348, 51.4974], [-0.45337, 51.4969]]], [[[-0.45705, 51.49622], [-0.45668, 51.49788], [-0.45468, 51.49815], [-0.45381, 51.49794], [-0.45409, 51.49762], [-0.45705, 51.49622]]], [[[-0.45333, 51.49816], [-0.45467, 51.49842], [-0.45665, 51.49803], [-0.45565, 51.50331], [-0.45529, 51.50327], [-0.45451, 51.50485], [-0.45345, 51.50518], [-0.45124, 51.50477], [-0.45109, 51.50206], [-0.45333, 51.49816]]], [[[-0.44879, 51.50443], [-0.45049, 51.50247], [-0.45094, 51.50357], [-0.45094, 51.50432], [-0.44879, 51.50443]]], [[[-0.45488, 51.51144], [-0.4559, 51.50933], [-0.45388, 51.50902], [-0.45297, 51.5112], [-0.45127, 51.51145], [-0.4505, 51.51137], [-0.4498, 51.50914], [-0.45048, 51.50801], [-0.45913, 51.5091], [-0.4587, 51.5107], [-0.45758, 51.51176], [-0.45488, 51.51144]], [[-0.45066, 51.50825], [-0.45002, 51.50956], [-0.45064, 51.51121], [-0.45151, 51.51138], [-0.45222, 51.51125], [-0.45312, 51.50858], [-0.45066, 51.50825]]], [[[-0.4522, 51.51716], [-0.45144, 51.51619], [-0.45072, 51.51402], [-0.45077, 51.51179], [-0.45358, 51.51136], [-0.45738, 51.51191], [-0.45688, 51.51271], [-0.45767, 51.51269], [-0.45631, 51.51342], [-0.45867, 51.51309], [-0.45877, 51.5135], [-0.45909, 51.51251], [-0.46232, 51.51252], [-0.46188, 51.5132], [-0.46192, 51.51423], [-0.46247, 51.51472], [-0.4625, 51.51537], [-0.46007, 51.51541], [-0.46131, 51.51794], [-0.45783, 51.51843], [-0.45714, 51.51816], [-0.45621, 51.51829], [-0.45416, 51.51809], [-0.4522, 51.51716]]], [[[-0.452, 51.51848], [-0.45254, 51.51792], [-0.45403, 51.51821], [-0.45307, 51.51836], [-0.45374, 51.5198], [-0.4546, 51.52043], [-0.45331, 51.52054], [-0.4517, 51.52099], [-0.452, 51.51848]]], [[[-0.46735, 51.52727], [-0.46719, 51.52686], [-0.46819, 51.52208], [-0.47093, 51.52193], [-0.4713, 51.52086], [-0.47241, 51.51996], [-0.47129, 51.519], [-0.47118, 51.5185], [-0.47298, 51.51869], [-0.47422, 51.51713], [-0.47422, 51.51625], [-0.47487, 51.51572], [-0.47603, 51.5165], [-0.47543, 51.51659], [-0.47529, 51.51761], [-0.47626, 51.51788], [-0.47683, 51.51758], [-0.47718, 51.51796], [-0.47431, 51.52117], [-0.4735, 51.5263], [-0.4738, 51.52679], [-0.46735, 51.52727]]], [[[-0.45542, 51.52376], [-0.45484, 51.52367], [-0.45454, 51.52427], [-0.45241, 51.52474], [-0.45233, 51.52498], [-0.45292, 51.52525], [-0.45301, 51.52556], [-0.45127, 51.52637], [-0.44809, 51.52294], [-0.45259, 51.52085], [-0.45519, 51.52051], [-0.4561, 51.52175], [-0.45668, 51.52363], [-0.45733, 51.52423], [-0.457, 51.52443], [-0.45791, 51.52502], [-0.45722, 51.52505], [-0.45716, 51.52567], [-0.45485, 51.5255], [-0.45572, 51.52532], [-0.45542, 51.52376]]], [[[-0.48136, 51.5285], [-0.48276, 51.52638], [-0.48427, 51.52646], [-0.48588, 51.52549], [-0.48599, 51.52639], [-0.48538, 51.52854], [-0.48437, 51.52869], [-0.48136, 51.5285]]], [[[-0.46137, 51.52886], [-0.46225, 51.52905], [-0.46384, 51.52814], [-0.46461, 51.52797], [-0.46567, 51.531], [-0.46856, 51.5348], [-0.46647, 51.53527], [-0.46559, 51.53517], [-0.46524, 51.53454], [-0.46358, 51.5345], [-0.46247, 51.53282], [-0.46101, 51.5335], [-0.46154, 51.53158], [-0.46038, 51.53023], [-0.46137, 51.52886]]], [[[-0.4648, 51.52788], [-0.46658, 51.5275], [-0.47015, 51.52717], [-0.47025, 51.52752], [-0.47108, 51.52756], [-0.47159, 51.528], [-0.47251, 51.52777], [-0.47245, 51.52751], [-0.47273, 51.52745], [-0.47498, 51.53046], [-0.47619, 51.53036], [-0.47601, 51.5324], [-0.47915, 51.53245], [-0.47907, 51.53038], [-0.48081, 51.53036], [-0.48094, 51.53245], [-0.48235, 51.53256], [-0.48229, 51.53354], [-0.48162, 51.53353], [-0.48161, 51.53528], [-0.47946, 51.5353], [-0.47958, 51.53462], [-0.47623, 51.53469], [-0.47619, 51.53709], [-0.4722, 51.53719], [-0.47222, 51.53481], [-0.47043, 51.53468], [-0.47031, 51.5342], [-0.46847, 51.53436], [-0.46656, 51.53199], [-0.4648, 51.52788]]], [[[-0.45937, 51.53524], [-0.45816, 51.535], [-0.45705, 51.53378], [-0.45725, 51.53154], [-0.45644, 51.53111], [-0.4572, 51.52969], [-0.4583, 51.52971], [-0.45803, 51.5302], [-0.46029, 51.53061], [-0.46124, 51.53146], [-0.46071, 51.53475], [-0.46026, 51.53509], [-0.45937, 51.53524]]], [[[-0.46638, 51.5411], [-0.46668, 51.54159], [-0.46905, 51.54163], [-0.46901, 51.54224], [-0.4694, 51.54275], [-0.46892, 51.54279], [-0.46889, 51.54316], [-0.46924, 51.54336], [-0.4691, 51.54401], [-0.46956, 51.54427], [-0.46951, 51.54453], [-0.46555, 51.54528], [-0.46514, 51.54512], [-0.46499, 51.54445], [-0.46592, 51.54429], [-0.46586, 51.54383], [-0.4654, 51.54376], [-0.46553, 51.54268], [-0.4648, 51.54273], [-0.4645, 51.54218], [-0.46351, 51.54214], [-0.46324, 51.54147], [-0.46462, 51.54174], [-0.46441, 51.5404], [-0.46231, 51.53954], [-0.46076, 51.53992], [-0.46027, 51.53783], [-0.46176, 51.53789], [-0.46231, 51.53706], [-0.46295, 51.53693], [-0.46458, 51.53705], [-0.46674, 51.53564], [-0.46844, 51.53586], [-0.46987, 51.53639], [-0.46687, 51.53711], [-0.46638, 51.5411]]], [[[-0.45254, 51.54229], [-0.45382, 51.54077], [-0.45434, 51.541], [-0.45385, 51.54181], [-0.45788, 51.54167], [-0.4576, 51.54239], [-0.45902, 51.54238], [-0.46159, 51.54185], [-0.46163, 51.54257], [-0.46209, 51.54297], [-0.46142, 51.54416], [-0.46023, 51.54396], [-0.45907, 51.54333], [-0.45858, 51.54329], [-0.459, 51.54361], [-0.45872, 51.54401], [-0.45955, 51.54436], [-0.45872, 51.54511], [-0.45651, 51.54631], [-0.4539, 51.54692], [-0.45186, 51.547], [-0.45254, 51.54229]]], [[[-0.46291, 51.55681], [-0.45213, 51.55307], [-0.45957, 51.55075], [-0.45974, 51.54961], [-0.46028, 51.54929], [-0.46185, 51.54862], [-0.46185, 51.54841], [-0.46458, 51.5479], [-0.46394, 51.5487], [-0.46569, 51.54866], [-0.46515, 51.55004], [-0.46672, 51.55015], [-0.4666, 51.55197], [-0.47069, 51.55194], [-0.47009, 51.55343], [-0.46937, 51.5576], [-0.46862, 51.55767], [-0.46854, 51.55809], [-0.46291, 51.55681]]], [[[-0.47026, 51.55452], [-0.47101, 51.55214], [-0.47248, 51.55205], [-0.47403, 51.55447], [-0.47026, 51.55452]]], [[[-0.44423, 51.5534], [-0.44762, 51.55426], [-0.44649, 51.55415], [-0.44423, 51.5534]]], [[[-0.44979, 51.55405], [-0.45212, 51.55331], [-0.45684, 51.55486], [-0.44979, 51.55405]]], [[[-0.44867, 51.55428], [-0.44859, 51.55458], [-0.4481, 51.55449], [-0.44867, 51.55428]]], [[[-0.46915, 51.55926], [-0.46609, 51.55928], [-0.46605, 51.55875], [-0.4602, 51.55894], [-0.46001, 51.55957], [-0.45912, 51.56021], [-0.45839, 51.55989], [-0.45618, 51.56127], [-0.45548, 51.56144], [-0.45435, 51.56268], [-0.45357, 51.56236], [-0.45295, 51.56509], [-0.45227, 51.56511], [-0.45207, 51.56458], [-0.45158, 51.56441], [-0.45194, 51.56386], [-0.45078, 51.56354], [-0.45173, 51.56173], [-0.45001, 51.56141], [-0.44974, 51.56114], [-0.44815, 51.56069], [-0.44812, 51.55984], [-0.44908, 51.55924], [-0.44948, 51.55934], [-0.45015, 51.55825], [-0.45275, 51.55899], [-0.45453, 51.55984], [-0.45762, 51.55958], [-0.45857, 51.55877], [-0.45925, 51.55862], [-0.45848, 51.55827], [-0.45881, 51.55773], [-0.45827, 51.55769], [-0.45619, 51.55677], [-0.45666, 51.5561], [-0.45381, 51.55497], [-0.45128, 51.55453], [-0.44868, 51.55444], [-0.44877, 51.5543], [-0.45416, 51.55471], [-0.45528, 51.55515], [-0.45912, 51.55593], [-0.46915, 51.55926]]], [[[-0.44034, 51.57502], [-0.43664, 51.57422], [-0.43701, 51.57378], [-0.43577, 51.57329], [-0.43525, 51.57405], [-0.43376, 51.57452], [-0.43322, 51.57401], [-0.43322, 51.57341], [-0.4327, 51.57267], [-0.43455, 51.57227], [-0.43427, 51.57188], [-0.43586, 51.57166], [-0.43688, 51.57112], [-0.43627, 51.57073], [-0.43779, 51.57002], [-0.44308, 51.57162], [-0.44684, 51.57243], [-0.44684, 51.57211], [-0.44466, 51.57061], [-0.44366, 51.57025], [-0.44264, 51.57029], [-0.44103, 51.56845], [-0.44197, 51.56796], [-0.44294, 51.56895], [-0.44488, 51.57024], [-0.44598, 51.56966], [-0.44651, 51.57001], [-0.44822, 51.56923], [-0.44827, 51.57094], [-0.45032, 51.57187], [-0.45111, 51.5725], [-0.45227, 51.57262], [-0.45382, 51.57138], [-0.45357, 51.57095], [-0.45387, 51.5705], [-0.45346, 51.56983], [-0.45366, 51.56923], [-0.45319, 51.56864], [-0.45286, 51.56867], [-0.45323, 51.56767], [-0.45301, 51.56649], [-0.4522, 51.56536], [-0.45294, 51.56532], [-0.45297, 51.56577], [-0.45365, 51.56614], [-0.45408, 51.56734], [-0.4542, 51.56814], [-0.45387, 51.56875], [-0.45465, 51.56958], [-0.45518, 51.57104], [-0.45498, 51.57132], [-0.45617, 51.57158], [-0.45507, 51.57307], [-0.45184, 51.57476], [-0.4483, 51.5774], [-0.44781, 51.57986], [-0.44669, 51.58005], [-0.44274, 51.57953], [-0.44313, 51.57898], [-0.44251, 51.5789], [-0.44158, 51.57932], [-0.44163, 51.57878], [-0.44065, 51.57774], [-0.43967, 51.57823], [-0.43929, 51.57789], [-0.44007, 51.57704], [-0.43968, 51.57656], [-0.44034, 51.57502]]], [[[-0.48126, 51.60267], [-0.47965, 51.60343], [-0.47903, 51.60317], [-0.47977, 51.60162], [-0.47864, 51.60136], [-0.47771, 51.60256], [-0.47571, 51.60166], [-0.47276, 51.59808], [-0.47033, 51.59637], [-0.46948, 51.59623], [-0.46618, 51.59636], [-0.46422, 51.596], [-0.46171, 51.59498], [-0.45998, 51.59348], [-0.45715, 51.59245], [-0.45436, 51.59096], [-0.45065, 51.5897], [-0.44936, 51.58598], [-0.44878, 51.58124], [-0.44801, 51.5797], [-0.44835, 51.57772], [-0.45074, 51.57569], [-0.45529, 51.57312], [-0.45798, 51.57002], [-0.45965, 51.56728], [-0.46211, 51.56483], [-0.46365, 51.56391], [-0.46436, 51.56401], [-0.46781, 51.57416], [-0.46949, 51.5751], [-0.47054, 51.57708], [-0.47042, 51.57895], [-0.47099, 51.58117], [-0.47064, 51.58261], [-0.47087, 51.58354], [-0.47423, 51.58602], [-0.47777, 51.58797], [-0.48026, 51.58985], [-0.48239, 51.59225], [-0.48303, 51.59418], [-0.48259, 51.59638], [-0.48287, 51.59701], [-0.48256, 51.59752], [-0.48263, 51.59781], [-0.48305, 51.59787], [-0.48311, 51.59951], [-0.48236, 51.59972], [-0.48203, 51.60063], [-0.48092, 51.60059], [-0.48126, 51.60267]]], [[[-0.43643, 51.4569], [-0.435, 51.45688], [-0.43549, 51.45641], [-0.43621, 51.45658], [-0.43677, 51.45605], [-0.43747, 51.45588], [-0.44167, 51.45644], [-0.44142, 51.45678], [-0.43953, 51.45668], [-0.43643, 51.4569]]], [[[-0.40417, 51.45966], [-0.40934, 51.45841], [-0.41084, 51.45816], [-0.411, 51.4583], [-0.40417, 51.45966]]], [[[-0.41335, 51.46052], [-0.41552, 51.46012], [-0.41535, 51.45979], [-0.41608, 51.45965], [-0.41502, 51.45758], [-0.4115, 51.45848], [-0.41115, 51.45811], [-0.41614, 51.4569], [-0.42218, 51.45673], [-0.42938, 51.45677], [-0.43165, 51.45904], [-0.43009, 51.46008], [-0.43293, 51.46199], [-0.42221, 51.4665], [-0.42185, 51.46615], [-0.42217, 51.46594], [-0.42024, 51.46588], [-0.42139, 51.4638], [-0.42058, 51.46333], [-0.41994, 51.46296], [-0.41811, 51.4637], [-0.41719, 51.46274], [-0.41565, 51.46326], [-0.41528, 51.46307], [-0.41497, 51.46231], [-0.41335, 51.46052]]], [[[-0.41777, 51.48141], [-0.41744, 51.48397], [-0.41693, 51.48369], [-0.41697, 51.48288], [-0.41673, 51.48265], [-0.41656, 51.48276], [-0.41655, 51.48374], [-0.41705, 51.484], [-0.41897, 51.48456], [-0.43148, 51.48701], [-0.43367, 51.48779], [-0.4329, 51.48938], [-0.43329, 51.48944], [-0.43309, 51.48993], [-0.4324, 51.48985], [-0.43223, 51.49017], [-0.43232, 51.4904], [-0.4336, 51.49061], [-0.43346, 51.49099], [-0.43431, 51.49115], [-0.43312, 51.49182], [-0.4297, 51.49225], [-0.42903, 51.49268], [-0.4286, 51.49346], [-0.41194, 51.49196], [-0.41177, 51.49286], [-0.41678, 51.49295], [-0.42852, 51.49376], [-0.42838, 51.4943], [-0.42693, 51.49375], [-0.42367, 51.49354], [-0.42266, 51.49384], [-0.41401, 51.49307], [-0.41217, 51.496], [-0.41223, 51.49747], [-0.41194, 51.4974], [-0.41186, 51.49796], [-0.4107, 51.49806], [-0.40922, 51.50033], [-0.40855, 51.50015], [-0.40929, 51.49809], [-0.40681, 51.49795], [-0.40737, 51.4962], [-0.40522, 51.49593], [-0.40557, 51.49479], [-0.40161, 51.49429], [-0.40121, 51.49551], [-0.39885, 51.49517], [-0.39862, 51.49584], [-0.39198, 51.49397], [-0.39011, 51.49383], [-0.38987, 51.49352], [-0.38876, 51.49331], [-0.38871, 51.49301], [-0.38991, 51.49251], [-0.38964, 51.49155], [-0.38865, 51.49103], [-0.38726, 51.49088], [-0.38141, 51.49094], [-0.38119, 51.4869], [-0.39041, 51.48651], [-0.39867, 51.48764], [-0.40157, 51.48699], [-0.40393, 51.48716], [-0.40337, 51.48875], [-0.40446, 51.4889], [-0.40552, 51.48638], [-0.40633, 51.48645], [-0.40631, 51.48537], [-0.40727, 51.48493], [-0.40689, 51.48435], [-0.4059, 51.48484], [-0.40497, 51.48486], [-0.40496, 51.48512], [-0.4028, 51.48492], [-0.40143, 51.48503], [-0.40146, 51.48411], [-0.40116, 51.48411], [-0.39984, 51.48115], [-0.39474, 51.48085], [-0.39481, 51.48054], [-0.39454, 51.48051], [-0.39545, 51.4763], [-0.39573, 51.47629], [-0.39588, 51.47679], [-0.39655, 51.47587], [-0.40354, 51.47775], [-0.40375, 51.47798], [-0.40453, 51.47803], [-0.40391, 51.47963], [-0.40449, 51.4811], [-0.40618, 51.4828], [-0.4082, 51.48374], [-0.40857, 51.48438], [-0.4098, 51.48388], [-0.40915, 51.48324], [-0.41009, 51.48276], [-0.41145, 51.48331], [-0.41184, 51.4829], [-0.41282, 51.48302], [-0.41327, 51.48212], [-0.41512, 51.48094], [-0.4167, 51.48129], [-0.41669, 51.48131], [-0.41777, 51.48141]], [[-0.41692, 51.4825], [-0.41692, 51.48248], [-0.41691, 51.4825], [-0.41692, 51.4825]], [[-0.41164, 51.4937], [-0.41109, 51.49548], [-0.41148, 51.49468], [-0.41164, 51.4937]], [[-0.4109, 51.49571], [-0.41109, 51.49549], [-0.4109, 51.4957], [-0.41072, 51.49587], [-0.4109, 51.49571]], [[-0.41053, 51.49628], [-0.41055, 51.49616], [-0.41054, 51.49619], [-0.41053, 51.49628]], [[-0.41085, 51.49742], [-0.41085, 51.49736], [-0.41082, 51.49725], [-0.41085, 51.49742]], [[-0.41272, 51.48844], [-0.41284, 51.48835], [-0.41297, 51.48817], [-0.41272, 51.48844]], [[-0.41608, 51.48325], [-0.41607, 51.48329], [-0.41607, 51.48331], [-0.41608, 51.48325]], [[-0.41554, 51.48415], [-0.4155, 51.4842], [-0.41527, 51.4846], [-0.41504, 51.48501], [-0.41586, 51.48383], [-0.41554, 51.48415]], [[-0.41473, 51.48557], [-0.41453, 51.48573], [-0.41466, 51.48564], [-0.41473, 51.48557]], [[-0.41447, 51.48575], [-0.41428, 51.48584], [-0.41442, 51.48579], [-0.41447, 51.48575]], [[-0.4146, 51.48632], [-0.41447, 51.48651], [-0.41457, 51.48639], [-0.4146, 51.48632]], [[-0.41334, 51.4872], [-0.41334, 51.48721], [-0.41375, 51.48724], [-0.41334, 51.4872]], [[-0.41329, 51.48727], [-0.41333, 51.48721], [-0.41331, 51.48722], [-0.41329, 51.48727]], [[-0.41328, 51.4873], [-0.41331, 51.48735], [-0.41329, 51.48727], [-0.41328, 51.4873]], [[-0.41333, 51.48753], [-0.41335, 51.48751], [-0.41336, 51.48748], [-0.41333, 51.48753]], [[-0.39478, 51.49181], [-0.40257, 51.49271], [-0.40317, 51.49127], [-0.39857, 51.49], [-0.39831, 51.4911], [-0.39518, 51.49068], [-0.39478, 51.49181]]], [[[-0.43406, 51.48249], [-0.43402, 51.48328], [-0.4336, 51.48328], [-0.43319, 51.48468], [-0.43386, 51.48496], [-0.43403, 51.48695], [-0.4337, 51.48766], [-0.43125, 51.48681], [-0.42524, 51.48548], [-0.4211, 51.48482], [-0.42172, 51.48283], [-0.42513, 51.48318], [-0.42558, 51.48088], [-0.42847, 51.48071], [-0.42834, 51.48214], [-0.43406, 51.48249]]], [[[-0.44308, 51.48429], [-0.44331, 51.48302], [-0.44801, 51.48309], [-0.44902, 51.48274], [-0.44975, 51.48361], [-0.45234, 51.48477], [-0.45245, 51.48632], [-0.45342, 51.48976], [-0.44816, 51.4897], [-0.43752, 51.48814], [-0.43743, 51.486], [-0.43957, 51.48619], [-0.43972, 51.48531], [-0.44184, 51.48549], [-0.44217, 51.48558], [-0.44211, 51.48586], [-0.4438, 51.48611], [-0.44414, 51.48476], [-0.44308, 51.48429]]], [[[-0.43315, 51.49329], [-0.4348, 51.49366], [-0.43531, 51.49277], [-0.43605, 51.49296], [-0.4362, 51.49269], [-0.43479, 51.49241], [-0.43533, 51.49149], [-0.43532, 51.49079], [-0.43744, 51.491], [-0.43769, 51.49054], [-0.43711, 51.49046], [-0.4378, 51.48835], [-0.44791, 51.48982], [-0.45346, 51.48991], [-0.45318, 51.49465], [-0.45238, 51.49516], [-0.44568, 51.49492], [-0.42883, 51.49348], [-0.42921, 51.49277], [-0.42994, 51.49234], [-0.43398, 51.4917], [-0.43315, 51.49329]]], [[[-0.43228, 51.49444], [-0.43, 51.49399], [-0.42961, 51.49443], [-0.42862, 51.49436], [-0.42874, 51.49377], [-0.43312, 51.49414], [-0.43228, 51.49444]]], [[[-0.45245, 51.49841], [-0.45061, 51.50208], [-0.44939, 51.50223], [-0.44694, 51.50197], [-0.445, 51.50215], [-0.445, 51.50179], [-0.4436, 51.50177], [-0.44409, 51.49895], [-0.44033, 51.49842], [-0.4408, 51.49707], [-0.43744, 51.49623], [-0.43139, 51.49529], [-0.43199, 51.49473], [-0.43325, 51.49437], [-0.4409, 51.495], [-0.44518, 51.49629], [-0.44901, 51.49685], [-0.4521, 51.49779], [-0.45245, 51.49841]]], [[[-0.40517, 51.50603], [-0.40518, 51.50582], [-0.40603, 51.50436], [-0.40663, 51.50404], [-0.40565, 51.50606], [-0.40517, 51.50603]]], [[[-0.39576, 51.50584], [-0.4037, 51.50306], [-0.40274, 51.50363], [-0.40023, 51.50429], [-0.39418, 51.50666], [-0.39378, 51.50685], [-0.39339, 51.50711], [-0.39305, 51.50747], [-0.39145, 51.51048], [-0.39053, 51.51034], [-0.39138, 51.50841], [-0.39238, 51.50853], [-0.39329, 51.507], [-0.39576, 51.50584]]], [[[-0.40249, 51.51351], [-0.4015, 51.51514], [-0.40074, 51.51554], [-0.39774, 51.51531], [-0.39924, 51.51281], [-0.39755, 51.51251], [-0.39913, 51.50917], [-0.39541, 51.50902], [-0.39335, 51.50919], [-0.39234, 51.50903], [-0.39328, 51.50724], [-0.39986, 51.50446], [-0.40276, 51.50364], [-0.40377, 51.50303], [-0.40712, 51.50296], [-0.40671, 51.5039], [-0.40588, 51.50424], [-0.40496, 51.50581], [-0.40494, 51.50603], [-0.40552, 51.50638], [-0.40249, 51.51351]]], [[[-0.43334, 51.51243], [-0.43416, 51.51305], [-0.43667, 51.51417], [-0.43387, 51.51467], [-0.43072, 51.51443], [-0.42644, 51.51249], [-0.42714, 51.51118], [-0.42557, 51.51082], [-0.42505, 51.51121], [-0.42548, 51.51187], [-0.42507, 51.51211], [-0.42551, 51.51237], [-0.42453, 51.51232], [-0.42426, 51.51109], [-0.4237, 51.51029], [-0.42397, 51.5101], [-0.42567, 51.51028], [-0.42607, 51.50985], [-0.4243, 51.50951], [-0.42581, 51.50719], [-0.43111, 51.50886], [-0.43249, 51.50895], [-0.43334, 51.51243]]], [[[-0.42433, 51.51262], [-0.42306, 51.51238], [-0.42357, 51.51088], [-0.4239, 51.51082], [-0.42433, 51.51262]]], [[[-0.44371, 51.51885], [-0.44062, 51.51741], [-0.43735, 51.51432], [-0.43412, 51.51278], [-0.43349, 51.51209], [-0.43323, 51.51001], [-0.43488, 51.51075], [-0.43506, 51.51052], [-0.43618, 51.51079], [-0.43826, 51.51059], [-0.43976, 51.5092], [-0.43944, 51.50832], [-0.44063, 51.50809], [-0.44089, 51.51115], [-0.44175, 51.51247], [-0.44262, 51.51251], [-0.44328, 51.51219], [-0.44416, 51.51072], [-0.44391, 51.50962], [-0.44332, 51.50877], [-0.4448, 51.50851], [-0.44605, 51.50879], [-0.44661, 51.50927], [-0.44721, 51.51155], [-0.44876, 51.51165], [-0.44908, 51.51132], [-0.44927, 51.50883], [-0.44879, 51.5084], [-0.44784, 51.50808], [-0.44583, 51.50773], [-0.44896, 51.50814], [-0.44296, 51.50717], [-0.44974, 51.50798], [-0.44905, 51.51181], [-0.45017, 51.51365], [-0.45121, 51.51655], [-0.45218, 51.51761], [-0.45184, 51.51814], [-0.45155, 51.52069], [-0.45109, 51.52129], [-0.45002, 51.52169], [-0.44917, 51.52055], [-0.44913, 51.51844], [-0.44794, 51.51799], [-0.44712, 51.51793], [-0.44701, 51.51774], [-0.44515, 51.51809], [-0.44371, 51.51885]], [[-0.44672, 51.5111], [-0.44647, 51.50953], [-0.44543, 51.50881], [-0.44426, 51.50876], [-0.44456, 51.51153], [-0.44505, 51.51168], [-0.44608, 51.51153], [-0.44672, 51.5111]]], [[[-0.39427, 51.5226], [-0.3962, 51.52134], [-0.39731, 51.52222], [-0.39887, 51.52291], [-0.39858, 51.52326], [-0.39966, 51.52372], [-0.39891, 51.52499], [-0.39869, 51.52514], [-0.39427, 51.5226]]], [[[-0.41498, 51.53049], [-0.41597, 51.53091], [-0.41769, 51.53096], [-0.41657, 51.53155], [-0.41683, 51.53181], [-0.41616, 51.53205], [-0.4167, 51.53257], [-0.41145, 51.53404], [-0.40878, 51.53066], [-0.40725, 51.52976], [-0.40484, 51.52767], [-0.40076, 51.52556], [-0.40053, 51.52581], [-0.39919, 51.5254], [-0.39988, 51.52381], [-0.40039, 51.52408], [-0.40062, 51.52381], [-0.40336, 51.52583], [-0.40443, 51.52602], [-0.40748, 51.52431], [-0.41062, 51.52548], [-0.41533, 51.52787], [-0.41459, 51.52899], [-0.41462, 51.53007], [-0.41498, 51.53049]]], [[[-0.42944, 51.53378], [-0.4298, 51.53346], [-0.42616, 51.53176], [-0.42566, 51.53107], [-0.42634, 51.52922], [-0.42745, 51.5288], [-0.42804, 51.5288], [-0.42874, 51.5281], [-0.4303, 51.52768], [-0.42993, 51.5277], [-0.42963, 51.52737], [-0.42897, 51.52738], [-0.42833, 51.52691], [-0.42902, 51.52567], [-0.42861, 51.52468], [-0.42881, 51.52433], [-0.42977, 51.5245], [-0.42961, 51.52546], [-0.43177, 51.52567], [-0.43209, 51.52704], [-0.43294, 51.52755], [-0.43347, 51.52836], [-0.43354, 51.5295], [-0.43589, 51.5296], [-0.43814, 51.53022], [-0.43855, 51.52906], [-0.43833, 51.52746], [-0.43876, 51.52731], [-0.44138, 51.53026], [-0.44153, 51.53494], [-0.43595, 51.53527], [-0.42924, 51.53722], [-0.42702, 51.53811], [-0.42681, 51.53794], [-0.43001, 51.53677], [-0.42845, 51.53558], [-0.43016, 51.53425], [-0.42944, 51.53378]]], [[[-0.3969, 51.53854], [-0.4013, 51.5371], [-0.40454, 51.53697], [-0.40644, 51.53722], [-0.40962, 51.53651], [-0.41215, 51.53496], [-0.41105, 51.53429], [-0.41184, 51.53407], [-0.41199, 51.53433], [-0.41224, 51.53451], [-0.41348, 51.53471], [-0.41227, 51.53449], [-0.41185, 51.53408], [-0.41666, 51.53275], [-0.42221, 51.53827], [-0.42391, 51.53747], [-0.42531, 51.53839], [-0.42645, 51.53826], [-0.42678, 51.53841], [-0.43066, 51.53702], [-0.43187, 51.53834], [-0.43232, 51.53821], [-0.43346, 51.53934], [-0.43448, 51.53876], [-0.43432, 51.53866], [-0.43736, 51.53735], [-0.44141, 51.53661], [-0.44178, 51.53529], [-0.44493, 51.53505], [-0.44491, 51.53623], [-0.44835, 51.53641], [-0.44797, 51.5383], [-0.44688, 51.54027], [-0.44248, 51.5398], [-0.44175, 51.54129], [-0.43986, 51.54093], [-0.43913, 51.54034], [-0.43792, 51.54119], [-0.43645, 51.54174], [-0.43625, 51.54159], [-0.43405, 51.54326], [-0.43525, 51.545], [-0.43442, 51.54561], [-0.43487, 51.54729], [-0.43751, 51.54857], [-0.43877, 51.5484], [-0.44, 51.54787], [-0.44049, 51.54795], [-0.44076, 51.54804], [-0.44003, 51.54942], [-0.44626, 51.55087], [-0.44596, 51.55125], [-0.441, 51.55008], [-0.43161, 51.54919], [-0.40909, 51.5478], [-0.39943, 51.54779], [-0.3989, 51.54743], [-0.39822, 51.54547], [-0.3969, 51.53854]], [[-0.41359, 51.53495], [-0.4136, 51.535], [-0.4136, 51.53493], [-0.41359, 51.53495]], [[-0.41404, 51.53583], [-0.41386, 51.53578], [-0.41398, 51.53582], [-0.41404, 51.53583]], [[-0.41437, 51.53588], [-0.41464, 51.53592], [-0.41453, 51.5359], [-0.41437, 51.53588]], [[-0.41528, 51.53654], [-0.41524, 51.53649], [-0.41527, 51.53654], [-0.41528, 51.53654]], [[-0.41595, 51.5366], [-0.41555, 51.5366], [-0.41591, 51.53662], [-0.41679, 51.53651], [-0.41595, 51.5366]], [[-0.41753, 51.5367], [-0.41728, 51.53656], [-0.41683, 51.53651], [-0.41753, 51.5367]], [[-0.41743, 51.53778], [-0.41747, 51.53783], [-0.41749, 51.53784], [-0.41757, 51.53731], [-0.41743, 51.53778]], [[-0.41957, 51.5387], [-0.41961, 51.5386], [-0.41952, 51.53843], [-0.41942, 51.53831], [-0.41957, 51.5387]], [[-0.41936, 51.53879], [-0.4195, 51.53874], [-0.41924, 51.53881], [-0.41936, 51.53879]], [[-0.41847, 51.53901], [-0.41863, 51.53892], [-0.41817, 51.53911], [-0.41847, 51.53901]], [[-0.41843, 51.53927], [-0.41836, 51.53924], [-0.41858, 51.53935], [-0.41843, 51.53927]], [[-0.41861, 51.53937], [-0.41916, 51.53978], [-0.41884, 51.53953], [-0.41861, 51.53937]], [[-0.41946, 51.54032], [-0.4195, 51.54018], [-0.41951, 51.54003], [-0.41937, 51.53988], [-0.41928, 51.53984], [-0.41946, 51.54032]], [[-0.4192, 51.54045], [-0.41946, 51.54035], [-0.41946, 51.54032], [-0.4192, 51.54045]], [[-0.41855, 51.5402], [-0.41901, 51.54037], [-0.41882, 51.54025], [-0.41855, 51.5402]], [[-0.41736, 51.54013], [-0.41843, 51.54015], [-0.41831, 51.54008], [-0.41736, 51.54013]], [[-0.41684, 51.54014], [-0.41682, 51.54014], [-0.41679, 51.54015], [-0.41684, 51.54014]], [[-0.4167, 51.54018], [-0.41674, 51.54017], [-0.41658, 51.54019], [-0.4167, 51.54018]], [[-0.41608, 51.54024], [-0.41603, 51.54026], [-0.41644, 51.54019], [-0.41608, 51.54024]], [[-0.41243, 51.54099], [-0.40933, 51.54157], [-0.40871, 51.54171], [-0.40851, 51.54171], [-0.40848, 51.54171], [-0.40845, 51.54172], [-0.40867, 51.54173], [-0.41373, 51.54081], [-0.41243, 51.54099]], [[-0.40795, 51.54196], [-0.40796, 51.54182], [-0.40787, 51.54184], [-0.40795, 51.54196]], [[-0.40579, 51.54236], [-0.40477, 51.5425], [-0.40497, 51.5425], [-0.40579, 51.54236]], [[-0.40462, 51.54252], [-0.40086, 51.54249], [-0.40367, 51.54254], [-0.40462, 51.54252]], [[-0.39893, 51.54238], [-0.39862, 51.54237], [-0.39914, 51.5424], [-0.39893, 51.54238]], [[-0.39784, 51.54233], [-0.39856, 51.54236], [-0.39832, 51.54234], [-0.39784, 51.54233]]], [[[-0.39882, 51.54779], [-0.39869, 51.54795], [-0.39855, 51.54796], [-0.39488, 51.54763], [-0.39506, 51.54846], [-0.39924, 51.5487], [-0.40049, 51.55009], [-0.39703, 51.55115], [-0.39831, 51.55253], [-0.39624, 51.55354], [-0.39419, 51.55168], [-0.39289, 51.5526], [-0.39329, 51.55292], [-0.39179, 51.55389], [-0.38791, 51.55264], [-0.38356, 51.55195], [-0.38511, 51.55124], [-0.38453, 51.55147], [-0.38355, 51.55194], [-0.37934, 51.55074], [-0.38076, 51.54971], [-0.38208, 51.55041], [-0.38749, 51.54861], [-0.38623, 51.54777], [-0.3833, 51.54889], [-0.38213, 51.54891], [-0.38132, 51.54858], [-0.38124, 51.54812], [-0.3818, 51.54772], [-0.38455, 51.54675], [-0.38335, 51.5456], [-0.37944, 51.54427], [-0.3789, 51.54388], [-0.37789, 51.54356], [-0.37761, 51.54371], [-0.37615, 51.54296], [-0.37336, 51.54204], [-0.36972, 51.54122], [-0.37082, 51.54347], [-0.37015, 51.5442], [-0.36974, 51.5442], [-0.36909, 51.54516], [-0.36692, 51.5444], [-0.36701, 51.54371], [-0.36414, 51.54194], [-0.3654, 51.54106], [-0.36586, 51.53998], [-0.36559, 51.53994], [-0.36556, 51.54021], [-0.36393, 51.53997], [-0.35961, 51.53896], [-0.36061, 51.53743], [-0.36191, 51.53782], [-0.36186, 51.53751], [-0.36275, 51.53669], [-0.36461, 51.53588], [-0.36604, 51.53545], [-0.36824, 51.53551], [-0.36983, 51.53458], [-0.37116, 51.53462], [-0.37129, 51.53411], [-0.37119, 51.53504], [-0.36797, 51.53633], [-0.36665, 51.53637], [-0.36574, 51.53664], [-0.36549, 51.53745], [-0.36606, 51.53794], [-0.3695, 51.53799], [-0.36957, 51.5383], [-0.37016, 51.53848], [-0.37052, 51.53805], [-0.37466, 51.53907], [-0.37521, 51.53768], [-0.37428, 51.5375], [-0.37429, 51.53711], [-0.37356, 51.53696], [-0.37363, 51.53666], [-0.37709, 51.53695], [-0.37725, 51.53613], [-0.37883, 51.53643], [-0.3802, 51.53317], [-0.37854, 51.5329], [-0.38001, 51.53014], [-0.38085, 51.5294], [-0.38127, 51.52946], [-0.38081, 51.53002], [-0.3812, 51.53022], [-0.38265, 51.52967], [-0.38435, 51.53], [-0.3842, 51.53022], [-0.38313, 51.53007], [-0.38078, 51.53061], [-0.38011, 51.53103], [-0.37983, 51.53221], [-0.3821, 51.53245], [-0.38193, 51.53287], [-0.38656, 51.53369], [-0.3885, 51.53467], [-0.38625, 51.53612], [-0.38607, 51.53657], [-0.38437, 51.53794], [-0.38355, 51.53835], [-0.37963, 51.53921], [-0.37791, 51.54019], [-0.37698, 51.54135], [-0.37752, 51.5417], [-0.37705, 51.54198], [-0.37749, 51.54229], [-0.3783, 51.54222], [-0.3791, 51.54248], [-0.37863, 51.54265], [-0.37863, 51.54291], [-0.38001, 51.54339], [-0.38034, 51.54301], [-0.37988, 51.54285], [-0.38108, 51.54215], [-0.38175, 51.54258], [-0.38279, 51.542], [-0.38364, 51.54255], [-0.38518, 51.54184], [-0.38562, 51.54286], [-0.38709, 51.54411], [-0.38845, 51.54347], [-0.38907, 51.54262], [-0.39078, 51.54185], [-0.39049, 51.54126], [-0.38792, 51.54176], [-0.38828, 51.53942], [-0.38776, 51.53928], [-0.39149, 51.53832], [-0.39326, 51.54081], [-0.39244, 51.54094], [-0.39275, 51.5415], [-0.39351, 51.54129], [-0.39392, 51.5417], [-0.39678, 51.54131], [-0.39628, 51.53991], [-0.39687, 51.53989], [-0.39739, 51.54233], [-0.39738, 51.54233], [-0.39882, 51.54779]], [[-0.38746, 51.55055], [-0.38794, 51.55038], [-0.38813, 51.55031], [-0.38534, 51.55114], [-0.38511, 51.55124], [-0.38746, 51.55055]], [[-0.39843, 51.54794], [-0.39793, 51.54785], [-0.39835, 51.54793], [-0.39843, 51.54794]], [[-0.39691, 51.54317], [-0.39545, 51.54329], [-0.39535, 51.54284], [-0.39554, 51.54392], [-0.39639, 51.54577], [-0.39654, 51.54597], [-0.39789, 51.54567], [-0.39747, 51.54573], [-0.39691, 51.54317]], [[-0.38892, 51.55002], [-0.38896, 51.55004], [-0.38894, 51.55002], [-0.38892, 51.55002]], [[-0.38965, 51.54993], [-0.3895, 51.54997], [-0.38928, 51.55005], [-0.38909, 51.55013], [-0.38965, 51.54993]], [[-0.39056, 51.54963], [-0.38965, 51.54992], [-0.39071, 51.5496], [-0.39056, 51.54963]], [[-0.39143, 51.54941], [-0.39208, 51.54921], [-0.39151, 51.54938], [-0.39123, 51.54945], [-0.39103, 51.54951], [-0.39143, 51.54941]], [[-0.39275, 51.549], [-0.39314, 51.5489], [-0.3928, 51.54897], [-0.39212, 51.5492], [-0.39275, 51.549]], [[-0.3945, 51.54866], [-0.39425, 51.54862], [-0.39316, 51.5489], [-0.3945, 51.54866]]], [[[-0.40247, 51.5485], [-0.40306, 51.54934], [-0.40129, 51.54983], [-0.40113, 51.54962], [-0.40049, 51.54978], [-0.39982, 51.54856], [-0.40247, 51.5485]]], [[[-0.43891, 51.55071], [-0.43634, 51.54986], [-0.44127, 51.55026], [-0.44598, 51.5514], [-0.44588, 51.55163], [-0.44618, 51.55177], [-0.44514, 51.55311], [-0.44742, 51.55372], [-0.44611, 51.55355], [-0.44298, 51.55259], [-0.43891, 51.55071]]], [[[-0.43707, 51.56262], [-0.43368, 51.56431], [-0.43068, 51.56485], [-0.42921, 51.564], [-0.42631, 51.56318], [-0.42373, 51.56344], [-0.42239, 51.56218], [-0.42074, 51.55957], [-0.42107, 51.55954], [-0.41964, 51.55772], [-0.42107, 51.55719], [-0.42232, 51.55759], [-0.42306, 51.55744], [-0.42458, 51.55807], [-0.42566, 51.55819], [-0.42646, 51.55784], [-0.42756, 51.55798], [-0.42941, 51.55728], [-0.43063, 51.5564], [-0.43114, 51.55546], [-0.43081, 51.55458], [-0.42868, 51.55243], [-0.4327, 51.5515], [-0.43349, 51.55055], [-0.43345, 51.54965], [-0.43745, 51.55053], [-0.4437, 51.55337], [-0.44579, 51.55413], [-0.4477, 51.55454], [-0.44573, 51.55573], [-0.4444, 51.55698], [-0.44288, 51.56004], [-0.44056, 51.55959], [-0.44114, 51.55792], [-0.43752, 51.55704], [-0.438, 51.55543], [-0.43627, 51.55504], [-0.43581, 51.55565], [-0.43604, 51.55655], [-0.43502, 51.55782], [-0.43517, 51.55991], [-0.43424, 51.56021], [-0.43418, 51.56045], [-0.4346, 51.56112], [-0.43707, 51.56262]]], [[[-0.44017, 51.5635], [-0.43828, 51.5628], [-0.4408, 51.56176], [-0.44175, 51.56217], [-0.44017, 51.5635]]], [[[-0.42365, 51.56789], [-0.42396, 51.56815], [-0.42634, 51.5676], [-0.42627, 51.56723], [-0.42561, 51.56736], [-0.42548, 51.56705], [-0.426, 51.56652], [-0.42569, 51.56602], [-0.43061, 51.56765], [-0.42503, 51.57], [-0.42505, 51.56942], [-0.42422, 51.56935], [-0.42391, 51.56909], [-0.42296, 51.56908], [-0.42218, 51.56837], [-0.42217, 51.56807], [-0.42365, 51.56789]]], [[[-0.40431, 51.59362], [-0.4037, 51.59286], [-0.40265, 51.59328], [-0.40187, 51.59192], [-0.40239, 51.59171], [-0.40208, 51.59114], [-0.40167, 51.5912], [-0.40096, 51.59004], [-0.4041, 51.58976], [-0.40419, 51.5895], [-0.40503, 51.5894], [-0.40629, 51.5902], [-0.40619, 51.59047], [-0.40453, 51.59095], [-0.40517, 51.59163], [-0.40557, 51.59172], [-0.40524, 51.59193], [-0.40531, 51.59268], [-0.40635, 51.5949], [-0.40889, 51.59464], [-0.40898, 51.59483], [-0.40941, 51.59476], [-0.41023, 51.59662], [-0.40985, 51.59903], [-0.40741, 51.59859], [-0.40566, 51.5978], [-0.40379, 51.59454], [-0.40362, 51.59392], [-0.40431, 51.59362]]], [[[-0.42366, 51.60282], [-0.42132, 51.60094], [-0.42, 51.60258], [-0.41856, 51.6022], [-0.41725, 51.60401], [-0.41211, 51.60158], [-0.41507, 51.5984], [-0.41683, 51.59871], [-0.41836, 51.59702], [-0.41614, 51.59543], [-0.41783, 51.59433], [-0.41699, 51.59364], [-0.41635, 51.59386], [-0.4154, 51.59303], [-0.41332, 51.5894], [-0.41202, 51.58808], [-0.41312, 51.588], [-0.414, 51.58869], [-0.41485, 51.5886], [-0.41601, 51.58796], [-0.41575, 51.5869], [-0.41475, 51.58701], [-0.41449, 51.58648], [-0.41226, 51.58742], [-0.4117, 51.58671], [-0.41369, 51.58631], [-0.41314, 51.58509], [-0.41398, 51.58564], [-0.41636, 51.58519], [-0.4168, 51.58582], [-0.42478, 51.58349], [-0.42905, 51.58367], [-0.42844, 51.58499], [-0.42992, 51.58503], [-0.43119, 51.58468], [-0.43426, 51.58637], [-0.43489, 51.5862], [-0.43596, 51.58785], [-0.43357, 51.58884], [-0.43444, 51.59011], [-0.4337, 51.59095], [-0.43383, 51.59114], [-0.43574, 51.59046], [-0.43539, 51.59006], [-0.43657, 51.5897], [-0.44013, 51.59422], [-0.4438, 51.59721], [-0.44469, 51.59825], [-0.44626, 51.6007], [-0.44643, 51.60305], [-0.4458, 51.60439], [-0.44457, 51.60411], [-0.43967, 51.60124], [-0.43243, 51.60237], [-0.43479, 51.60948], [-0.43923, 51.61007], [-0.43873, 51.61093], [-0.43783, 51.61074], [-0.43771, 51.61035], [-0.43678, 51.61021], [-0.43673, 51.61139], [-0.43612, 51.61129], [-0.43568, 51.61156], [-0.43326, 51.61116], [-0.43238, 51.61039], [-0.43284, 51.61023], [-0.43262, 51.60992], [-0.43198, 51.61004], [-0.43024, 51.60813], [-0.43001, 51.60823], [-0.42678, 51.60638], [-0.4275, 51.60575], [-0.42612, 51.60546], [-0.42578, 51.60487], [-0.42478, 51.6046], [-0.42506, 51.60441], [-0.42257, 51.60588], [-0.42107, 51.60556], [-0.42366, 51.60282]]], [[[-0.44369, 51.61855], [-0.44351, 51.6195], [-0.44335, 51.6195], [-0.44326, 51.6195], [-0.44325, 51.6195], [-0.44321, 51.61949], [-0.44208, 51.61962], [-0.44051, 51.62006], [-0.43923, 51.61994], [-0.43826, 51.6199], [-0.4375, 51.61962], [-0.43627, 51.61933], [-0.4361, 51.61919], [-0.4353, 51.61901], [-0.43657, 51.61715], [-0.43848, 51.61775], [-0.4377, 51.61888], [-0.4384, 51.61902], [-0.44369, 51.61855]]], [[[-0.13833, 51.31636], [-0.13874, 51.31518], [-0.13958, 51.31433], [-0.14268, 51.31242], [-0.14459, 51.31062], [-0.14624, 51.30767], [-0.14771, 51.30703], [-0.15123, 51.30733], [-0.15365, 51.3066], [-0.15677, 51.30658], [-0.15081, 51.31487], [-0.14985, 51.31533], [-0.1488, 51.31637], [-0.14687, 51.31746], [-0.14644, 51.31684], [-0.14204, 51.31823], [-0.14178, 51.31834], [-0.14209, 51.31876], [-0.14168, 51.31892], [-0.14105, 51.31803], [-0.14072, 51.31813], [-0.14029, 51.31777], [-0.14001, 51.31823], [-0.13941, 51.31845], [-0.13833, 51.31636]]], [[[-0.37757, 51.42834], [-0.37831, 51.42778], [-0.3789, 51.42812], [-0.37913, 51.42803], [-0.37931, 51.42844], [-0.37976, 51.42859], [-0.38028, 51.42832], [-0.38067, 51.42863], [-0.38186, 51.42802], [-0.3831, 51.42957], [-0.38542, 51.42838], [-0.38673, 51.42974], [-0.38264, 51.43249], [-0.37881, 51.42903], [-0.37757, 51.42834]]], [[[-0.3793, 51.5213], [-0.37875, 51.52111], [-0.37949, 51.52018], [-0.37867, 51.51992], [-0.37922, 51.51854], [-0.37722, 51.51826], [-0.37779, 51.51666], [-0.38238, 51.5172], [-0.38324, 51.51748], [-0.38434, 51.51655], [-0.3853, 51.51622], [-0.38263, 51.51792], [-0.38179, 51.51862], [-0.3793, 51.5213]]], [[[-0.3827, 51.51794], [-0.38386, 51.51798], [-0.3839, 51.51726], [-0.38426, 51.51713], [-0.38431, 51.5177], [-0.38474, 51.51798], [-0.38921, 51.51756], [-0.39314, 51.51866], [-0.39595, 51.52112], [-0.39398, 51.5224], [-0.39127, 51.52064], [-0.38872, 51.52006], [-0.38782, 51.52111], [-0.38687, 51.52075], [-0.38508, 51.52251], [-0.38157, 51.52132], [-0.38209, 51.52185], [-0.38119, 51.52193], [-0.38001, 51.52349], [-0.38141, 51.52382], [-0.38264, 51.52359], [-0.38295, 51.52408], [-0.38149, 51.52442], [-0.38207, 51.52545], [-0.38296, 51.52525], [-0.38474, 51.52542], [-0.38469, 51.52572], [-0.38378, 51.52572], [-0.38333, 51.52594], [-0.38272, 51.52583], [-0.38231, 51.52607], [-0.38214, 51.52636], [-0.38271, 51.52816], [-0.38169, 51.52884], [-0.38058, 51.52845], [-0.37699, 51.52848], [-0.37669, 51.52894], [-0.3762, 51.52882], [-0.37589, 51.52983], [-0.37342, 51.52947], [-0.37413, 51.52827], [-0.37378, 51.52823], [-0.37412, 51.52709], [-0.37372, 51.52704], [-0.37416, 51.52698], [-0.37512, 51.52351], [-0.37466, 51.52336], [-0.37514, 51.5234], [-0.37539, 51.52178], [-0.37679, 51.52247], [-0.3773, 51.52241], [-0.37791, 51.52301], [-0.37737, 51.52375], [-0.37708, 51.52406], [-0.37703, 51.52414], [-0.3827, 51.51794]], [[-0.37696, 51.52424], [-0.37702, 51.52416], [-0.3769, 51.52428], [-0.37696, 51.52424]], [[-0.37674, 51.52434], [-0.37621, 51.52485], [-0.37614, 51.52495], [-0.37601, 51.52521], [-0.37674, 51.52434]], [[-0.37592, 51.52558], [-0.37593, 51.52566], [-0.37601, 51.52521], [-0.37592, 51.52558]], [[-0.37594, 51.52576], [-0.37598, 51.52582], [-0.37598, 51.52576], [-0.37594, 51.52576]], [[-0.37617, 51.52658], [-0.37606, 51.52619], [-0.37615, 51.52666], [-0.37619, 51.52683], [-0.37617, 51.52658]]], [[[-0.35849, 51.6012], [-0.35918, 51.60058], [-0.35899, 51.6003], [-0.35763, 51.60069], [-0.3574, 51.60024], [-0.35653, 51.60015], [-0.35725, 51.5997], [-0.35703, 51.59856], [-0.35784, 51.59668], [-0.35904, 51.5976], [-0.3597, 51.59704], [-0.35971, 51.59665], [-0.36187, 51.59726], [-0.36302, 51.59666], [-0.36817, 51.59677], [-0.36916, 51.59643], [-0.36975, 51.59501], [-0.3711, 51.59443], [-0.37282, 51.59467], [-0.3742, 51.59538], [-0.37449, 51.59576], [-0.37372, 51.59618], [-0.37535, 51.59874], [-0.37471, 51.59916], [-0.37496, 51.59976], [-0.37583, 51.60061], [-0.37684, 51.60042], [-0.37697, 51.60131], [-0.37446, 51.60239], [-0.37115, 51.60483], [-0.37073, 51.60526], [-0.37118, 51.60556], [-0.36779, 51.60669], [-0.36551, 51.60713], [-0.35752, 51.60276], [-0.35768, 51.60261], [-0.3582, 51.60272], [-0.35878, 51.60205], [-0.35849, 51.6012]]], [[[-0.22936, 51.60801], [-0.22486, 51.6087], [-0.22536, 51.60705], [-0.22164, 51.6082], [-0.21831, 51.60698], [-0.21845, 51.60665], [-0.21775, 51.60533], [-0.21634, 51.60392], [-0.21222, 51.60454], [-0.20854, 51.60451], [-0.2085, 51.6032], [-0.20944, 51.60205], [-0.20913, 51.60158], [-0.2095, 51.6011], [-0.21031, 51.60127], [-0.2106, 51.60063], [-0.21089, 51.60077], [-0.21087, 51.60017], [-0.21219, 51.59874], [-0.21479, 51.59748], [-0.21615, 51.5979], [-0.21793, 51.59799], [-0.21809, 51.59871], [-0.21839, 51.59884], [-0.21878, 51.59858], [-0.2202, 51.59838], [-0.22063, 51.59804], [-0.22568, 51.59966], [-0.22643, 51.59934], [-0.23142, 51.60074], [-0.23127, 51.60112], [-0.23483, 51.60235], [-0.23489, 51.60186], [-0.23525, 51.60202], [-0.23463, 51.60398], [-0.2328, 51.6058], [-0.23281, 51.60726], [-0.23182, 51.60718], [-0.23225, 51.60839], [-0.23324, 51.60829], [-0.23334, 51.60894], [-0.23248, 51.60892], [-0.23229, 51.60998], [-0.23011, 51.61015], [-0.22936, 51.60801]]], [[[-0.36498, 51.60746], [-0.3641, 51.6078], [-0.36229, 51.60782], [-0.36202, 51.60857], [-0.36012, 51.60846], [-0.35978, 51.6083], [-0.35896, 51.60655], [-0.3599, 51.60655], [-0.36023, 51.60485], [-0.35928, 51.60428], [-0.35949, 51.6042], [-0.36498, 51.60746]]], [[[-0.33348, 51.61138], [-0.33478, 51.61173], [-0.33456, 51.61177], [-0.33325, 51.61211], [-0.33348, 51.61138]]], [[[-0.12253, 51.30959], [-0.12265, 51.30866], [-0.12161, 51.30753], [-0.12319, 51.30745], [-0.12337, 51.30834], [-0.1241, 51.30886], [-0.12253, 51.30959]]], [[[-0.08452, 51.31901], [-0.0902, 51.3222], [-0.09196, 51.32369], [-0.0927, 51.32481], [-0.09339, 51.32446], [-0.09284, 51.32399], [-0.09305, 51.32383], [-0.09451, 51.32438], [-0.09468, 51.32422], [-0.09513, 51.3244], [-0.09566, 51.32388], [-0.10542, 51.32769], [-0.10003, 51.32989], [-0.09948, 51.32929], [-0.09506, 51.32735], [-0.09563, 51.32677], [-0.09447, 51.32609], [-0.09401, 51.32588], [-0.09364, 51.32622], [-0.08986, 51.32461], [-0.08946, 51.32505], [-0.09149, 51.32609], [-0.08997, 51.32669], [-0.09121, 51.32786], [-0.09145, 51.32865], [-0.09363, 51.32949], [-0.09355, 51.32965], [-0.09233, 51.3297], [-0.09239, 51.33004], [-0.08582, 51.33074], [-0.08469, 51.33243], [-0.0835, 51.33312], [-0.08187, 51.33203], [-0.08151, 51.33229], [-0.08123, 51.33213], [-0.08071, 51.3325], [-0.08213, 51.33328], [-0.08194, 51.33355], [-0.08011, 51.33417], [-0.0793, 51.33307], [-0.07755, 51.33351], [-0.07737, 51.33323], [-0.07674, 51.33332], [-0.07641, 51.3329], [-0.07789, 51.33244], [-0.07768, 51.33217], [-0.07606, 51.33235], [-0.07563, 51.33154], [-0.07935, 51.3304], [-0.07929, 51.33001], [-0.08112, 51.32978], [-0.08136, 51.32913], [-0.08113, 51.32923], [-0.0807, 51.32892], [-0.07939, 51.32689], [-0.07603, 51.32804], [-0.07529, 51.32728], [-0.07365, 51.32781], [-0.07084, 51.32631], [-0.07035, 51.32588], [-0.07211, 51.32488], [-0.07219, 51.32344], [-0.07104, 51.32122], [-0.07494, 51.32024], [-0.07891, 51.31977], [-0.07891, 51.31964], [-0.07891, 51.31926], [-0.07883, 51.3181], [-0.07913, 51.31809], [-0.07926, 51.31808], [-0.07942, 51.31806], [-0.07958, 51.31804], [-0.07984, 51.31797], [-0.08003, 51.31791], [-0.08018, 51.31784], [-0.0815, 51.31672], [-0.08208, 51.317], [-0.08209, 51.317], [-0.08452, 51.31901]], [[-0.08109, 51.31715], [-0.08093, 51.31732], [-0.08114, 51.31717], [-0.08109, 51.31715]]], [[[-0.07075, 51.32059], [-0.0701, 51.31897], [-0.07102, 51.32122], [-0.07075, 51.32059]]], [[[-0.07889, 51.31809], [-0.08014, 51.31785], [-0.08, 51.31791], [-0.07889, 51.31809]]], [[[-0.08505, 51.31834], [-0.08478, 51.31846], [-0.08576, 51.31938], [-0.08314, 51.31763], [-0.08366, 51.31673], [-0.08505, 51.31834]]], [[[0.00083, 51.33391], [0.0009, 51.33368], [0.00083, 51.33382], [0.00083, 51.33391]]], [[[-0.01147, 51.33963], [-0.0106, 51.3395], [-0.01054, 51.33861], [-0.00964, 51.33833], [-0.00464, 51.33542], [-0.00625, 51.33489], [-0.00716, 51.33531], [-0.01245, 51.3382], [-0.01165, 51.33866], [-0.012, 51.339], [-0.01147, 51.33963]]], [[[0.08116, 51.43064], [0.08329, 51.42982], [0.08649, 51.42638], [0.08738, 51.42554], [0.08922, 51.424], [0.08486, 51.42822], [0.08567, 51.42907], [0.08631, 51.4289], [0.086, 51.42829], [0.08742, 51.42674], [0.08734, 51.42641], [0.08894, 51.42574], [0.08932, 51.42487], [0.09032, 51.42456], [0.09071, 51.4243], [0.09048, 51.42417], [0.09492, 51.42124], [0.0958, 51.42119], [0.0961, 51.42211], [0.0959, 51.42227], [0.09892, 51.42193], [0.09887, 51.42172], [0.0997, 51.42161], [0.10015, 51.42271], [0.10115, 51.42363], [0.10381, 51.4238], [0.10311, 51.42269], [0.10582, 51.42231], [0.10602, 51.42257], [0.10783, 51.4221], [0.10742, 51.42152], [0.10807, 51.42133], [0.10825, 51.42086], [0.11051, 51.41993], [0.11223, 51.41884], [0.11163, 51.41775], [0.11376, 51.41794], [0.11361, 51.41766], [0.11534, 51.41711], [0.11426, 51.41591], [0.11459, 51.41571], [0.11224, 51.41616], [0.11135, 51.41441], [0.10876, 51.41482], [0.10816, 51.41399], [0.10702, 51.41436], [0.10691, 51.41413], [0.10402, 51.41436], [0.10264, 51.41134], [0.10333, 51.41134], [0.10177, 51.41113], [0.10059, 51.41049], [0.10138, 51.40996], [0.10403, 51.40998], [0.10392, 51.41082], [0.10393, 51.41082], [0.10455, 51.41068], [0.10626, 51.40956], [0.10612, 51.40895], [0.10286, 51.40882], [0.10283, 51.4091], [0.10103, 51.40913], [0.10101, 51.40938], [0.10041, 51.40952], [0.09737, 51.40887], [0.09095, 51.40682], [0.0885, 51.4064], [0.08907, 51.40546], [0.08979, 51.40513], [0.08956, 51.40488], [0.09026, 51.40455], [0.08905, 51.40293], [0.08797, 51.40314], [0.08886, 51.4024], [0.08813, 51.4011], [0.08778, 51.39952], [0.08729, 51.39897], [0.08702, 51.39606], [0.08734, 51.39503], [0.0819, 51.39513], [0.07838, 51.39573], [0.07538, 51.39653], [0.07513, 51.39602], [0.07395, 51.39636], [0.07125, 51.39656], [0.07149, 51.39678], [0.06887, 51.39716], [0.06888, 51.39635], [0.07041, 51.39525], [0.06991, 51.39474], [0.0699, 51.3936], [0.07172, 51.39158], [0.07131, 51.39121], [0.07038, 51.39138], [0.06921, 51.39116], [0.06724, 51.3915], [0.06533, 51.3915], [0.06586, 51.39033], [0.06582, 51.38956], [0.06551, 51.38899], [0.06464, 51.38912], [0.06446, 51.38867], [0.06446, 51.38918], [0.05956, 51.3899], [0.05552, 51.39095], [0.05512, 51.39063], [0.05536, 51.39101], [0.05475, 51.39112], [0.05556, 51.39361], [0.05467, 51.39365], [0.05599, 51.39571], [0.05633, 51.3988], [0.05893, 51.39757], [0.05964, 51.39828], [0.0608, 51.39733], [0.06158, 51.39607], [0.06469, 51.39745], [0.06197, 51.39954], [0.06039, 51.40018], [0.05891, 51.40046], [0.05931, 51.40089], [0.06095, 51.40083], [0.06093, 51.40112], [0.05977, 51.4029], [0.05818, 51.40436], [0.06021, 51.40577], [0.06208, 51.4044], [0.06279, 51.40431], [0.06394, 51.406], [0.06511, 51.40573], [0.06561, 51.40622], [0.06687, 51.40649], [0.06878, 51.40782], [0.06768, 51.40867], [0.06933, 51.40933], [0.06932, 51.40963], [0.06713, 51.40953], [0.06726, 51.40848], [0.06569, 51.408], [0.06457, 51.40782], [0.06315, 51.40818], [0.06259, 51.40773], [0.06219, 51.40857], [0.06288, 51.40882], [0.06253, 51.40931], [0.06489, 51.40945], [0.06499, 51.40994], [0.06432, 51.41027], [0.06213, 51.41068], [0.05917, 51.41198], [0.05776, 51.41394], [0.06078, 51.41492], [0.06217, 51.416], [0.06292, 51.41565], [0.06475, 51.41655], [0.06398, 51.41714], [0.06564, 51.41779], [0.06823, 51.41551], [0.06696, 51.41489], [0.06627, 51.41549], [0.06573, 51.41541], [0.06492, 51.41487], [0.065, 51.41431], [0.06448, 51.41324], [0.06484, 51.41217], [0.06646, 51.41129], [0.06753, 51.41279], [0.06799, 51.41289], [0.06833, 51.41362], [0.06932, 51.414], [0.06953, 51.41633], [0.0683, 51.41757], [0.06977, 51.41818], [0.07117, 51.41589], [0.07635, 51.4146], [0.0771, 51.41287], [0.07503, 51.41238], [0.07542, 51.41188], [0.07473, 51.41223], [0.0744, 51.41202], [0.07466, 51.41117], [0.07444, 51.40938], [0.07436, 51.40911], [0.07379, 51.4092], [0.0736, 51.40891], [0.07415, 51.40868], [0.07358, 51.4083], [0.07353, 51.40828], [0.07242, 51.40912], [0.07188, 51.40909], [0.07138, 51.40895], [0.07167, 51.40862], [0.07123, 51.40847], [0.07198, 51.40793], [0.07166, 51.4077], [0.07257, 51.4073], [0.07357, 51.40812], [0.07458, 51.40776], [0.07517, 51.40785], [0.07644, 51.40732], [0.07573, 51.4052], [0.07654, 51.40495], [0.07651, 51.40435], [0.07825, 51.40386], [0.07869, 51.40422], [0.07908, 51.4041], [0.08049, 51.40585], [0.08079, 51.40744], [0.08192, 51.40746], [0.08115, 51.40834], [0.07986, 51.40884], [0.0791, 51.40945], [0.07827, 51.41019], [0.07853, 51.41038], [0.08266, 51.40803], [0.08328, 51.40823], [0.08363, 51.40779], [0.08463, 51.40797], [0.08438, 51.40892], [0.08475, 51.40901], [0.08472, 51.40943], [0.08335, 51.41135], [0.08139, 51.41285], [0.08197, 51.41394], [0.0808, 51.41418], [0.08095, 51.41453], [0.08134, 51.41445], [0.08141, 51.41464], [0.08057, 51.41598], [0.07995, 51.41601], [0.0792, 51.41698], [0.07849, 51.41691], [0.0783, 51.41777], [0.07897, 51.41808], [0.07804, 51.41929], [0.07797, 51.42007], [0.07697, 51.42074], [0.07491, 51.42047], [0.07416, 51.41994], [0.07379, 51.41911], [0.07201, 51.41904], [0.07193, 51.4199], [0.07284, 51.41992], [0.07273, 51.42054], [0.07485, 51.42303], [0.07264, 51.42364], [0.07313, 51.42439], [0.07251, 51.42439], [0.07299, 51.42571], [0.07163, 51.42617], [0.07183, 51.4264], [0.06949, 51.42715], [0.06859, 51.42612], [0.06663, 51.42651], [0.07002, 51.42848], [0.07028, 51.42818], [0.07148, 51.42826], [0.07361, 51.42748], [0.07387, 51.42687], [0.07355, 51.42635], [0.0744, 51.42627], [0.07532, 51.42658], [0.07592, 51.42635], [0.07725, 51.42845], [0.07468, 51.43028], [0.07495, 51.43104], [0.07486, 51.43081], [0.07421, 51.43151], [0.07467, 51.43214], [0.07536, 51.43198], [0.07536, 51.43199], [0.08116, 51.43064]], [[0.07529, 51.43183], [0.07535, 51.43195], [0.07536, 51.43198], [0.07529, 51.43183]], [[0.0931, 51.42131], [0.09422, 51.42067], [0.09176, 51.42228], [0.09046, 51.42306], [0.0931, 51.42131]], [[0.09541, 51.41993], [0.09842, 51.41828], [0.09948, 51.41773], [0.09422, 51.42067], [0.09541, 51.41993]], [[0.10174, 51.41666], [0.1011, 51.41699], [0.09964, 51.41765], [0.10174, 51.41666]], [[0.10248, 51.41616], [0.10264, 51.41616], [0.10246, 51.41628], [0.10248, 51.41616]], [[0.10477, 51.41511], [0.10525, 51.41494], [0.10583, 51.41476], [0.1029, 51.41596], [0.10477, 51.41511]], [[0.09724, 51.4182], [0.0968, 51.41837], [0.09634, 51.41842], [0.09526, 51.4184], [0.09305, 51.41793], [0.0942, 51.41773], [0.09424, 51.41725], [0.09668, 51.41734], [0.09691, 51.41829], [0.09724, 51.4182]], [[0.09088, 51.41814], [0.08998, 51.418], [0.09025, 51.41736], [0.08848, 51.41712], [0.08876, 51.41644], [0.08374, 51.41559], [0.08477, 51.41481], [0.08563, 51.41492], [0.08598, 51.41408], [0.08663, 51.41417], [0.08631, 51.41491], [0.08802, 51.41476], [0.08807, 51.41442], [0.08872, 51.41446], [0.08898, 51.41427], [0.09076, 51.41552], [0.08976, 51.41592], [0.09024, 51.41636], [0.09127, 51.41586], [0.09145, 51.41603], [0.09041, 51.41653], [0.09131, 51.41691], [0.09116, 51.41704], [0.09241, 51.41781], [0.09224, 51.41805], [0.09107, 51.41775], [0.09088, 51.41814]], [[0.07186, 51.40946], [0.07143, 51.41159], [0.06928, 51.41086], [0.06938, 51.40988], [0.07186, 51.40946]]], [[[0.04641, 51.55514], [0.04468, 51.55741], [0.04618, 51.55657], [0.04866, 51.55548], [0.05061, 51.5547], [0.05185, 51.55441], [0.04901, 51.55341], [0.04686, 51.55305], [0.04641, 51.55514]]], [[[0.05268, 51.55428], [0.05093, 51.55466], [0.04656, 51.55646], [0.04318, 51.5584], [0.0429, 51.55899], [0.04335, 51.55905], [0.0431, 51.55953], [0.04275, 51.55945], [0.04203, 51.56149], [0.04539, 51.56251], [0.04408, 51.56419], [0.04331, 51.56409], [0.04289, 51.56481], [0.04112, 51.56478], [0.03908, 51.56529], [0.03734, 51.56546], [0.03351, 51.56513], [0.02962, 51.56587], [0.02513, 51.56561], [0.02483, 51.56653], [0.02331, 51.56662], [0.02317, 51.56697], [0.02245, 51.56688], [0.02104, 51.56518], [0.02029, 51.56489], [0.02016, 51.56174], [0.02081, 51.56151], [0.02137, 51.56158], [0.0251, 51.56379], [0.02509, 51.56409], [0.02774, 51.56266], [0.03152, 51.56289], [0.03332, 51.56273], [0.03366, 51.56261], [0.03268, 51.56177], [0.03328, 51.56138], [0.03458, 51.56216], [0.04424, 51.55765], [0.04624, 51.55482], [0.03547, 51.55526], [0.03227, 51.55459], [0.02883, 51.55445], [0.02549, 51.55405], [0.02537, 51.55554], [0.0238, 51.55552], [0.02342, 51.55677], [0.02263, 51.55665], [0.02253, 51.55611], [0.02055, 51.55615], [0.01714, 51.55884], [0.01585, 51.55933], [0.01482, 51.55943], [0.01428, 51.5616], [0.01448, 51.56555], [0.0178, 51.56563], [0.01894, 51.56636], [0.01902, 51.56703], [0.01774, 51.56989], [0.01821, 51.57008], [0.01913, 51.56976], [0.01913, 51.56982], [0.01897, 51.57198], [0.0202, 51.5724], [0.02015, 51.57111], [0.02345, 51.57103], [0.02376, 51.56852], [0.02629, 51.56913], [0.02596, 51.56985], [0.02736, 51.57069], [0.03293, 51.57147], [0.03338, 51.57034], [0.03502, 51.5703], [0.03542, 51.57056], [0.03675, 51.5706], [0.03691, 51.5703], [0.03852, 51.57031], [0.03845, 51.57125], [0.03754, 51.57233], [0.0374, 51.57402], [0.03779, 51.57563], [0.03679, 51.57606], [0.03861, 51.57679], [0.03668, 51.5775], [0.03643, 51.57992], [0.03585, 51.57991], [0.03592, 51.58077], [0.0365, 51.58096], [0.03715, 51.5818], [0.03702, 51.58293], [0.03744, 51.58386], [0.03728, 51.58474], [0.03592, 51.5856], [0.03587, 51.58655], [0.03624, 51.58734], [0.03574, 51.58748], [0.03504, 51.59012], [0.03562, 51.59006], [0.0361, 51.59092], [0.03522, 51.59132], [0.03687, 51.59324], [0.03788, 51.59379], [0.03827, 51.59488], [0.04015, 51.59717], [0.0409, 51.59904], [0.04132, 51.59918], [0.0422, 51.59902], [0.04539, 51.59995], [0.04517, 51.60124], [0.04687, 51.60217], [0.04553, 51.60237], [0.04706, 51.60381], [0.04888, 51.60477], [0.04381, 51.60621], [0.04467, 51.60797], [0.04098, 51.60891], [0.04312, 51.61177], [0.04352, 51.61217], [0.04392, 51.61215], [0.04592, 51.61427], [0.046, 51.61573], [0.0464, 51.61594], [0.04563, 51.61609], [0.04637, 51.61668], [0.04748, 51.6166], [0.04796, 51.61743], [0.05312, 51.61837], [0.05367, 51.61828], [0.05441, 51.61757], [0.05417, 51.61668], [0.05331, 51.61636], [0.05242, 51.61686], [0.05191, 51.6169], [0.05015, 51.61642], [0.0485, 51.61503], [0.04833, 51.61471], [0.04831, 51.61461], [0.0483, 51.61448], [0.04835, 51.61429], [0.0485, 51.615], [0.04856, 51.61394], [0.04794, 51.61344], [0.04824, 51.61312], [0.04907, 51.61347], [0.05454, 51.61097], [0.05267, 51.60913], [0.05143, 51.60678], [0.05042, 51.60567], [0.05055, 51.60485], [0.04856, 51.60107], [0.05041, 51.60059], [0.05414, 51.60019], [0.05523, 51.59984], [0.05642, 51.60119], [0.05524, 51.60336], [0.05609, 51.60314], [0.05699, 51.60385], [0.05746, 51.60478], [0.05869, 51.60462], [0.059, 51.60397], [0.05973, 51.60384], [0.0609, 51.60499], [0.06188, 51.60493], [0.06173, 51.60586], [0.06259, 51.60701], [0.06302, 51.60686], [0.06404, 51.60717], [0.06599, 51.60627], [0.06798, 51.60584], [0.06744, 51.60561], [0.06754, 51.60513], [0.0667, 51.60542], [0.06663, 51.60434], [0.06511, 51.60422], [0.0641, 51.60465], [0.06325, 51.60472], [0.06274, 51.60361], [0.0644, 51.60316], [0.06676, 51.60184], [0.06924, 51.60202], [0.06941, 51.60225], [0.07075, 51.60217], [0.07217, 51.60291], [0.07342, 51.60245], [0.07392, 51.60254], [0.07401, 51.60233], [0.07549, 51.60235], [0.07694, 51.60059], [0.07553, 51.6001], [0.07631, 51.59962], [0.07625, 51.59894], [0.07665, 51.59834], [0.07763, 51.59793], [0.07742, 51.59687], [0.06505, 51.59888], [0.06439, 51.59797], [0.06202, 51.59793], [0.0605, 51.5982], [0.05944, 51.59675], [0.05806, 51.5979], [0.0573, 51.59784], [0.0566, 51.59863], [0.0541, 51.59549], [0.05188, 51.59626], [0.05054, 51.59495], [0.04459, 51.59613], [0.044, 51.59521], [0.04277, 51.59551], [0.04216, 51.59486], [0.04139, 51.59458], [0.04048, 51.59316], [0.03959, 51.59339], [0.03939, 51.59309], [0.04011, 51.59287], [0.03937, 51.59169], [0.04069, 51.59154], [0.04169, 51.59038], [0.04107, 51.58662], [0.04436, 51.58642], [0.04176, 51.58432], [0.04189, 51.58359], [0.04336, 51.58142], [0.044, 51.57816], [0.04472, 51.57738], [0.04265, 51.57612], [0.04216, 51.57604], [0.04194, 51.57418], [0.0422, 51.57367], [0.04273, 51.57335], [0.04498, 51.57417], [0.04542, 51.57405], [0.04952, 51.57067], [0.05716, 51.56187], [0.05957, 51.55981], [0.06226, 51.55816], [0.06095, 51.55848], [0.05806, 51.56075], [0.0574, 51.56085], [0.06073, 51.55842], [0.0628, 51.55783], [0.05978, 51.55678], [0.05961, 51.5569], [0.05969, 51.55662], [0.05268, 51.55428]], [[0.0503, 51.564], [0.05035, 51.56402], [0.05013, 51.56396], [0.0503, 51.564]], [[0.05105, 51.56286], [0.05151, 51.56222], [0.05045, 51.56381], [0.05105, 51.56286]], [[0.0529, 51.56159], [0.05252, 51.56176], [0.05257, 51.56169], [0.0529, 51.56159]], [[0.05345, 51.56114], [0.05349, 51.56108], [0.05356, 51.56103], [0.05345, 51.56114]], [[0.05414, 51.56053], [0.05419, 51.56049], [0.05437, 51.56035], [0.05411, 51.56082], [0.05414, 51.56053]], [[0.0544, 51.56016], [0.05443, 51.56021], [0.05442, 51.56029], [0.0544, 51.56016]], [[0.05451, 51.55958], [0.0546, 51.55958], [0.05436, 51.56009], [0.05451, 51.55958]], [[0.05539, 51.55943], [0.05489, 51.55953], [0.05516, 51.55946], [0.05539, 51.55943]], [[0.05625, 51.55863], [0.05628, 51.5586], [0.05631, 51.55859], [0.05634, 51.55858], [0.05638, 51.55885], [0.05633, 51.55888], [0.05625, 51.55863]], [[0.05639, 51.55857], [0.05643, 51.55857], [0.05649, 51.55858], [0.05665, 51.55863], [0.05639, 51.55857]], [[0.0572, 51.558], [0.05726, 51.55799], [0.05743, 51.558], [0.05702, 51.55839], [0.0572, 51.558]], [[0.058, 51.55787], [0.0576, 51.55797], [0.05772, 51.55788], [0.058, 51.55787]], [[0.05844, 51.55747], [0.05849, 51.55743], [0.05852, 51.55742], [0.05831, 51.55782], [0.05844, 51.55747]], [[0.05863, 51.55737], [0.05861, 51.55739], [0.05852, 51.55742], [0.05863, 51.55737]], [[0.05864, 51.55736], [0.05865, 51.55733], [0.05865, 51.55735], [0.05864, 51.55736]], [[0.05865, 51.55732], [0.05866, 51.55729], [0.05886, 51.55717], [0.05865, 51.55732]], [[0.05946, 51.55696], [0.05955, 51.55696], [0.05949, 51.55698], [0.05912, 51.55698], [0.05946, 51.55696]]], [[[0.02115, 51.62903], [0.02129, 51.62882], [0.02161, 51.62889], [0.02481, 51.62736], [0.02591, 51.62657], [0.02503, 51.62617], [0.02547, 51.62454], [0.02421, 51.62431], [0.02385, 51.62502], [0.02206, 51.62478], [0.02175, 51.62516], [0.02051, 51.62492], [0.01975, 51.62424], [0.01974, 51.62318], [0.02045, 51.62246], [0.02126, 51.62222], [0.02284, 51.62234], [0.02039, 51.62178], [0.02057, 51.62119], [0.02131, 51.6213], [0.02144, 51.621], [0.02328, 51.62131], [0.02307, 51.62219], [0.02587, 51.62231], [0.02617, 51.6234], [0.02697, 51.62334], [0.02724, 51.62379], [0.0285, 51.62368], [0.02822, 51.62268], [0.02977, 51.62238], [0.02825, 51.62095], [0.02773, 51.62099], [0.02746, 51.62012], [0.02697, 51.62068], [0.02458, 51.6215], [0.02408, 51.62025], [0.02375, 51.62067], [0.02192, 51.61997], [0.02252, 51.61938], [0.02166, 51.61756], [0.0171, 51.61823], [0.01647, 51.61695], [0.0176, 51.61636], [0.01966, 51.61584], [0.02005, 51.61551], [0.02159, 51.61312], [0.02158, 51.61161], [0.02142, 51.61165], [0.02144, 51.6118], [0.02139, 51.61201], [0.02133, 51.61218], [0.02125, 51.61231], [0.01633, 51.61682], [0.01629, 51.61684], [0.02107, 51.61246], [0.0214, 51.61193], [0.02122, 51.61119], [0.019, 51.6115], [0.01864, 51.61177], [0.01819, 51.61169], [0.01404, 51.61465], [0.0139, 51.61482], [0.01431, 51.61509], [0.01378, 51.61536], [0.01322, 51.61514], [0.01201, 51.61613], [0.01089, 51.61551], [0.0107, 51.61509], [0.01085, 51.61383], [0.01173, 51.61387], [0.01181, 51.61355], [0.01277, 51.61375], [0.01607, 51.61146], [0.01323, 51.61006], [0.01256, 51.60924], [0.01143, 51.60927], [0.01127, 51.60798], [0.01334, 51.60749], [0.01359, 51.60776], [0.01473, 51.6075], [0.01619, 51.6089], [0.01914, 51.60779], [0.01802, 51.60605], [0.01656, 51.60665], [0.01596, 51.60627], [0.01655, 51.60596], [0.01543, 51.60461], [0.0161, 51.6045], [0.0174, 51.60529], [0.0139, 51.60055], [0.01273, 51.601], [0.01198, 51.60043], [0.01226, 51.60034], [0.01171, 51.59952], [0.01124, 51.59951], [0.01301, 51.59921], [0.0121, 51.59269], [0.0134, 51.58379], [0.01299, 51.58679], [0.01395, 51.58698], [0.01431, 51.58634], [0.01466, 51.58339], [0.0142, 51.58337], [0.01554, 51.58335], [0.01527, 51.58251], [0.01553, 51.58198], [0.01568, 51.58186], [0.01526, 51.58171], [0.01643, 51.57927], [0.01535, 51.58164], [0.01572, 51.58181], [0.01533, 51.58246], [0.01552, 51.58317], [0.01937, 51.58311], [0.0201, 51.58293], [0.01994, 51.58138], [0.01777, 51.57931], [0.01754, 51.57752], [0.01667, 51.57914], [0.0175, 51.57741], [0.01743, 51.57465], [0.01638, 51.5729], [0.0172, 51.57268], [0.01806, 51.57204], [0.01892, 51.57231], [0.01912, 51.56992], [0.01809, 51.57024], [0.0169, 51.56994], [0.01572, 51.57041], [0.01576, 51.5708], [0.0175, 51.57071], [0.01676, 51.57135], [0.01597, 51.57142], [0.01607, 51.57208], [0.01443, 51.57422], [0.01306, 51.57594], [0.0117, 51.57698], [0.01105, 51.57738], [0.00739, 51.57565], [0.00684, 51.57613], [0.00561, 51.57567], [0.00503, 51.57611], [0.00763, 51.57768], [0.00744, 51.57799], [0.00607, 51.57879], [0.00458, 51.5784], [0.00139, 51.58048], [0.00244, 51.58072], [0.00264, 51.58168], [0.00354, 51.58249], [0.00592, 51.58364], [0.00481, 51.5845], [0.00431, 51.58461], [0.00488, 51.58861], [0.00387, 51.58874], [0.00371, 51.58962], [0.0042, 51.59159], [0.00515, 51.59276], [0.00511, 51.59364], [0.00422, 51.59688], [0.0034, 51.59819], [0.0015, 51.59951], [-0.0003, 51.60024], [0.00184, 51.60049], [0.00806, 51.60307], [0.00918, 51.60395], [0.00768, 51.60491], [0.00933, 51.60561], [0.01019, 51.60642], [0.00907, 51.60852], [0.00877, 51.61243], [0.00784, 51.61507], [0.0085, 51.61559], [0.01041, 51.61637], [0.00986, 51.61786], [0.00959, 51.61815], [0.00902, 51.61811], [0.0088, 51.61829], [0.00866, 51.61858], [0.00944, 51.61845], [0.00887, 51.61901], [0.00925, 51.61892], [0.00882, 51.61903], [0.0097, 51.61914], [0.01073, 51.6189], [0.01229, 51.61904], [0.01409, 51.61887], [0.01455, 51.61885], [0.01466, 51.61929], [0.01453, 51.6189], [0.0141, 51.61888], [0.0122, 51.61911], [0.01066, 51.61897], [0.01021, 51.61917], [0.01091, 51.61975], [0.0118, 51.61971], [0.01147, 51.62015], [0.01399, 51.6209], [0.01306, 51.62209], [0.01445, 51.62334], [0.0138, 51.62372], [0.0136, 51.62477], [0.01421, 51.62487], [0.01394, 51.62565], [0.01704, 51.62594], [0.0172, 51.6253], [0.01801, 51.62539], [0.01958, 51.62617], [0.01973, 51.62648], [0.02004, 51.6262], [0.01972, 51.6261], [0.01981, 51.62595], [0.01947, 51.62569], [0.01949, 51.62544], [0.02012, 51.62617], [0.02018, 51.62663], [0.01997, 51.62694], [0.02007, 51.62652], [0.01765, 51.6276], [0.0175, 51.62793], [0.01942, 51.62821], [0.01795, 51.63055], [0.01639, 51.63102], [0.01597, 51.63064], [0.01569, 51.63095], [0.01472, 51.6308], [0.01407, 51.63277], [0.0143, 51.63416], [0.01196, 51.63421], [0.01232, 51.63453], [0.0046, 51.63653], [0.00052, 51.63695], [0.00046, 51.63587], [-2e-05, 51.63523], [-0.00091, 51.63518], [-0.00176, 51.63569], [-0.00291, 51.63458], [-0.00296, 51.6337], [-0.00631, 51.63448], [-0.00806, 51.63318], [-0.00826, 51.63337], [-0.00703, 51.63617], [-0.00457, 51.64038], [-0.0051, 51.64142], [-0.00581, 51.64191], [-0.00545, 51.64197], [-0.00575, 51.64334], [-0.00666, 51.64333], [-0.00456, 51.64354], [-0.00398, 51.64272], [-0.00088, 51.6436], [0.0002, 51.64244], [-0.00039, 51.64358], [0.00139, 51.64154], [0.00379, 51.6415], [0.00575, 51.6416], [0.00966, 51.64146], [0.00897, 51.64143], [0.01016, 51.64141], [0.01127, 51.64117], [0.01742, 51.64026], [0.01697, 51.64027], [0.01873, 51.64015], [0.02268, 51.641], [0.02305, 51.63776], [0.0251, 51.63729], [0.02499, 51.63709], [0.02516, 51.63729], [0.02471, 51.63605], [0.02522, 51.63525], [0.02477, 51.63587], [0.02518, 51.63373], [0.02574, 51.63457], [0.02433, 51.63239], [0.02514, 51.63366], [0.02435, 51.63255], [0.02389, 51.63082], [0.02367, 51.63069], [0.02246, 51.62977], [0.02223, 51.6295], [0.02389, 51.6308], [0.02182, 51.62883], [0.02115, 51.62903]], [[0.01624, 51.61687], [0.01569, 51.6171], [0.01473, 51.6174], [0.01629, 51.61684], [0.01624, 51.61687]], [[0.02064, 51.62735], [0.02069, 51.62814], [0.02059, 51.62735], [0.01994, 51.62702], [0.01997, 51.62694], [0.02064, 51.62735]], [[0.00842, 51.64147], [0.00884, 51.64143], [0.00897, 51.64143], [0.00842, 51.64147]], [[0.021, 51.62892], [0.02091, 51.62874], [0.0211, 51.62831], [0.021, 51.62892]], [[0.00093, 51.6418], [0.00063, 51.642], [0.00073, 51.64191], [0.00093, 51.6418]], [[0.0247, 51.63636], [0.02471, 51.63621], [0.02481, 51.63672], [0.0247, 51.63636]], [[0.01302, 51.60158], [0.01285, 51.60183], [0.0124, 51.60156], [0.01126, 51.60188], [0.01058, 51.60182], [0.01016, 51.60113], [0.01178, 51.60069], [0.01302, 51.60158]], [[0.01196, 51.584], [0.01142, 51.58503], [0.01104, 51.58519], [0.00973, 51.58481], [0.01005, 51.58378], [0.01196, 51.584]], [[0.00817, 51.58654], [0.0078, 51.5865], [0.00762, 51.58602], [0.0064, 51.58594], [0.00655, 51.58667], [0.00516, 51.58657], [0.00537, 51.58521], [0.0085, 51.58515], [0.00817, 51.58654]], [[0.01194, 51.60326], [0.01094, 51.60387], [0.00972, 51.60351], [0.0109, 51.60302], [0.01194, 51.60326]], [[0.02069, 51.62828], [0.02069, 51.62821], [0.02101, 51.62832], [0.02069, 51.62828]], [[0.0147, 51.61941], [0.01474, 51.61964], [0.01468, 51.61992], [0.0147, 51.61941]], [[0.0144, 51.62027], [0.01586, 51.62086], [0.01634, 51.62128], [0.01625, 51.62166], [0.01591, 51.62096], [0.01527, 51.62088], [0.01427, 51.62028], [0.01469, 51.61992], [0.0144, 51.62027]], [[0.01774, 51.62231], [0.01824, 51.62257], [0.01843, 51.62276], [0.0177, 51.62234], [0.01706, 51.62236], [0.01703, 51.62197], [0.01628, 51.62181], [0.01622, 51.62178], [0.01625, 51.62167], [0.01712, 51.62196], [0.01711, 51.62222], [0.01774, 51.62231]], [[0.01888, 51.62318], [0.01875, 51.62335], [0.01843, 51.62276], [0.01888, 51.62318]], [[0.01855, 51.62353], [0.0185, 51.62347], [0.01911, 51.62363], [0.01906, 51.62372], [0.01855, 51.62353]], [[0.01903, 51.62375], [0.01901, 51.62375], [0.01906, 51.62372], [0.01903, 51.62375]], [[0.01879, 51.62381], [0.01893, 51.62371], [0.019, 51.62374], [0.01881, 51.62402], [0.01879, 51.62381]], [[0.01905, 51.62482], [0.019, 51.62428], [0.0188, 51.62414], [0.01905, 51.62424], [0.01905, 51.62482]], [[0.01947, 51.62518], [0.01948, 51.62526], [0.01913, 51.62506], [0.01947, 51.62518]], [[0.01951, 51.62533], [0.01952, 51.6254], [0.01951, 51.62542], [0.01951, 51.62533]]], [[[-0.00827, 51.64366], [-0.00826, 51.64384], [-0.00819, 51.64361], [-0.00827, 51.64366]]], [[[-0.00799, 51.64552], [-0.00734, 51.64616], [-0.00832, 51.64469], [-0.00799, 51.64552]]], [[[-0.01075, 51.64637], [-0.01079, 51.64637], [-0.01026, 51.64643], [-0.01075, 51.64637]]], [[[-0.01119, 51.64508], [-0.01118, 51.64374], [-0.01179, 51.6425], [-0.01141, 51.64078], [-0.01188, 51.63873], [-0.01326, 51.63892], [-0.01462, 51.6359], [-0.01548, 51.63479], [-0.01336, 51.63467], [-0.0138, 51.63357], [-0.01521, 51.6335], [-0.0148, 51.63289], [-0.01377, 51.63263], [-0.01991, 51.62794], [-0.02181, 51.6257], [-0.02236, 51.62583], [-0.02604, 51.62013], [-0.02917, 51.61775], [-0.0303, 51.61529], [-0.03174, 51.61532], [-0.03242, 51.61505], [-0.03262, 51.61416], [-0.03395, 51.61247], [-0.03259, 51.60957], [-0.0326, 51.60847], [-0.03044, 51.60871], [-0.0305, 51.60749], [-0.02949, 51.60743], [-0.02646, 51.60606], [-0.0186, 51.60163], [-0.02292, 51.60116], [-0.02355, 51.60142], [-0.02585, 51.60106], [-0.02929, 51.60108], [-0.02966, 51.60249], [-0.03074, 51.60203], [-0.03329, 51.6018], [-0.03779, 51.60218], [-0.04019, 51.60146], [-0.04366, 51.59673], [-0.0433, 51.59024], [-0.04527, 51.58643], [-0.04375, 51.58643], [-0.04227, 51.58609], [-0.04003, 51.5817], [-0.04054, 51.58163], [-0.04033, 51.5804], [-0.04116, 51.58056], [-0.04192, 51.58023], [-0.04187, 51.57978], [-0.0431, 51.57946], [-0.0461, 51.57899], [-0.04683, 51.57925], [-0.04781, 51.57904], [-0.0505, 51.57746], [-0.05127, 51.57655], [-0.05243, 51.57688], [-0.05304, 51.57608], [-0.05545, 51.57421], [-0.05546, 51.57334], [-0.05626, 51.57316], [-0.0579, 51.57219], [-0.05854, 51.57275], [-0.06116, 51.57779], [-0.06164, 51.57848], [-0.06118, 51.57779], [-0.06148, 51.57772], [-0.06243, 51.57905], [-0.06235, 51.57989], [-0.06457, 51.57951], [-0.06519, 51.58099], [-0.06737, 51.58074], [-0.0675, 51.58108], [-0.0619, 51.5825], [-0.06074, 51.58231], [-0.05987, 51.58162], [-0.05809, 51.58261], [-0.05747, 51.58342], [-0.05582, 51.58434], [-0.05507, 51.5857], [-0.05339, 51.58693], [-0.05448, 51.58605], [-0.05374, 51.58647], [-0.05339, 51.58679], [-0.05238, 51.58738], [-0.05234, 51.5874], [-0.05229, 51.58745], [-0.05225, 51.5875], [-0.05216, 51.58766], [-0.05312, 51.58698], [-0.05587, 51.58772], [-0.05372, 51.58999], [-0.0536, 51.59065], [-0.05602, 51.59101], [-0.05489, 51.59387], [-0.05653, 51.59417], [-0.05483, 51.59674], [-0.05104, 51.59863], [-0.04986, 51.59971], [-0.04914, 51.6019], [-0.04973, 51.60336], [-0.04744, 51.60298], [-0.04505, 51.60626], [-0.04153, 51.60567], [-0.0407, 51.60623], [-0.03653, 51.60778], [-0.03571, 51.60842], [-0.03555, 51.60877], [-0.03881, 51.6121], [-0.03869, 51.61358], [-0.03904, 51.61379], [-0.03867, 51.61446], [-0.0394, 51.61505], [-0.03613, 51.62112], [-0.03555, 51.62166], [-0.03569, 51.62207], [-0.03353, 51.62649], [-0.03419, 51.62733], [-0.03961, 51.62825], [-0.03859, 51.63041], [-0.03991, 51.63067], [-0.03649, 51.63786], [-0.03431, 51.63754], [-0.03434, 51.63791], [-0.03105, 51.63744], [-0.03118, 51.63941], [-0.03036, 51.64144], [-0.03176, 51.64143], [-0.03459, 51.64197], [-0.03363, 51.64359], [-0.03288, 51.64421], [-0.03126, 51.64495], [-0.0306, 51.64496], [-0.0295, 51.64458], [-0.02606, 51.64623], [-0.02347, 51.6495], [-0.02249, 51.65017], [-0.02056, 51.65338], [-0.02087, 51.65424], [-0.02022, 51.65626], [-0.02053, 51.65709], [-0.0208, 51.66347], [-0.02238, 51.66477], [-0.02246, 51.66574], [-0.02449, 51.6675], [-0.02279, 51.66725], [-0.02205, 51.66805], [-0.02194, 51.66877], [-0.02072, 51.66876], [-0.02047, 51.67071], [-0.01918, 51.67057], [-0.01976, 51.66876], [-0.02063, 51.66864], [-0.0208, 51.66796], [-0.02149, 51.66798], [-0.02159, 51.66713], [-0.01968, 51.66703], [-0.02, 51.66563], [-0.01864, 51.6655], [-0.01821, 51.66697], [-0.01781, 51.66698], [-0.01772, 51.6666], [-0.01709, 51.66657], [-0.01689, 51.66597], [-0.01633, 51.66586], [-0.01503, 51.66637], [-0.01364, 51.66901], [-0.01322, 51.66902], [-0.01289, 51.66973], [-0.0132, 51.67167], [-0.01293, 51.67289], [-0.01347, 51.67327], [-0.01392, 51.67257], [-0.01423, 51.67254], [-0.01457, 51.67269], [-0.0142, 51.67311], [-0.01449, 51.67344], [-0.0158, 51.67295], [-0.01752, 51.6705], [-0.01932, 51.67076], [-0.01817, 51.67468], [-0.01779, 51.67783], [-0.01799, 51.67839], [-0.01874, 51.67905], [-0.02042, 51.67871], [-0.02398, 51.67883], [-0.02497, 51.67787], [-0.02726, 51.67805], [-0.02666, 51.68208], [-0.01977, 51.68115], [-0.01107, 51.68087], [-0.01033, 51.67666], [-0.01135, 51.67192], [-0.01137, 51.6707], [-0.01056, 51.66914], [-0.01122, 51.66761], [-0.01149, 51.66394], [-0.01149, 51.66384], [-0.01149, 51.66379], [-0.00909, 51.66101], [-0.00894, 51.66022], [-0.01176, 51.65313], [-0.01178, 51.65304], [-0.0118, 51.65298], [-0.01181, 51.65288], [-0.01179, 51.65298], [-0.01178, 51.65303], [-0.01184, 51.64885], [-0.01251, 51.64481], [-0.01304, 51.64147], [-0.01331, 51.63969], [-0.01226, 51.64623], [-0.01069, 51.64634], [-0.01119, 51.64508]], [[-0.05484, 51.58578], [-0.0553, 51.58498], [-0.05448, 51.58605], [-0.05484, 51.58578]], [[-0.05215, 51.58781], [-0.05217, 51.58789], [-0.05232, 51.58817], [-0.05238, 51.58825], [-0.05252, 51.58841], [-0.05267, 51.58854], [-0.05216, 51.58766], [-0.05215, 51.58781]], [[-0.04317, 51.60317], [-0.04139, 51.60565], [-0.03993, 51.60642], [-0.04153, 51.60567], [-0.04317, 51.60317]], [[-0.04639, 51.59978], [-0.04603, 51.60012], [-0.04352, 51.60271], [-0.04337, 51.60289], [-0.04317, 51.60317], [-0.04639, 51.59978]], [[-0.04767, 51.59873], [-0.05007, 51.59697], [-0.05014, 51.59692], [-0.05021, 51.59686], [-0.05034, 51.59673], [-0.04722, 51.59905], [-0.04657, 51.5996], [-0.04649, 51.59968], [-0.04639, 51.59978], [-0.04767, 51.59873]], [[-0.0148, 51.63678], [-0.01493, 51.63606], [-0.01485, 51.63619], [-0.01475, 51.6368], [-0.01333, 51.63953], [-0.01331, 51.63969], [-0.0148, 51.63678]], [[-0.02426, 51.62437], [-0.02448, 51.62407], [-0.0247, 51.6237], [-0.02532, 51.62235], [-0.02916, 51.61903], [-0.0259, 51.62174], [-0.02544, 51.62219], [-0.02526, 51.62241], [-0.02445, 51.62409], [-0.0153, 51.63544], [-0.01493, 51.63606], [-0.02426, 51.62437]], [[-0.03168, 51.61721], [-0.03192, 51.61701], [-0.0321, 51.61686], [-0.03231, 51.61666], [-0.03278, 51.61618], [-0.03448, 51.61417], [-0.03439, 51.61426], [-0.03261, 51.61634], [-0.02954, 51.61871], [-0.02916, 51.61903], [-0.03168, 51.61721]], [[-0.03497, 51.61368], [-0.03506, 51.61356], [-0.03456, 51.61407], [-0.03448, 51.61417], [-0.03497, 51.61368]], [[-0.03508, 51.61354], [-0.03521, 51.61331], [-0.0355, 51.61252], [-0.03555, 51.61228], [-0.03551, 51.61202], [-0.03506, 51.61356], [-0.03508, 51.61354]], [[-0.03401, 51.61014], [-0.03403, 51.61018], [-0.03408, 51.61025], [-0.03551, 51.61202], [-0.03401, 51.61014]], [[-0.03419, 51.60912], [-0.03409, 51.60923], [-0.03405, 51.60929], [-0.03399, 51.6094], [-0.03395, 51.60948], [-0.03392, 51.60957], [-0.03391, 51.6097], [-0.03391, 51.60982], [-0.03395, 51.61001], [-0.03399, 51.61011], [-0.03401, 51.61014], [-0.03419, 51.60912]], [[-0.03527, 51.60824], [-0.03495, 51.60843], [-0.03481, 51.60852], [-0.03455, 51.60874], [-0.03427, 51.60902], [-0.03419, 51.60912], [-0.03527, 51.60824]], [[-0.01112, 51.68026], [-0.01113, 51.68042], [-0.01113, 51.68031], [-0.01112, 51.68026]], [[-0.01102, 51.6629], [-0.01081, 51.66269], [-0.01132, 51.6633], [-0.01102, 51.6629]], [[-0.0118, 51.65234], [-0.01182, 51.65281], [-0.01182, 51.65263], [-0.0118, 51.65234]], [[-0.05742, 51.5831], [-0.05747, 51.58305], [-0.05783, 51.58251], [-0.0572, 51.58329], [-0.05742, 51.5831]], [[-0.05671, 51.58351], [-0.0566, 51.58357], [-0.05711, 51.58334], [-0.05671, 51.58351]], [[-0.05826, 51.58223], [-0.05811, 51.58233], [-0.05795, 51.58244], [-0.05844, 51.58214], [-0.05826, 51.58223]], [[-0.06087, 51.58093], [-0.06096, 51.58087], [-0.05846, 51.58213], [-0.06087, 51.58093]], [[-0.06125, 51.58068], [-0.06138, 51.58058], [-0.06097, 51.58087], [-0.06125, 51.58068]], [[-0.06221, 51.5793], [-0.0622, 51.57925], [-0.06217, 51.57916], [-0.06212, 51.57906], [-0.06171, 51.57858], [-0.06222, 51.57946], [-0.06221, 51.5793]], [[-0.056, 51.58403], [-0.05576, 51.58423], [-0.05534, 51.58485], [-0.056, 51.58403]], [[-0.05293, 51.58898], [-0.05305, 51.5891], [-0.05307, 51.589], [-0.05268, 51.58855], [-0.05293, 51.58898]], [[-0.05236, 51.59165], [-0.05228, 51.59358], [-0.05208, 51.59419], [-0.0521, 51.59414], [-0.05224, 51.59378], [-0.0525, 51.59258], [-0.0534, 51.59094], [-0.05353, 51.58988], [-0.05305, 51.5891], [-0.05236, 51.59165]], [[-0.05126, 51.59486], [-0.05121, 51.59493], [-0.05182, 51.59446], [-0.05197, 51.59432], [-0.05207, 51.59419], [-0.05126, 51.59486]], [[-0.0512, 51.59493], [-0.05113, 51.59505], [-0.0511, 51.59514], [-0.05108, 51.59526], [-0.05121, 51.59493], [-0.0512, 51.59493]], [[-0.05105, 51.59555], [-0.05106, 51.59549], [-0.05108, 51.59527], [-0.05036, 51.59671], [-0.05105, 51.59555]], [[-0.01378, 51.66661], [-0.01385, 51.66608], [-0.01572, 51.66543], [-0.01496, 51.66445], [-0.01371, 51.66365], [-0.01184, 51.66391], [-0.01161, 51.66782], [-0.01098, 51.66914], [-0.01135, 51.66983], [-0.01378, 51.66661]], [[-0.0326, 51.62597], [-0.03189, 51.62763], [-0.03263, 51.62776], [-0.0331, 51.62615], [-0.0326, 51.62597]], [[-0.03455, 51.62328], [-0.03406, 51.62317], [-0.03254, 51.62591], [-0.03331, 51.62602], [-0.03455, 51.62328]]], [[[-0.01175, 51.65313], [-0.0108, 51.65551], [-0.01178, 51.65304], [-0.01175, 51.65313]]], [[[0.20964, 51.48977], [0.20887, 51.48986], [0.20931, 51.49042], [0.20863, 51.48991], [0.20772, 51.49021], [0.20869, 51.49076], [0.20887, 51.49159], [0.20777, 51.49265], [0.20915, 51.49322], [0.20148, 51.49624], [0.21, 51.5055], [0.20201, 51.51013], [0.2034, 51.51117], [0.20529, 51.51205], [0.20239, 51.51494], [0.20338, 51.51533], [0.20298, 51.51568], [0.20675, 51.51667], [0.20915, 51.51776], [0.2135, 51.52052], [0.21754, 51.52083], [0.21734, 51.52134], [0.21772, 51.52138], [0.21727, 51.52285], [0.22053, 51.52317], [0.21878, 51.52878], [0.21669, 51.52909], [0.21269, 51.52922], [0.21242, 51.53], [0.2105, 51.52933], [0.20996, 51.52825], [0.20607, 51.52681], [0.20476, 51.52565], [0.20434, 51.52506], [0.20487, 51.52351], [0.20317, 51.52286], [0.20406, 51.52103], [0.20145, 51.52164], [0.19883, 51.52186], [0.19123, 51.52165], [0.19074, 51.52145], [0.19064, 51.52192], [0.19002, 51.52219], [0.19156, 51.52356], [0.19186, 51.52539], [0.19308, 51.52711], [0.1935, 51.52714], [0.19449, 51.52785], [0.19274, 51.52885], [0.19192, 51.5284], [0.19082, 51.529], [0.19161, 51.53023], [0.19165, 51.53165], [0.19259, 51.53121], [0.19447, 51.53274], [0.19529, 51.53231], [0.19892, 51.53494], [0.2002, 51.53476], [0.20153, 51.53671], [0.20113, 51.53722], [0.20131, 51.53779], [0.20215, 51.53841], [0.20221, 51.53876], [0.20374, 51.53889], [0.20307, 51.5376], [0.20463, 51.53713], [0.2048, 51.53784], [0.20504, 51.53779], [0.20534, 51.53822], [0.2057, 51.53815], [0.20602, 51.53914], [0.20544, 51.53932], [0.20568, 51.5397], [0.20624, 51.53964], [0.20618, 51.53992], [0.20702, 51.54046], [0.20854, 51.54236], [0.21181, 51.54173], [0.21298, 51.54237], [0.21379, 51.54302], [0.21782, 51.54941], [0.21939, 51.54916], [0.22263, 51.54746], [0.22347, 51.54817], [0.22679, 51.54925], [0.22719, 51.54891], [0.2302, 51.55047], [0.23251, 51.55129], [0.23303, 51.55064], [0.2331, 51.54946], [0.23369, 51.54854], [0.23683, 51.54952], [0.23919, 51.54864], [0.24052, 51.54855], [0.24049, 51.5465], [0.24114, 51.54353], [0.24148, 51.54349], [0.24169, 51.54292], [0.2495, 51.5442], [0.24972, 51.54397], [0.24906, 51.5435], [0.25033, 51.54231], [0.25325, 51.54324], [0.25455, 51.5432], [0.25391, 51.545], [0.25354, 51.54477], [0.25269, 51.54547], [0.25221, 51.54524], [0.25134, 51.54673], [0.25602, 51.54781], [0.25855, 51.54879], [0.25908, 51.54952], [0.25925, 51.55759], [0.26638, 51.55719], [0.26756, 51.5566], [0.26789, 51.55661], [0.26804, 51.55702], [0.26827, 51.55652], [0.26888, 51.5566], [0.26904, 51.55624], [0.26994, 51.55637], [0.26982, 51.55684], [0.27262, 51.55699], [0.2725, 51.55802], [0.27443, 51.55805], [0.27403, 51.56179], [0.27554, 51.56207], [0.27484, 51.56316], [0.27536, 51.56518], [0.27754, 51.56518], [0.27769, 51.56626], [0.28041, 51.56665], [0.28003, 51.56734], [0.27977, 51.56923], [0.27781, 51.56907], [0.27677, 51.56925], [0.27784, 51.57052], [0.27457, 51.57066], [0.27506, 51.57246], [0.27416, 51.5726], [0.26937, 51.57274], [0.26532, 51.57322], [0.25732, 51.5734], [0.25696, 51.57217], [0.25718, 51.5706], [0.25264, 51.5708], [0.25262, 51.56978], [0.25505, 51.56972], [0.25681, 51.56941], [0.25675, 51.56888], [0.2562, 51.56774], [0.25225, 51.56829], [0.25158, 51.5664], [0.2532, 51.56619], [0.25114, 51.5637], [0.24861, 51.56427], [0.24691, 51.56061], [0.2433, 51.56145], [0.24268, 51.56057], [0.24083, 51.56118], [0.24209, 51.56271], [0.23708, 51.56408], [0.23601, 51.56457], [0.23798, 51.56729], [0.23874, 51.56708], [0.23891, 51.56733], [0.23918, 51.56725], [0.24062, 51.56862], [0.24146, 51.56838], [0.24238, 51.56979], [0.24245, 51.57051], [0.23789, 51.57061], [0.23771, 51.57157], [0.23644, 51.57313], [0.23593, 51.57463], [0.23748, 51.57465], [0.23724, 51.5753], [0.23892, 51.57551], [0.23898, 51.57569], [0.24016, 51.57559], [0.24099, 51.57734], [0.24072, 51.57779], [0.24098, 51.57781], [0.24092, 51.57815], [0.24231, 51.57851], [0.24222, 51.57897], [0.24029, 51.57926], [0.23824, 51.5799], [0.23363, 51.58211], [0.23395, 51.58245], [0.23381, 51.58337], [0.23621, 51.58362], [0.23599, 51.58411], [0.23631, 51.58421], [0.23619, 51.58462], [0.23442, 51.58624], [0.23445, 51.58645], [0.23506, 51.5866], [0.23363, 51.58885], [0.23661, 51.58957], [0.23672, 51.58938], [0.23711, 51.58945], [0.23663, 51.59018], [0.2379, 51.59057], [0.23783, 51.5913], [0.23727, 51.59211], [0.23807, 51.59233], [0.23777, 51.59275], [0.23876, 51.59297], [0.23811, 51.59371], [0.23972, 51.59447], [0.23899, 51.59534], [0.2418, 51.59634], [0.24387, 51.59766], [0.24655, 51.59851], [0.24827, 51.59943], [0.25, 51.59998], [0.25055, 51.60047], [0.25401, 51.6016], [0.25482, 51.60134], [0.25791, 51.60127], [0.25825, 51.60092], [0.26448, 51.59976], [0.26987, 51.59955], [0.27032, 51.59755], [0.26938, 51.5955], [0.26937, 51.59547], [0.26933, 51.59538], [0.26933, 51.5953], [0.26934, 51.59527], [0.27025, 51.59109], [0.27135, 51.58976], [0.27123, 51.58899], [0.27214, 51.58761], [0.27246, 51.58743], [0.27381, 51.58681], [0.27548, 51.5849], [0.27765, 51.58291], [0.27457, 51.58608], [0.28197, 51.5789], [0.28201, 51.57883], [0.28199, 51.57857], [0.28276, 51.57765], [0.28419, 51.57543], [0.2848, 51.5745], [0.28505, 51.57417], [0.28509, 51.57411], [0.28529, 51.57397], [0.28551, 51.57388], [0.28566, 51.57384], [0.28617, 51.57376], [0.28617, 51.57375], [0.28667, 51.57357], [0.28712, 51.57271], [0.28672, 51.57147], [0.29029, 51.5643], [0.31304, 51.56582], [0.31529, 51.55784], [0.3165, 51.55769], [0.31844, 51.55678], [0.3189, 51.55519], [0.32205, 51.5542], [0.32231, 51.55278], [0.32516, 51.55306], [0.32782, 51.55099], [0.32798, 51.54856], [0.32947, 51.54656], [0.3289, 51.54584], [0.33145, 51.54594], [0.3339, 51.54249], [0.33358, 51.54182], [0.33349, 51.54165], [0.33333, 51.54126], [0.33384, 51.54116], [0.33402, 51.5405], [0.33143, 51.54005], [0.33159, 51.5408], [0.32529, 51.54065], [0.32153, 51.5405], [0.31053, 51.53965], [0.31051, 51.53935], [0.31004, 51.53929], [0.30447, 51.53904], [0.30072, 51.53876], [0.30086, 51.53813], [0.29721, 51.53766], [0.29721, 51.53765], [0.29721, 51.53763], [0.29742, 51.53672], [0.29775, 51.53532], [0.29044, 51.53466], [0.29052, 51.53449], [0.28987, 51.53456], [0.28808, 51.53455], [0.28176, 51.53394], [0.27634, 51.53293], [0.27622, 51.53318], [0.27496, 51.53294], [0.27429, 51.53297], [0.27346, 51.53312], [0.27265, 51.5332], [0.27213, 51.5332], [0.27071, 51.53309], [0.26968, 51.53295], [0.26535, 51.53215], [0.26539, 51.52496], [0.26567, 51.52461], [0.26674, 51.52451], [0.26675, 51.52451], [0.26664, 51.52296], [0.26501, 51.5229], [0.26426, 51.52164], [0.26407, 51.52121], [0.26404, 51.52108], [0.26399, 51.52084], [0.26368, 51.51787], [0.26365, 51.51787], [0.26273, 51.51793], [0.26231, 51.51793], [0.26088, 51.51825], [0.2603, 51.51837], [0.25893, 51.51776], [0.25717, 51.51781], [0.25751, 51.51787], [0.25708, 51.51781], [0.25408, 51.5179], [0.2539, 51.51789], [0.2539, 51.51788], [0.25383, 51.51789], [0.25233, 51.52479], [0.25154, 51.52597], [0.25091, 51.52857], [0.25105, 51.5282], [0.25143, 51.52751], [0.25085, 51.52882], [0.24932, 51.52874], [0.24896, 51.52867], [0.24888, 51.52741], [0.24829, 51.52755], [0.24687, 51.52686], [0.24642, 51.52661], [0.24632, 51.52653], [0.24628, 51.52649], [0.24626, 51.52646], [0.24709, 51.52509], [0.24584, 51.52352], [0.24286, 51.52439], [0.24096, 51.52225], [0.2407, 51.52196], [0.24072, 51.52121], [0.2443, 51.52047], [0.24467, 51.52015], [0.24444, 51.52001], [0.24423, 51.51976], [0.24491, 51.51876], [0.24394, 51.51834], [0.2402, 51.51935], [0.23991, 51.51939], [0.23791, 51.51937], [0.23737, 51.51934], [0.23718, 51.51933], [0.24114, 51.51374], [0.23999, 51.51324], [0.23997, 51.51305], [0.24031, 51.51075], [0.24051, 51.51058], [0.24054, 51.51055], [0.24058, 51.51051], [0.2406, 51.51051], [0.24144, 51.5105], [0.24179, 51.50794], [0.24, 51.50771], [0.23985, 51.50728], [0.23344, 51.50667], [0.22999, 51.5068], [0.22896, 51.5068], [0.22663, 51.50659], [0.2264, 51.50593], [0.22602, 51.50588], [0.22603, 51.50575], [0.22661, 51.50449], [0.22997, 51.49937], [0.22791, 51.49886], [0.22436, 51.49733], [0.22361, 51.49791], [0.22165, 51.49781], [0.21718, 51.49663], [0.21703, 51.49658], [0.21549, 51.49662], [0.21416, 51.49604], [0.21354, 51.49501], [0.21307, 51.49502], [0.21193, 51.49104], [0.20964, 51.48977]], [[0.28044, 51.56659], [0.28053, 51.56624], [0.28205, 51.56639], [0.28192, 51.56701], [0.28026, 51.56698], [0.28041, 51.56665], [0.28044, 51.56659]], [[0.28625, 51.5736], [0.28638, 51.57353], [0.28617, 51.57375], [0.28625, 51.5736]], [[0.26054, 51.51835], [0.26039, 51.51837], [0.26088, 51.51825], [0.26054, 51.51835]], [[0.25783, 51.51781], [0.25861, 51.51784], [0.25751, 51.51787], [0.25783, 51.51781]], [[0.25219, 51.52508], [0.25213, 51.52514], [0.25226, 51.52498], [0.25219, 51.52508]], [[0.24624, 51.52637], [0.24625, 51.52633], [0.24626, 51.52629], [0.24638, 51.52617], [0.24624, 51.52637]], [[0.25146, 51.52717], [0.25143, 51.5275], [0.25138, 51.52746], [0.25146, 51.52717]], [[0.25151, 51.52648], [0.25152, 51.52656], [0.25152, 51.5266], [0.25151, 51.52648]], [[0.25382, 51.51805], [0.25369, 51.51937], [0.2535, 51.51986], [0.25344, 51.52001], [0.25382, 51.51805]], [[0.32903, 51.54704], [0.32885, 51.54727], [0.32889, 51.54721], [0.32903, 51.54704]], [[0.31561, 51.55767], [0.31607, 51.55769], [0.31571, 51.55768], [0.31561, 51.55767]], [[0.26169, 51.60017], [0.26223, 51.60003], [0.26228, 51.60002], [0.26127, 51.60029], [0.26169, 51.60017]], [[0.26278, 51.59998], [0.2623, 51.60002], [0.26437, 51.59977], [0.26278, 51.59998]], [[0.26766, 51.59957], [0.26767, 51.59959], [0.26756, 51.59957], [0.26766, 51.59957]], [[0.26996, 51.59212], [0.27002, 51.59189], [0.27006, 51.59178], [0.26996, 51.59212]], [[0.27006, 51.59177], [0.27012, 51.59154], [0.27011, 51.59166], [0.27006, 51.59177]], [[0.27859, 51.582], [0.27877, 51.58185], [0.27766, 51.5829], [0.27859, 51.582]], [[0.28166, 51.57894], [0.28178, 51.57884], [0.28198, 51.57883], [0.28174, 51.57889], [0.27988, 51.58088], [0.2788, 51.58181], [0.28166, 51.57894]], [[0.29372, 51.56214], [0.29413, 51.56023], [0.29458, 51.56026], [0.29422, 51.56217], [0.29372, 51.56214]], [[0.29164, 51.56214], [0.29145, 51.56321], [0.29072, 51.56312], [0.29093, 51.56209], [0.29164, 51.56214]], [[0.27787, 51.54239], [0.27721, 51.54209], [0.27834, 51.54221], [0.27704, 51.54411], [0.27787, 51.54239]], [[0.26905, 51.57539], [0.26923, 51.57583], [0.26789, 51.576], [0.26762, 51.57556], [0.26905, 51.57539]], [[0.26119, 51.58654], [0.26163, 51.58592], [0.26205, 51.58603], [0.26183, 51.58641], [0.26211, 51.58647], [0.26195, 51.5868], [0.26119, 51.58654]], [[0.24382, 51.57691], [0.24294, 51.57689], [0.243, 51.57627], [0.24388, 51.57635], [0.24382, 51.57691]], [[0.23799, 51.58253], [0.23833, 51.58256], [0.23828, 51.58275], [0.23776, 51.58263], [0.23799, 51.58253]]], [[[0.25392, 51.60192], [0.25394, 51.60198], [0.25398, 51.60199], [0.25392, 51.60192]]], [[[0.25276, 51.60335], [0.252, 51.60458], [0.24884, 51.60354], [0.24769, 51.60607], [0.24486, 51.60548], [0.24272, 51.60863], [0.24163, 51.60945], [0.23983, 51.60966], [0.23932, 51.60857], [0.23678, 51.60913], [0.237, 51.60948], [0.23608, 51.60968], [0.236, 51.61085], [0.23511, 51.61133], [0.23356, 51.611], [0.23221, 51.60979], [0.23087, 51.60965], [0.23092, 51.60944], [0.23019, 51.60937], [0.23007, 51.60975], [0.23097, 51.61014], [0.23113, 51.61138], [0.23064, 51.61227], [0.22991, 51.61202], [0.22877, 51.61268], [0.22909, 51.61299], [0.22815, 51.61363], [0.22945, 51.6143], [0.22925, 51.61457], [0.22981, 51.61471], [0.22806, 51.61669], [0.22647, 51.61675], [0.22279, 51.61612], [0.22196, 51.61733], [0.2212, 51.61787], [0.21909, 51.61668], [0.21813, 51.61715], [0.21728, 51.61659], [0.21666, 51.61699], [0.21563, 51.61636], [0.21347, 51.61794], [0.21211, 51.61692], [0.21384, 51.61549], [0.21334, 51.61527], [0.21397, 51.6148], [0.21472, 51.61479], [0.2151, 51.61447], [0.21711, 51.61563], [0.21823, 51.61501], [0.21873, 51.61422], [0.21602, 51.6135], [0.21547, 51.61326], [0.21583, 51.61299], [0.21506, 51.61254], [0.21467, 51.61279], [0.21345, 51.6121], [0.21237, 51.61306], [0.21214, 51.61297], [0.21114, 51.61249], [0.20955, 51.61085], [0.2077, 51.60977], [0.20791, 51.60885], [0.20765, 51.60882], [0.20728, 51.6095], [0.2045, 51.6082], [0.2083, 51.60771], [0.20955, 51.60449], [0.20667, 51.60393], [0.20673, 51.60354], [0.20451, 51.60305], [0.20368, 51.60266], [0.20285, 51.60195], [0.2037, 51.6013], [0.20365, 51.60101], [0.20298, 51.60047], [0.20272, 51.60055], [0.20085, 51.59789], [0.19989, 51.59711], [0.20463, 51.59555], [0.20728, 51.59517], [0.20711, 51.59446], [0.20763, 51.59438], [0.20779, 51.59347], [0.21266, 51.59289], [0.21296, 51.59229], [0.21209, 51.59211], [0.21013, 51.59098], [0.20955, 51.59134], [0.2085, 51.59049], [0.20703, 51.5907], [0.20706, 51.59257], [0.2063, 51.59317], [0.20542, 51.59327], [0.20522, 51.59358], [0.20412, 51.59384], [0.2046, 51.5928], [0.2056, 51.59258], [0.20589, 51.59225], [0.20566, 51.59098], [0.20528, 51.59081], [0.20568, 51.59041], [0.20494, 51.58986], [0.20034, 51.58805], [0.20084, 51.58732], [0.19885, 51.58701], [0.19691, 51.58926], [0.19755, 51.59006], [0.19525, 51.59226], [0.19541, 51.5927], [0.19384, 51.59494], [0.18923, 51.59397], [0.18846, 51.5957], [0.18899, 51.59582], [0.18849, 51.59679], [0.18674, 51.59645], [0.18727, 51.59542], [0.18422, 51.59478], [0.18332, 51.59714], [0.18542, 51.60181], [0.1855, 51.6029], [0.18128, 51.60356], [0.18158, 51.60428], [0.18136, 51.60492], [0.18021, 51.60471], [0.17828, 51.60691], [0.17824, 51.60819], [0.1752, 51.60783], [0.17503, 51.60879], [0.17297, 51.60788], [0.17208, 51.60778], [0.17238, 51.6089], [0.17263, 51.60905], [0.17252, 51.60869], [0.17282, 51.60867], [0.17289, 51.60958], [0.17258, 51.60957], [0.17263, 51.60907], [0.17242, 51.60954], [0.16637, 51.60911], [0.16623, 51.60981], [0.16373, 51.60947], [0.16217, 51.61003], [0.16147, 51.61126], [0.16025, 51.6111], [0.16067, 51.61019], [0.15621, 51.61018], [0.15476, 51.60519], [0.15538, 51.60511], [0.15529, 51.60481], [0.15518, 51.60442], [0.15454, 51.60449], [0.154, 51.60272], [0.15466, 51.60264], [0.153, 51.60152], [0.14902, 51.60151], [0.14825, 51.59904], [0.15311, 51.59777], [0.15527, 51.59794], [0.15551, 51.59722], [0.15513, 51.59603], [0.15522, 51.59289], [0.15587, 51.59286], [0.156, 51.59262], [0.15682, 51.59264], [0.15746, 51.59157], [0.15675, 51.59115], [0.15797, 51.59009], [0.15348, 51.58304], [0.16381, 51.58139], [0.16435, 51.58163], [0.16464, 51.58136], [0.16435, 51.58092], [0.16455, 51.5787], [0.16499, 51.57872], [0.16499, 51.57802], [0.16672, 51.57677], [0.16377, 51.57624], [0.16374, 51.57643], [0.16079, 51.57644], [0.16081, 51.57447], [0.1534, 51.57355], [0.15389, 51.57164], [0.15563, 51.57169], [0.15699, 51.572], [0.15824, 51.56991], [0.15842, 51.56855], [0.16073, 51.56849], [0.17102, 51.56913], [0.17345, 51.56937], [0.17474, 51.56971], [0.17584, 51.56846], [0.17431, 51.56832], [0.17426, 51.56755], [0.17193, 51.56746], [0.17168, 51.56598], [0.16809, 51.56596], [0.16799, 51.56627], [0.16531, 51.56593], [0.16315, 51.56593], [0.16348, 51.56327], [0.16013, 51.5626], [0.16189, 51.56162], [0.16634, 51.56326], [0.16836, 51.56356], [0.16856, 51.56156], [0.17003, 51.56143], [0.17007, 51.55988], [0.17532, 51.55979], [0.17604, 51.55671], [0.17662, 51.55649], [0.17792, 51.55644], [0.18336, 51.55702], [0.18286, 51.55781], [0.18339, 51.55918], [0.18214, 51.56131], [0.18394, 51.5645], [0.18439, 51.56416], [0.18561, 51.56519], [0.18625, 51.56483], [0.18637, 51.56352], [0.18424, 51.5635], [0.18407, 51.5624], [0.18428, 51.56072], [0.18478, 51.56076], [0.18489, 51.56047], [0.18558, 51.56057], [0.18567, 51.56021], [0.18483, 51.55765], [0.1884, 51.55832], [0.18898, 51.55698], [0.19138, 51.55365], [0.19063, 51.55138], [0.18856, 51.54932], [0.1869, 51.54703], [0.18723, 51.54658], [0.19108, 51.54541], [0.19204, 51.54444], [0.19166, 51.54397], [0.18935, 51.54256], [0.18748, 51.5402], [0.1911, 51.5391], [0.19071, 51.53877], [0.19265, 51.53809], [0.19125, 51.53686], [0.1899, 51.5351], [0.18703, 51.53591], [0.18619, 51.53561], [0.18349, 51.53652], [0.18203, 51.53563], [0.17947, 51.53655], [0.17762, 51.53451], [0.18113, 51.53336], [0.18073, 51.53255], [0.18153, 51.5324], [0.17872, 51.52939], [0.17835, 51.52951], [0.17807, 51.52849], [0.17251, 51.52924], [0.16972, 51.52986], [0.17023, 51.53052], [0.1696, 51.53074], [0.16927, 51.53], [0.16843, 51.52975], [0.16716, 51.52872], [0.16602, 51.52674], [0.16543, 51.52683], [0.1652, 51.52644], [0.16355, 51.52689], [0.16506, 51.5291], [0.16397, 51.52914], [0.1631, 51.53036], [0.16122, 51.53196], [0.15995, 51.53277], [0.15868, 51.53318], [0.15969, 51.53382], [0.15864, 51.53448], [0.15748, 51.53375], [0.15584, 51.53559], [0.15427, 51.53623], [0.15432, 51.53829], [0.15884, 51.53803], [0.15934, 51.53764], [0.15951, 51.53652], [0.16376, 51.53661], [0.16383, 51.53765], [0.16472, 51.53808], [0.16582, 51.53826], [0.16515, 51.53531], [0.16587, 51.53526], [0.16599, 51.53398], [0.16985, 51.53391], [0.16997, 51.53477], [0.17066, 51.53466], [0.17291, 51.53813], [0.16929, 51.53862], [0.16964, 51.53958], [0.17438, 51.53909], [0.17681, 51.54051], [0.17721, 51.54237], [0.17848, 51.54234], [0.1785, 51.54264], [0.1789, 51.54264], [0.17895, 51.54316], [0.17085, 51.54316], [0.17074, 51.5435], [0.16617, 51.54351], [0.16632, 51.54408], [0.17819, 51.54611], [0.17735, 51.54805], [0.16882, 51.54779], [0.16804, 51.5473], [0.16558, 51.54979], [0.16475, 51.54946], [0.16455, 51.54977], [0.16352, 51.54969], [0.16347, 51.55006], [0.16288, 51.54997], [0.16237, 51.55062], [0.16631, 51.55077], [0.16606, 51.55282], [0.16973, 51.55304], [0.16971, 51.55644], [0.16884, 51.55716], [0.16832, 51.55714], [0.16824, 51.55672], [0.16321, 51.55653], [0.16324, 51.55582], [0.16142, 51.55579], [0.1611, 51.55484], [0.15992, 51.55478], [0.15971, 51.55708], [0.15697, 51.55909], [0.15763, 51.55948], [0.15662, 51.56014], [0.15658, 51.56128], [0.15597, 51.56127], [0.15517, 51.56388], [0.15025, 51.56384], [0.1502, 51.56513], [0.15055, 51.5652], [0.15046, 51.56559], [0.15125, 51.56572], [0.15074, 51.56704], [0.15294, 51.56711], [0.15425, 51.56619], [0.15385, 51.5665], [0.15464, 51.56664], [0.15441, 51.57032], [0.1455, 51.56945], [0.14538, 51.57125], [0.14929, 51.57146], [0.14899, 51.57323], [0.14794, 51.57312], [0.14815, 51.5756], [0.14804, 51.57579], [0.14403, 51.57549], [0.14413, 51.57748], [0.14071, 51.57731], [0.14088, 51.57962], [0.14112, 51.57972], [0.1419, 51.5845], [0.14195, 51.58517], [0.14193, 51.58544], [0.13998, 51.5852], [0.13936, 51.58481], [0.13756, 51.58725], [0.13826, 51.58743], [0.14005, 51.58705], [0.14066, 51.58797], [0.1416, 51.5878], [0.14226, 51.58915], [0.14218, 51.59092], [0.14192, 51.59108], [0.13774, 51.59013], [0.13629, 51.58918], [0.1338, 51.58809], [0.11945, 51.58552], [0.11776, 51.58441], [0.11777, 51.5826], [0.11739, 51.58211], [0.11618, 51.58234], [0.1136, 51.58237], [0.10879, 51.5818], [0.10877, 51.58278], [0.10656, 51.58338], [0.10543, 51.58269], [0.10403, 51.58341], [0.10153, 51.58388], [0.10137, 51.58369], [0.09734, 51.58293], [0.09791, 51.58176], [0.09565, 51.58134], [0.09507, 51.5823], [0.09183, 51.58142], [0.09189, 51.58013], [0.09095, 51.57982], [0.09058, 51.57922], [0.09022, 51.57937], [0.08952, 51.57904], [0.08863, 51.58109], [0.08841, 51.58251], [0.08924, 51.58653], [0.08891, 51.58663], [0.08917, 51.58789], [0.0889, 51.58791], [0.08884, 51.5875], [0.08794, 51.58755], [0.08763, 51.5872], [0.0869, 51.58752], [0.08771, 51.58811], [0.0875, 51.58837], [0.08773, 51.58933], [0.0871, 51.59083], [0.08709, 51.59203], [0.08738, 51.59242], [0.08632, 51.59389], [0.09071, 51.59526], [0.09076, 51.5958], [0.08602, 51.59446], [0.08487, 51.59489], [0.08563, 51.59856], [0.08546, 51.5998], [0.0917, 51.60122], [0.09236, 51.60065], [0.09251, 51.60135], [0.09293, 51.60149], [0.11259, 51.60597], [0.11695, 51.60809], [0.12075, 51.60477], [0.12314, 51.60582], [0.12179, 51.607], [0.12779, 51.60958], [0.12604, 51.61113], [0.12215, 51.61311], [0.11911, 51.61525], [0.11993, 51.61558], [0.11931, 51.61537], [0.12422, 51.61745], [0.12612, 51.61959], [0.12793, 51.62017], [0.12891, 51.62065], [0.12921, 51.62139], [0.13332, 51.62274], [0.13062, 51.62175], [0.13224, 51.62216], [0.1351, 51.62332], [0.13584, 51.62349], [0.13821, 51.62349], [0.14008, 51.62132], [0.14402, 51.6171], [0.13818, 51.62355], [0.15107, 51.62325], [0.15555, 51.62334], [0.16583, 51.62238], [0.1689, 51.62142], [0.1753, 51.62359], [0.1804, 51.62447], [0.1806, 51.62567], [0.18078, 51.62559], [0.18084, 51.62559], [0.18087, 51.62559], [0.18091, 51.6256], [0.18061, 51.62574], [0.18124, 51.62583], [0.18267, 51.62573], [0.18346, 51.62536], [0.18525, 51.62467], [0.18584, 51.62436], [0.18593, 51.62437], [0.18624, 51.62453], [0.18627, 51.62456], [0.186, 51.62552], [0.18602, 51.62552], [0.18837, 51.62541], [0.1894, 51.62449], [0.18981, 51.6251], [0.19478, 51.62571], [0.20031, 51.62494], [0.20361, 51.62517], [0.2085, 51.62669], [0.21225, 51.62698], [0.21211, 51.62719], [0.21755, 51.62909], [0.22208, 51.63013], [0.22409, 51.63174], [0.23732, 51.62406], [0.25279, 51.61743], [0.25769, 51.61418], [0.25905, 51.61228], [0.26456, 51.60832], [0.26433, 51.60783], [0.26312, 51.60732], [0.26168, 51.60746], [0.26167, 51.60746], [0.26138, 51.60738], [0.26156, 51.60744], [0.25808, 51.60651], [0.258, 51.60491], [0.25727, 51.60496], [0.25723, 51.60496], [0.2572, 51.60495], [0.25716, 51.60493], [0.25663, 51.60361], [0.25517, 51.60267], [0.25486, 51.60275], [0.25476, 51.60275], [0.2547, 51.60273], [0.25417, 51.60224], [0.25276, 51.60335]], [[0.15536, 51.56542], [0.1555, 51.56533], [0.15584, 51.56521], [0.15536, 51.56542]], [[0.15652, 51.56492], [0.1565, 51.56494], [0.1564, 51.56501], [0.15637, 51.56502], [0.15592, 51.56521], [0.15652, 51.56492]], [[0.15993, 51.56292], [0.15994, 51.56287], [0.16004, 51.56271], [0.15993, 51.56292]], [[0.18376, 51.56323], [0.18379, 51.56334], [0.1837, 51.56311], [0.18376, 51.56323]], [[0.18277, 51.56113], [0.1836, 51.56058], [0.18267, 51.56133], [0.18277, 51.56113]], [[0.18467, 51.56001], [0.18476, 51.55993], [0.18458, 51.5602], [0.18467, 51.56001]], [[0.18476, 51.55971], [0.18474, 51.55966], [0.18472, 51.55959], [0.18473, 51.55957], [0.18476, 51.55971]], [[0.18476, 51.55929], [0.18486, 51.55921], [0.18476, 51.55942], [0.18476, 51.55929]], [[0.1846, 51.55875], [0.18459, 51.55871], [0.18464, 51.55866], [0.18478, 51.55886], [0.1846, 51.55875]], [[0.1846, 51.55829], [0.18458, 51.55839], [0.18455, 51.55836], [0.1846, 51.55829]], [[0.18446, 51.55785], [0.1845, 51.55808], [0.18442, 51.558], [0.18446, 51.55785]], [[0.1847, 51.55739], [0.18485, 51.55721], [0.1847, 51.55742], [0.18444, 51.55764], [0.18443, 51.55769], [0.18443, 51.55762], [0.1847, 51.55739]], [[0.18478, 51.55703], [0.18489, 51.55684], [0.18505, 51.55674], [0.18478, 51.55703]], [[0.18477, 51.55648], [0.18475, 51.55642], [0.18481, 51.55639], [0.18496, 51.55637], [0.18477, 51.55648]], [[0.18512, 51.55634], [0.18587, 51.55634], [0.18548, 51.55641], [0.18496, 51.55637], [0.18512, 51.55634]], [[0.186, 51.55621], [0.18632, 51.55608], [0.1859, 51.55634], [0.18587, 51.55634], [0.186, 51.55621]], [[0.18651, 51.55586], [0.1867, 51.55585], [0.18633, 51.55606], [0.18651, 51.55586]], [[0.18727, 51.55541], [0.18771, 51.5549], [0.1874, 51.55535], [0.18698, 51.55567], [0.18727, 51.55541]], [[0.1875, 51.55462], [0.18757, 51.55453], [0.18772, 51.5548], [0.1875, 51.55462]], [[0.18758, 51.55451], [0.18801, 51.55439], [0.18783, 51.55419], [0.18786, 51.55412], [0.18791, 51.55408], [0.18807, 51.55435], [0.18798, 51.55443], [0.18758, 51.55451]], [[0.18793, 51.55405], [0.188, 51.55402], [0.18817, 51.55401], [0.18839, 51.55392], [0.18846, 51.55389], [0.18851, 51.55388], [0.18825, 51.55401], [0.18791, 51.55408], [0.18793, 51.55405]], [[0.18853, 51.55387], [0.18867, 51.55357], [0.18922, 51.55326], [0.18967, 51.55312], [0.18993, 51.55279], [0.19017, 51.55272], [0.18969, 51.55312], [0.18853, 51.55387]], [[0.1902, 51.55269], [0.19019, 51.55271], [0.19017, 51.55272], [0.1902, 51.55269]], [[0.19, 51.55229], [0.18988, 51.55216], [0.18974, 51.55198], [0.18971, 51.55181], [0.19008, 51.55236], [0.19014, 51.55261], [0.19, 51.55229]], [[0.18961, 51.5515], [0.18969, 51.55163], [0.1897, 51.55176], [0.18961, 51.5515]], [[0.18724, 51.54947], [0.18747, 51.55001], [0.18749, 51.55008], [0.18751, 51.5502], [0.1884, 51.55076], [0.18908, 51.55123], [0.18913, 51.55128], [0.18917, 51.55131], [0.18749, 51.5502], [0.18637, 51.54794], [0.18654, 51.54818], [0.18724, 51.54947]], [[0.18541, 51.54713], [0.18593, 51.54733], [0.18637, 51.54794], [0.18541, 51.54713]], [[0.18235, 51.54566], [0.18186, 51.54536], [0.18038, 51.5441], [0.18011, 51.54375], [0.18003, 51.54349], [0.18003, 51.54348], [0.18003, 51.54344], [0.18235, 51.54566]], [[0.18532, 51.5471], [0.18299, 51.54604], [0.18235, 51.54566], [0.18532, 51.5471]], [[0.17982, 51.54309], [0.17983, 51.54299], [0.17986, 51.54322], [0.17982, 51.54309]], [[0.17966, 51.54261], [0.17963, 51.5425], [0.1797, 51.54271], [0.17966, 51.54261]], [[0.17971, 51.54189], [0.17973, 51.54179], [0.17975, 51.54187], [0.17964, 51.54208], [0.17971, 51.54189]], [[0.17934, 51.54061], [0.17968, 51.54126], [0.17968, 51.54136], [0.17934, 51.54061]], [[0.17927, 51.54043], [0.17927, 51.54035], [0.1793, 51.54054], [0.17927, 51.54043]], [[0.17885, 51.5401], [0.17905, 51.54021], [0.1789, 51.54014], [0.17885, 51.5401]], [[0.17873, 51.54], [0.1788, 51.54005], [0.1788, 51.54006], [0.17873, 51.54]], [[0.17811, 51.53956], [0.17821, 51.5396], [0.17839, 51.53971], [0.17811, 51.53956]], [[0.17321, 51.53656], [0.17342, 51.53684], [0.17363, 51.53715], [0.17321, 51.53656]], [[0.17284, 51.53615], [0.17314, 51.53646], [0.17321, 51.53656], [0.17284, 51.53615]], [[0.17239, 51.53565], [0.17222, 51.53523], [0.17254, 51.53583], [0.17239, 51.53565]], [[0.17198, 51.53486], [0.17193, 51.53426], [0.17196, 51.5344], [0.17198, 51.53486]], [[0.17143, 51.53358], [0.17117, 51.53311], [0.17173, 51.53387], [0.17191, 51.53418], [0.17193, 51.53426], [0.17143, 51.53358]], [[0.17031, 51.53235], [0.17013, 51.53221], [0.17055, 51.53249], [0.17031, 51.53235]], [[0.1692, 51.5315], [0.16927, 51.53153], [0.16961, 51.53181], [0.1692, 51.5315]], [[0.16851, 51.53094], [0.16857, 51.53099], [0.16859, 51.53101], [0.16867, 51.53117], [0.16851, 51.53094]], [[0.16792, 51.53064], [0.16805, 51.53078], [0.16797, 51.53072], [0.16792, 51.53064]], [[0.16749, 51.52998], [0.16771, 51.53028], [0.16758, 51.53019], [0.16749, 51.52998]], [[0.16736, 51.52989], [0.16741, 51.52991], [0.16746, 51.52995], [0.16736, 51.52989]], [[0.16646, 51.52907], [0.16649, 51.52909], [0.16654, 51.52935], [0.16646, 51.52907]], [[0.16594, 51.52875], [0.16615, 51.52888], [0.16598, 51.52882], [0.16594, 51.52875]], [[0.16583, 51.5286], [0.1655, 51.52846], [0.16494, 51.5275], [0.16583, 51.5286]], [[0.16449, 51.52708], [0.16445, 51.52698], [0.16445, 51.52695], [0.16448, 51.52685], [0.16449, 51.52708]], [[0.1645, 51.52676], [0.16448, 51.52669], [0.1645, 51.52673], [0.1645, 51.52676]], [[0.17811, 51.55357], [0.17823, 51.55289], [0.17944, 51.55344], [0.17811, 51.55357]], [[0.1374, 51.5938], [0.13749, 51.59386], [0.13606, 51.59315], [0.1374, 51.5938]], [[0.14812, 51.59661], [0.14815, 51.59678], [0.14765, 51.5968], [0.14765, 51.59679], [0.14812, 51.59661]], [[0.14809, 51.59649], [0.14807, 51.59636], [0.1498, 51.59705], [0.14809, 51.59649]], [[0.14984, 51.59706], [0.15101, 51.59556], [0.15114, 51.59545], [0.14984, 51.59706]], [[0.15069, 51.5919], [0.1507, 51.5919], [0.15071, 51.59208], [0.15069, 51.5919]], [[0.151, 51.5852], [0.151, 51.58488], [0.15127, 51.58961], [0.15128, 51.58988], [0.15127, 51.58993], [0.151, 51.5852]], [[0.15089, 51.58349], [0.15092, 51.58361], [0.15073, 51.58316], [0.15089, 51.58349]], [[0.15071, 51.58311], [0.15062, 51.58302], [0.15067, 51.58305], [0.15071, 51.58311]], [[0.14972, 51.5824], [0.14966, 51.58232], [0.1498, 51.58243], [0.14972, 51.5824]], [[0.14921, 51.5818], [0.14864, 51.58113], [0.14858, 51.58098], [0.14856, 51.58078], [0.14938, 51.58193], [0.14921, 51.5818]], [[0.14743, 51.58082], [0.14734, 51.57952], [0.14748, 51.58079], [0.14856, 51.58078], [0.14743, 51.58082]], [[0.14721, 51.57796], [0.1471, 51.57666], [0.14726, 51.57793], [0.14734, 51.57944], [0.14721, 51.57796]], [[0.16605, 51.56836], [0.16604, 51.56806], [0.16649, 51.56806], [0.16648, 51.56841], [0.16605, 51.56836]], [[0.14495, 51.61589], [0.14448, 51.61671], [0.14438, 51.61683], [0.14406, 51.61705], [0.14531, 51.61497], [0.14495, 51.61589]], [[0.14661, 51.6136], [0.14551, 51.61453], [0.14752, 51.61227], [0.14661, 51.6136]], [[0.14784, 51.61092], [0.14777, 51.61154], [0.14754, 51.61223], [0.14784, 51.61092]], [[0.14817, 51.60988], [0.1486, 51.60892], [0.14854, 51.6091], [0.14817, 51.60988]], [[0.09728, 51.59874], [0.09811, 51.59741], [0.1012, 51.5983], [0.10028, 51.59958], [0.09728, 51.59874]], [[0.25799, 51.60651], [0.25741, 51.60633], [0.25757, 51.60608], [0.25797, 51.60613], [0.25799, 51.60651]], [[0.22489, 51.6302], [0.22436, 51.62977], [0.22588, 51.62928], [0.22607, 51.6295], [0.22489, 51.6302]], [[0.21785, 51.62711], [0.2184, 51.6269], [0.22001, 51.62835], [0.21926, 51.62861], [0.21785, 51.62711]], [[0.18873, 51.6025], [0.18875, 51.60282], [0.18844, 51.60282], [0.18854, 51.60238], [0.18873, 51.6025]]], [[[0.11345, 51.61555], [0.11228, 51.61507], [0.11665, 51.6169], [0.11345, 51.61555]]], [[[0.09715, 51.61503], [0.09621, 51.61483], [0.09806, 51.61542], [0.09715, 51.61503]]], [[[0.09296, 51.61375], [0.09488, 51.6144], [0.09364, 51.61397], [0.09296, 51.61375]]], [[[0.0565, 51.61007], [0.05395, 51.61131], [0.05792, 51.60953], [0.0565, 51.61007]]], [[[0.05409, 51.6179], [0.05399, 51.61801], [0.05435, 51.6177], [0.05409, 51.6179]]], [[[0.05299, 51.61645], [0.05215, 51.6168], [0.05265, 51.6167], [0.05299, 51.61645]]], [[[0.00353, 51.64154], [0.00147, 51.64175], [0.00553, 51.6416], [0.00353, 51.64154]]], [[[0.01146, 51.64119], [0.01136, 51.64122], [0.01169, 51.64117], [0.01146, 51.64119]]], [[[0.01812, 51.64026], [0.01742, 51.64026], [0.02008, 51.64045], [0.01812, 51.64026]]], [[[0.22606, 51.50579], [0.2262, 51.50547], [0.22603, 51.50575], [0.22606, 51.50579]]], [[[0.24148, 51.51045], [0.24151, 51.51059], [0.24157, 51.5102], [0.24148, 51.51045]]], [[[0.24006, 51.51324], [0.24047, 51.51334], [0.24002, 51.51308], [0.24006, 51.51324]]], [[[0.24002, 51.51935], [0.23737, 51.51934], [0.23793, 51.51936], [0.24002, 51.51935]]], [[[0.24096, 51.52225], [0.24076, 51.52135], [0.24075, 51.52147], [0.24096, 51.52225]]], [[[0.24692, 51.52685], [0.24697, 51.52687], [0.24659, 51.52667], [0.24692, 51.52685]]], [[[0.24941, 51.52871], [0.24911, 51.52869], [0.24919, 51.5287], [0.24941, 51.52871]]], [[[0.26968, 51.53294], [0.27048, 51.53305], [0.2695, 51.53288], [0.26968, 51.53294]]], [[[0.27265, 51.53319], [0.27422, 51.53297], [0.27085, 51.53309], [0.27265, 51.53319]]], [[[0.2899, 51.53453], [0.29019, 51.53449], [0.28857, 51.53454], [0.2899, 51.53453]]], [[[0.30638, 51.53908], [0.30424, 51.53896], [0.3054, 51.53905], [0.30638, 51.53908]]], [[[0.30683, 51.53911], [0.30751, 51.53916], [0.30913, 51.53924], [0.30683, 51.53911]]], [[[0.33358, 51.54182], [0.33362, 51.54188], [0.33347, 51.54155], [0.33358, 51.54182]]], [[[0.26947, 51.59561], [0.26933, 51.5953], [0.26937, 51.59547], [0.26947, 51.59561]]], [[[0.27246, 51.58745], [0.27242, 51.58748], [0.27292, 51.58724], [0.27246, 51.58745]]], [[[0.2853, 51.57398], [0.28505, 51.57417], [0.28609, 51.57378], [0.2853, 51.57398]]], [[[0.28209, 51.57856], [0.28204, 51.57878], [0.28273, 51.57772], [0.28209, 51.57856]]], [[[0.12885, 51.62069], [0.12905, 51.62111], [0.12888, 51.6207], [0.12885, 51.62069]]], [[[0.12704, 51.6199], [0.1261, 51.61964], [0.12829, 51.62046], [0.12704, 51.6199]]], [[[0.25486, 51.60275], [0.25493, 51.6027], [0.2547, 51.60273], [0.25486, 51.60275]]], [[[0.2573, 51.60495], [0.25745, 51.60492], [0.25716, 51.60493], [0.2573, 51.60495]]], [[[0.18279, 51.62573], [0.18334, 51.62549], [0.18307, 51.62558], [0.18279, 51.62573]]], [[[0.02015, 51.60471], [0.01928, 51.603], [0.01913, 51.60359], [0.01811, 51.60383], [0.01777, 51.60416], [0.01732, 51.60323], [0.01609, 51.60343], [0.01804, 51.60576], [0.01915, 51.60772], [0.0202, 51.60723], [0.02105, 51.60837], [0.02215, 51.60809], [0.02305, 51.60934], [0.02185, 51.60962], [0.02232, 51.61033], [0.02129, 51.61032], [0.0211, 51.61049], [0.02142, 51.61165], [0.02299, 51.61117], [0.02517, 51.61474], [0.02548, 51.61479], [0.0256, 51.61431], [0.02716, 51.61359], [0.02511, 51.61215], [0.02424, 51.61111], [0.0223, 51.6072], [0.02015, 51.60471]]], [[[0.03292, 51.62213], [0.03747, 51.61833], [0.03549, 51.61997], [0.03476, 51.62043], [0.03753, 51.61802], [0.03739, 51.61773], [0.03513, 51.61669], [0.03388, 51.61701], [0.03237, 51.61776], [0.03146, 51.62018], [0.03128, 51.62163], [0.03171, 51.62174], [0.03191, 51.62276], [0.03281, 51.62219], [0.03429, 51.62075], [0.03471, 51.62047], [0.03292, 51.62213]]], [[[0.19178, 51.45313], [0.1939, 51.45325], [0.19494, 51.45364], [0.19594, 51.45448], [0.19706, 51.4561], [0.19843, 51.45595], [0.20259, 51.45619], [0.20387, 51.4558], [0.20324, 51.45493], [0.20331, 51.45429], [0.2025, 51.45388], [0.20203, 51.4541], [0.20197, 51.4541], [0.20196, 51.4541], [0.20134, 51.45384], [0.20127, 51.45337], [0.20118, 51.4537], [0.20118, 51.45333], [0.20075, 51.45321], [0.20064, 51.45317], [0.20025, 51.45257], [0.19975, 51.45272], [0.19913, 51.45214], [0.19842, 51.45205], [0.19834, 51.45203], [0.19905, 51.45211], [0.19744, 51.45178], [0.19634, 51.45248], [0.19426, 51.45167], [0.19447, 51.45184], [0.19418, 51.45166], [0.19403, 51.45189], [0.19389, 51.45195], [0.19302, 51.4517], [0.19222, 51.45097], [0.19188, 51.45092], [0.19178, 51.45313]], [[0.19574, 51.45232], [0.19577, 51.45235], [0.19573, 51.45233], [0.19574, 51.45232]], [[0.19758, 51.45193], [0.19774, 51.45191], [0.19763, 51.45196], [0.19758, 51.45193]], [[0.19908, 51.45235], [0.19938, 51.45241], [0.19907, 51.45237], [0.19908, 51.45235]], [[0.20027, 51.45266], [0.20028, 51.45267], [0.20028, 51.45268], [0.20027, 51.45266]]], [[[0.194, 51.45187], [0.19403, 51.45178], [0.19386, 51.45192], [0.194, 51.45187]]], [[[0.20205, 51.45408], [0.20211, 51.45404], [0.20197, 51.4541], [0.20205, 51.45408]]], [[[0.20095, 51.45813], [0.20098, 51.45821], [0.20305, 51.45795], [0.20312, 51.45782], [0.20095, 51.45813]]], [[[0.21672, 51.48017], [0.21599, 51.47948], [0.21627, 51.47747], [0.21566, 51.47686], [0.21254, 51.47616], [0.2119, 51.47583], [0.21127, 51.47528], [0.21136, 51.47323], [0.20886, 51.47175], [0.20816, 51.47084], [0.20896, 51.46993], [0.21101, 51.46843], [0.21095, 51.46735], [0.20998, 51.46557], [0.21024, 51.4625], [0.2075, 51.4616], [0.20444, 51.45998], [0.20261, 51.45835], [0.20105, 51.45842], [0.20122, 51.45971], [0.20025, 51.4606], [0.19879, 51.46044], [0.19621, 51.46272], [0.1935, 51.46572], [0.19341, 51.46751], [0.19397, 51.46756], [0.19391, 51.46893], [0.19601, 51.46918], [0.19568, 51.47003], [0.19756, 51.47], [0.19756, 51.47041], [0.19901, 51.47026], [0.19915, 51.47153], [0.19883, 51.47256], [0.20106, 51.47285], [0.20224, 51.47322], [0.20096, 51.4738], [0.19831, 51.47626], [0.19662, 51.47684], [0.19681, 51.47956], [0.19728, 51.47965], [0.19751, 51.47947], [0.19708, 51.47926], [0.1972, 51.47925], [0.19771, 51.47943], [0.19775, 51.47938], [0.19857, 51.47968], [0.19894, 51.47943], [0.19828, 51.47932], [0.19786, 51.47879], [0.19754, 51.47889], [0.19741, 51.47886], [0.1978, 51.4788], [0.19731, 51.47847], [0.19787, 51.47844], [0.19772, 51.4786], [0.1991, 51.47944], [0.19924, 51.47997], [0.19949, 51.47991], [0.19929, 51.48009], [0.20058, 51.48007], [0.20012, 51.47895], [0.19917, 51.47862], [0.19936, 51.47889], [0.19962, 51.47885], [0.19937, 51.47892], [0.19911, 51.47877], [0.19888, 51.47854], [0.19857, 51.47823], [0.20009, 51.47838], [0.20215, 51.47899], [0.20221, 51.47953], [0.20186, 51.48018], [0.20254, 51.4802], [0.20263, 51.4802], [0.20321, 51.48034], [0.20209, 51.48028], [0.20226, 51.4806], [0.20479, 51.48084], [0.20286, 51.4796], [0.20308, 51.47973], [0.20296, 51.47964], [0.20304, 51.47967], [0.20323, 51.47981], [0.20358, 51.47994], [0.20507, 51.48089], [0.20552, 51.48042], [0.20631, 51.48072], [0.20635, 51.48128], [0.20797, 51.48142], [0.20922, 51.48182], [0.20962, 51.48164], [0.21035, 51.48248], [0.21168, 51.48271], [0.21766, 51.48041], [0.21672, 51.48017]], [[0.21187, 51.4782], [0.20944, 51.47674], [0.20743, 51.47494], [0.21061, 51.47373], [0.21092, 51.47528], [0.21155, 51.47601], [0.21542, 51.47741], [0.21462, 51.47858], [0.21504, 51.4798], [0.21543, 51.47976], [0.21578, 51.4806], [0.21347, 51.48171], [0.21142, 51.48236], [0.21059, 51.48195], [0.20894, 51.48048], [0.2074, 51.4805], [0.21187, 51.4782]]], [[[0.19718, 51.47927], [0.19708, 51.47926], [0.19732, 51.47932], [0.19718, 51.47927]]], [[[0.19767, 51.47847], [0.19749, 51.47847], [0.19766, 51.47856], [0.19767, 51.47847]]], [[[0.20033, 51.47935], [0.20036, 51.47939], [0.20037, 51.47936], [0.20033, 51.47935]]], [[[0.20027, 51.47922], [0.2003, 51.47927], [0.2003, 51.47926], [0.20027, 51.47922]]], [[[0.19991, 51.47882], [0.19996, 51.47884], [0.19994, 51.47882], [0.19991, 51.47882]]], [[[0.19911, 51.47874], [0.19925, 51.47882], [0.19904, 51.47866], [0.19911, 51.47874]]], [[[0.19896, 51.47839], [0.19913, 51.47836], [0.19872, 51.47833], [0.19896, 51.47839]]], [[[0.20185, 51.47978], [0.20186, 51.47979], [0.20188, 51.4797], [0.20185, 51.47978]]], [[[0.20254, 51.4802], [0.20227, 51.48023], [0.20321, 51.48034], [0.20254, 51.4802]]], [[[0.20353, 51.47996], [0.20333, 51.47987], [0.20371, 51.48009], [0.20353, 51.47996]]], [[[0.2018, 51.48003], [0.20167, 51.47969], [0.20205, 51.47902], [0.20147, 51.47901], [0.2001, 51.47842], [0.19919, 51.47836], [0.19899, 51.47841], [0.19883, 51.47839], [0.19972, 51.47862], [0.20013, 51.47891], [0.20045, 51.47938], [0.20052, 51.47975], [0.20092, 51.47945], [0.20112, 51.47952], [0.20063, 51.47981], [0.2013, 51.48016], [0.2018, 51.48003]]], [[[0.20207, 51.47943], [0.20208, 51.47927], [0.20202, 51.47954], [0.20207, 51.47943]]], [[[0.20081, 51.47956], [0.20069, 51.47968], [0.20098, 51.47957], [0.20081, 51.47956]]], [[[0.10053, 51.57263], [0.09694, 51.57284], [0.09948, 51.57469], [0.09999, 51.57494], [0.10083, 51.5749], [0.10112, 51.5754], [0.10075, 51.57784], [0.10521, 51.58004], [0.10578, 51.58056], [0.10653, 51.58079], [0.10803, 51.58058], [0.10715, 51.57962], [0.10649, 51.57827], [0.1065, 51.57716], [0.107, 51.5764], [0.10426, 51.57654], [0.10702, 51.57637], [0.1073, 51.57589], [0.10733, 51.57456], [0.1058, 51.57335], [0.10562, 51.57233], [0.10072, 51.57262], [0.10051, 51.57237], [0.10053, 51.57263]]], [[[0.20651, 51.60855], [0.20566, 51.60811], [0.20667, 51.60867], [0.20714, 51.60878], [0.20651, 51.60855]]]]}}]}